{"type":"FeatureCollection","source":"\u00a9 OpenStreetMap contributors","license":"ODbL 1.0","snapshotDate":"2026-10-06","features":[{"type":"Feature","id":"37895749","properties":{"kind":"lift","name":"Lions Express Quad","osmWayId":"37895749"},"geometry":{"type":"LineString","coordinates":[[-123.2035787,49.3972903],[-123.2035046,49.3973575],[-123.2031999,49.3976129],[-123.202685,49.3979968],[-123.202063,49.3984838],[-123.201368,49.3990273],[-123.200505,49.3997028],[-123.199688,49.4003412],[-123.198945,49.4009231],[-123.198359,49.4013816],[-123.197805,49.4018147],[-123.197014,49.4024331],[-123.196185,49.4030821],[-123.195179,49.4038687],[-123.195068,49.4039557],[-123.194958,49.4040431]]}},{"type":"Feature","id":"37895750","properties":{"kind":"lift","name":"Sky Quad","osmWayId":"37895750"},"geometry":{"type":"LineString","coordinates":[[-123.195704,49.4053358],[-123.195732,49.4055173],[-123.1957761,49.4058025],[-123.1958768,49.4064546],[-123.1960236,49.4074047],[-123.1961482,49.4082113],[-123.1962783,49.4090536],[-123.1963497,49.4095156],[-123.1964149,49.4099376],[-123.1964526,49.4101818]]}},{"type":"Feature","id":"37928827","properties":{"kind":"lift","name":"Eagle Express Quad","osmWayId":"37928827"},"geometry":{"type":"LineString","coordinates":[[-123.2061553,49.3971674],[-123.2063276,49.3970332],[-123.206845,49.396631],[-123.207329,49.3962548],[-123.208141,49.3956231],[-123.20909,49.3948852],[-123.21017,49.3940454],[-123.211304,49.3931639],[-123.212388,49.392321],[-123.212754,49.3920367],[-123.213067,49.3917933],[-123.213252,49.3916475]]}},{"type":"Feature","id":"39503879","properties":{"kind":"path","name":"Nordic/snowshoeing","osmWayId":"39503879"},"geometry":{"type":"LineString","coordinates":[[-123.1906286,49.3831295],[-123.1903938,49.3829678],[-123.1902525,49.3828373],[-123.1901858,49.382726],[-123.190172,49.3827028],[-123.190185,49.3825942],[-123.1902613,49.3824506],[-123.1907537,49.3817885],[-123.1910537,49.380636],[-123.1912136,49.3800238],[-123.1913704,49.37967],[-123.191487,49.3795255],[-123.1916791,49.3792875],[-123.19192,49.3791691],[-123.1923864,49.3790188],[-123.1927554,49.378939],[-123.1931049,49.3788778],[-123.1935883,49.3787021],[-123.1938197,49.378401],[-123.1938625,49.3780895],[-123.1936707,49.3774907],[-123.1936607,49.3774352],[-123.1936524,49.3765882],[-123.1932195,49.3750821],[-123.1928982,49.3744914]]}},{"type":"Feature","id":"39984313","properties":{"kind":"path","name":"Black Mountain Loop","osmWayId":"39984313"},"geometry":{"type":"LineString","coordinates":[[-123.2190032,49.3917741],[-123.2190041,49.391744],[-123.2189729,49.3916714],[-123.2189192,49.3915967],[-123.2188289,49.3915283],[-123.2187585,49.3915018],[-123.2186946,49.3914627],[-123.2186546,49.3913943],[-123.2186357,49.3913054],[-123.2186429,49.3912112],[-123.2186556,49.3911861],[-123.2187132,49.3911836],[-123.2187951,49.3911864],[-123.2188922,49.3911876],[-123.2189639,49.3911805],[-123.2190032,49.3911402],[-123.2190235,49.3910683],[-123.2190282,49.3909948],[-123.2190023,49.3908907],[-123.2189869,49.3907931],[-123.2190167,49.3906919],[-123.2189875,49.3906372],[-123.2189915,49.3905884],[-123.21897,49.3905479],[-123.2189096,49.3905137],[-123.2188378,49.3904977],[-123.2187979,49.3904757],[-123.2187811,49.3904488],[-123.2188111,49.390415],[-123.2188354,49.3903854],[-123.2188011,49.3903554],[-123.2186829,49.3903422],[-123.2186196,49.3903214],[-123.2186444,49.390294],[-123.2187278,49.3902483],[-123.2187863,49.3901786],[-123.2188012,49.3901254],[-123.2187902,49.3900855],[-123.2187435,49.3900256],[-123.218747,49.3899773],[-123.2187992,49.3898996],[-123.2189919,49.3897322],[-123.2191079,49.3896665],[-123.2192157,49.3896508],[-123.2193464,49.3896108],[-123.2194337,49.3895642],[-123.2194603,49.3895159],[-123.2194982,49.3895023],[-123.2195597,49.3895092],[-123.2195999,49.3895735],[-123.2196618,49.3896653],[-123.2197139,49.3897489],[-123.2197099,49.3897993],[-123.2197479,49.3898453],[-123.2198059,49.3898526],[-123.2198633,49.3898405],[-123.2199767,49.3897873],[-123.2200984,49.3897495],[-123.2202004,49.3897019]]}},{"type":"Feature","id":"40019661","properties":{"kind":"path","name":"Upper Powerline","osmWayId":"40019661"},"geometry":{"type":"LineString","coordinates":[[-123.1847239,49.3826337],[-123.184782,49.3826143],[-123.1848907,49.3825745],[-123.1850798,49.3824988]]}},{"type":"Feature","id":"40019671","properties":{"kind":"path","name":"Upper Powerline","osmWayId":"40019671"},"geometry":{"type":"LineString","coordinates":[[-123.1837588,49.3828009],[-123.1835717,49.3828998],[-123.1833194,49.3829648],[-123.1830922,49.3829788],[-123.1829818,49.3829857],[-123.1828738,49.3830232],[-123.182704,49.3830555],[-123.182473,49.382998],[-123.1823711,49.382961],[-123.1821088,49.3829933],[-123.1818437,49.3830343],[-123.1813034,49.3830397],[-123.1808949,49.3830337]]}},{"type":"Feature","id":"40019673","properties":{"kind":"path","name":"Upper Powerline","osmWayId":"40019673"},"geometry":{"type":"LineString","coordinates":[[-123.1791407,49.3830797],[-123.1790128,49.3830646],[-123.1784065,49.3828703],[-123.1775425,49.382775]]}},{"type":"Feature","id":"40019801","properties":{"kind":"path","name":"Sidewinder","osmWayId":"40019801"},"geometry":{"type":"LineString","coordinates":[[-123.1883429,49.3803395],[-123.1882994,49.38017],[-123.188244,49.3800608],[-123.1882154,49.3799465],[-123.1881854,49.3797937],[-123.188201,49.3796591],[-123.1882404,49.3795466],[-123.1882664,49.379385],[-123.1882342,49.3793353],[-123.1881871,49.3792249],[-123.1881185,49.3791567],[-123.1880421,49.3791098],[-123.1878611,49.3790484],[-123.1877698,49.3790025],[-123.1877292,49.3788717],[-123.1876105,49.378728],[-123.1874713,49.3784634],[-123.1872645,49.3782537],[-123.1872296,49.3781893],[-123.1872538,49.3780334],[-123.1873046,49.3779148],[-123.1872954,49.3778649]]}},{"type":"Feature","id":"40019818","properties":{"kind":"path","name":"Cross Glades","osmWayId":"40019818"},"geometry":{"type":"LineString","coordinates":[[-123.1879768,49.3806167],[-123.1879297,49.3805131],[-123.1878869,49.3802563],[-123.1878358,49.3801582],[-123.1877552,49.3800683],[-123.1874744,49.3798468],[-123.1873367,49.3796449],[-123.18726,49.3795502],[-123.1872449,49.3793622],[-123.1870775,49.3791201],[-123.1865933,49.3788016],[-123.186323,49.3783274],[-123.1861892,49.378313],[-123.1856323,49.3784707]]}},{"type":"Feature","id":"40019879","properties":{"kind":"path","name":"Brothers Canyon West","osmWayId":"40019879"},"geometry":{"type":"LineString","coordinates":[[-123.1767551,49.3802093],[-123.1768607,49.380092],[-123.1773059,49.3798646],[-123.1776731,49.3796956],[-123.1778974,49.379557],[-123.1780593,49.3793733],[-123.1781978,49.3792789],[-123.1783426,49.3792073],[-123.1785502,49.3791415],[-123.1786502,49.3791209],[-123.1787504,49.3791183],[-123.1790594,49.3791966],[-123.1791922,49.3792239],[-123.1793566,49.3792091],[-123.1796602,49.3791268],[-123.1798826,49.379043]]}},{"type":"Feature","id":"40019916","properties":{"kind":"path","name":"Baden Powell Trail","osmWayId":"40019916"},"geometry":{"type":"LineString","coordinates":[[-123.1816066,49.3809042],[-123.1815269,49.3810363],[-123.1812362,49.3812979],[-123.1810203,49.3816801],[-123.180838,49.3822672]]}},{"type":"Feature","id":"40019921","properties":{"kind":"path","name":"Upper Powerline","osmWayId":"40019921"},"geometry":{"type":"LineString","coordinates":[[-123.1740961,49.3830252],[-123.1741403,49.3831684],[-123.1742202,49.383317],[-123.1743656,49.3834398],[-123.1745118,49.3834949],[-123.1747013,49.383502],[-123.1748152,49.3834654],[-123.1748789,49.383383],[-123.1746834,49.3831873]]}},{"type":"Feature","id":"40040374","properties":{"kind":"lift","name":"Raven Ridge Quad","osmWayId":"40040374"},"geometry":{"type":"LineString","coordinates":[[-123.1979441,49.3887694],[-123.1981358,49.3887928],[-123.1982305,49.388802],[-123.1987571,49.3888587],[-123.1988886,49.3888713],[-123.1998594,49.3889616],[-123.2010693,49.3890833],[-123.2026999,49.3892429],[-123.2040556,49.3893734],[-123.2047198,49.3894383],[-123.2051969,49.3894852],[-123.2069781,49.3896517],[-123.2082782,49.389797],[-123.2089023,49.3898682],[-123.2089845,49.3898726],[-123.209077,49.3898765],[-123.2092918,49.3898869]]}},{"type":"Feature","id":"40040386","properties":{"kind":"connector","name":"","osmWayId":"40040386"},"geometry":{"type":"LineString","coordinates":[[-123.2077411,49.3889546],[-123.2071115,49.3891254],[-123.2068382,49.3891996]]}},{"type":"Feature","id":"40040387","properties":{"kind":"connector","name":"","osmWayId":"40040387"},"geometry":{"type":"LineString","coordinates":[[-123.207414,49.3893229],[-123.2071115,49.3891254],[-123.2068227,49.3889368]]}},{"type":"Feature","id":"40040389","properties":{"kind":"connector","name":"","osmWayId":"40040389"},"geometry":{"type":"LineString","coordinates":[[-123.2040896,49.3907501],[-123.2033086,49.3902269],[-123.2030793,49.3901585],[-123.2019779,49.3897839]]}},{"type":"Feature","id":"40040444","properties":{"kind":"connector","name":"","osmWayId":"40040444"},"geometry":{"type":"LineString","coordinates":[[-123.2001203,49.3911986],[-123.2000475,49.3910665],[-123.1999663,49.3909481]]}},{"type":"Feature","id":"40040629","properties":{"kind":"lift","name":"Midway Chair","osmWayId":"40040629"},"geometry":{"type":"LineString","coordinates":[[-123.2025626,49.3964188],[-123.202446,49.396495],[-123.202181,49.3966698],[-123.201828,49.3969015],[-123.200724,49.3976282],[-123.199854,49.3982002],[-123.198644,49.3989961],[-123.1982383,49.3992755]]}},{"type":"Feature","id":"40040634","properties":{"kind":"lift","name":"Easy Rider Quad","osmWayId":"40040634"},"geometry":{"type":"LineString","coordinates":[[-123.2022822,49.3961272],[-123.201742,49.3961963],[-123.200705,49.3963291],[-123.199576,49.3964736],[-123.198705,49.3965851],[-123.1981283,49.3966589]]}},{"type":"Feature","id":"40040683","properties":{"kind":"connector","name":"","osmWayId":"40040683"},"geometry":{"type":"LineString","coordinates":[[-123.1947954,49.4041615],[-123.1947325,49.4042701],[-123.1947064,49.4043804]]}},{"type":"Feature","id":"40040697","properties":{"kind":"connector","name":"","osmWayId":"40040697"},"geometry":{"type":"LineString","coordinates":[[-123.1947949,49.4046492],[-123.19491,49.4048848],[-123.1948391,49.4051737],[-123.1949869,49.4053395],[-123.1950812,49.4054809],[-123.1951802,49.4055348],[-123.19529,49.4055585]]}},{"type":"Feature","id":"40040699","properties":{"kind":"connector","name":"","osmWayId":"40040699"},"geometry":{"type":"LineString","coordinates":[[-123.1965299,49.4035984],[-123.1959944,49.4030004]]}},{"type":"Feature","id":"40040704","properties":{"kind":"connector","name":"","osmWayId":"40040704"},"geometry":{"type":"LineString","coordinates":[[-123.1922799,49.403145],[-123.191939,49.403355],[-123.1916191,49.4037353]]}},{"type":"Feature","id":"40311911","properties":{"kind":"path","name":"Mount Strachan Trail","osmWayId":"40311911"},"geometry":{"type":"LineString","coordinates":[[-123.1940582,49.3958292],[-123.1938767,49.395932],[-123.19373,49.3960466],[-123.1935195,49.3961254],[-123.1933521,49.3961938],[-123.1932491,49.3961378],[-123.1929475,49.3960658],[-123.1926659,49.3960972],[-123.192456,49.3961588],[-123.1923321,49.3961114],[-123.1922098,49.3961714],[-123.1919441,49.396306],[-123.1916701,49.3965249],[-123.1914871,49.396792],[-123.1913095,49.3968391],[-123.1912275,49.3969276],[-123.1910926,49.3969556],[-123.1909622,49.3971098],[-123.1908298,49.3973943],[-123.1905582,49.3975102],[-123.1903551,49.3976668],[-123.1902147,49.3976914],[-123.1900225,49.3976519],[-123.1899446,49.3976056]]}},{"type":"Feature","id":"40311917","properties":{"kind":"path","name":"Hollyburn Peak Trail","osmWayId":"40311917"},"geometry":{"type":"LineString","coordinates":[[-123.1814094,49.3971235],[-123.1810222,49.3971312]]}},{"type":"Feature","id":"40311929","properties":{"kind":"path","name":"Howe Sound Crest Trail","osmWayId":"40311929"},"geometry":{"type":"LineString","coordinates":[[-123.2024612,49.3958255],[-123.2024896,49.3959353],[-123.2025153,49.3960205],[-123.2025694,49.3960851],[-123.2026347,49.3961711],[-123.202797,49.3963077],[-123.2028791,49.3964038],[-123.202973,49.3965097],[-123.2030261,49.3966114],[-123.2030578,49.3967465],[-123.203083,49.3968887],[-123.2032428,49.3971515]]}},{"type":"Feature","id":"40313342","properties":{"kind":"path","name":"Hollyburn Peak Trail","osmWayId":"40313342"},"geometry":{"type":"LineString","coordinates":[[-123.1804627,49.3920588],[-123.180263,49.3921635],[-123.1802103,49.3921677],[-123.1801419,49.392148],[-123.1801379,49.3921829],[-123.1801642,49.3922145],[-123.180213,49.3922734],[-123.1801921,49.3924243],[-123.1801232,49.3925075],[-123.180076,49.3925104]]}},{"type":"Feature","id":"43674870","properties":{"kind":"path","name":"Sunset Trail","osmWayId":"43674870"},"geometry":{"type":"LineString","coordinates":[[-123.2402444,49.4064465],[-123.2400137,49.4064553],[-123.2398209,49.406452],[-123.2397597,49.4064409],[-123.2397139,49.4064066],[-123.2396657,49.4063428],[-123.2396885,49.406236],[-123.2397075,49.4061817],[-123.2397004,49.4061671],[-123.2396726,49.4061647],[-123.239568,49.406204],[-123.2394654,49.4061991],[-123.2393833,49.406171],[-123.2393137,49.4060681],[-123.2392819,49.4060304],[-123.2392107,49.4060166],[-123.2391271,49.4060238],[-123.2388942,49.4062],[-123.2386524,49.4062713],[-123.2383287,49.4063384],[-123.2381623,49.4063648],[-123.2380536,49.4064262],[-123.2379514,49.4064882],[-123.2377538,49.4066747],[-123.2375333,49.4068923],[-123.2374612,49.4072254],[-123.2372409,49.4073777],[-123.2369793,49.4074763],[-123.2366213,49.407539],[-123.2363183,49.40753],[-123.2361806,49.4075569],[-123.2358777,49.4074942],[-123.2357676,49.4074942],[-123.2356712,49.4074584],[-123.2355059,49.4074584],[-123.2352581,49.4073777],[-123.2350102,49.4073957],[-123.2347293,49.4073558],[-123.2345653,49.4072897],[-123.2345983,49.4071037],[-123.2345065,49.4069949],[-123.2344917,49.4068929],[-123.2344044,49.4068491],[-123.2342358,49.4067089],[-123.2342313,49.4066187],[-123.2342073,49.4064917],[-123.2340463,49.4064011],[-123.2338811,49.4064011],[-123.2336608,49.4063384],[-123.2333441,49.4063832],[-123.2331926,49.4064011],[-123.23311,49.4065086],[-123.2327795,49.4066341],[-123.2324215,49.4066162],[-123.2321048,49.4066162],[-123.231912,49.406437],[-123.231678,49.4063653],[-123.2315265,49.4062399],[-123.2314439,49.4061771],[-123.2311409,49.4063026],[-123.230838,49.4063563],[-123.2306728,49.4062309],[-123.2305489,49.4060517],[-123.2305764,49.4058546],[-123.2306728,49.405765],[-123.230659,49.4055947],[-123.230659,49.4054155],[-123.230659,49.4051915],[-123.2306728,49.4051019],[-123.2306721,49.4050092],[-123.2306563,49.404923],[-123.2305351,49.4048063],[-123.2304249,49.4046987],[-123.2303285,49.4045375],[-123.2302046,49.4043941],[-123.2300945,49.4042418],[-123.2298604,49.4041163],[-123.2296401,49.4041343],[-123.2293784,49.4042507],[-123.2291443,49.4043762],[-123.2289378,49.4044927],[-123.2286762,49.4046808],[-123.2284741,49.4046871],[-123.228387,49.4046898],[-123.2280152,49.4047167],[-123.2275608,49.4047883],[-123.2272992,49.4048152],[-123.2270651,49.4047704],[-123.2270238,49.4047077],[-123.2269412,49.404645],[-123.2267622,49.404645],[-123.2266107,49.4046719],[-123.2263904,49.4048063],[-123.2261584,49.4048934],[-123.2260074,49.4049425],[-123.2258202,49.4050277],[-123.2255746,49.4051095],[-123.225394,49.4051671],[-123.2251098,49.4052095],[-123.2248895,49.4051557],[-123.2246967,49.4051647],[-123.224559,49.4051378],[-123.2244902,49.4050751],[-123.2242286,49.4050303],[-123.2240633,49.4049944],[-123.2237053,49.4049855],[-123.2236351,49.4049815],[-123.2235677,49.4049463],[-123.2235121,49.404942],[-123.2234423,49.4049507],[-123.2233583,49.4049759],[-123.2232922,49.4049675],[-123.2231785,49.4049327],[-123.223093,49.4048242],[-123.2228427,49.4046398],[-123.2227124,49.4045572],[-123.2224557,49.4044969],[-123.222346,49.4045181],[-123.2222646,49.4045521],[-123.2221017,49.4045521],[-123.2216933,49.4044215],[-123.2215255,49.4043894],[-123.2213083,49.4043894],[-123.2208936,49.4043251],[-123.2207049,49.4043491],[-123.2205245,49.4043494],[-123.2203539,49.4043612],[-123.2201812,49.404375],[-123.2199615,49.404221],[-123.2198423,49.4040729],[-123.2196021,49.4040182],[-123.219472,49.4039525],[-123.2194184,49.403789],[-123.2193758,49.403654],[-123.2192434,49.4035583],[-123.2190322,49.4035345],[-123.218888,49.4034108],[-123.2187544,49.4032616],[-123.218544,49.4031752],[-123.2184156,49.4030467],[-123.2182577,49.403021],[-123.2180503,49.4029953],[-123.2178941,49.402925],[-123.2177041,49.402786],[-123.2176139,49.4026868],[-123.2174028,49.4026248],[-123.2171467,49.4027025],[-123.2170023,49.4027557],[-123.2168599,49.4027311],[-123.2167253,49.4027839],[-123.2166618,49.402862],[-123.2165588,49.4029083],[-123.2164138,49.402903],[-123.2162834,49.4028276],[-123.2160265,49.4027383],[-123.2157007,49.4027383],[-123.2153749,49.4027704],[-123.2151651,49.4027782],[-123.2150223,49.4026988],[-123.2148838,49.4026633],[-123.214664,49.4026741],[-123.2143679,49.4027447],[-123.2142436,49.4027987],[-123.2140864,49.402807],[-123.2138893,49.4027551],[-123.21343,49.4028283],[-123.2130844,49.4028283],[-123.2128376,49.4029182],[-123.2125217,49.4029118],[-123.2123643,49.402952],[-123.2121771,49.4029185],[-123.2119482,49.4027347],[-123.2115864,49.4026672],[-123.2112768,49.4025471],[-123.2110225,49.4024708],[-123.2108706,49.4023653],[-123.2106501,49.4022633],[-123.2104215,49.4021638],[-123.2103334,49.4021037],[-123.2102432,49.4020031],[-123.2101383,49.4019707],[-123.2100509,49.4019715],[-123.2099113,49.4020269],[-123.2097574,49.4021408],[-123.2095461,49.4023961]]}},{"type":"Feature","id":"52715743","properties":{"kind":"wood","name":"","osmWayId":"52715743"},"geometry":{"type":"Polygon","coordinates":[[[-123.1855951,49.3820095],[-123.1858368,49.3819134],[-123.1858537,49.381774],[-123.1861015,49.3817227],[-123.1865803,49.381499],[-123.1869778,49.3808528],[-123.1870475,49.3806104],[-123.1867021,49.3805072],[-123.1864446,49.3804234],[-123.1864017,49.380605],[-123.1856507,49.3814432],[-123.1853524,49.3820087],[-123.1855951,49.3820095]]]}},{"type":"Feature","id":"52715745","properties":{"kind":"wood","name":"","osmWayId":"52715745"},"geometry":{"type":"Polygon","coordinates":[[[-123.1852,49.3821416],[-123.1849412,49.3821774],[-123.1850417,49.3816993],[-123.1855219,49.3795014],[-123.1859081,49.3795014],[-123.1861871,49.3795712],[-123.1860798,49.3799764],[-123.1861871,49.3803536],[-123.1861013,49.380605],[-123.1854361,49.3813733],[-123.1852,49.3821416]]]}},{"type":"Feature","id":"52715746","properties":{"kind":"wood","name":"","osmWayId":"52715746"},"geometry":{"type":"Polygon","coordinates":[[[-123.1864231,49.379683],[-123.1863588,49.3799764],[-123.1864017,49.3802418],[-123.1867665,49.3802837],[-123.1871098,49.3804513],[-123.1869596,49.38013],[-123.1864231,49.379683]]]}},{"type":"Feature","id":"52715759","properties":{"kind":"wood","name":"","osmWayId":"52715759"},"geometry":{"type":"Polygon","coordinates":[[[-123.180945,49.3823917],[-123.1818664,49.3823138],[-123.1820805,49.3820351],[-123.1821931,49.3817601],[-123.1821368,49.3815951],[-123.1824353,49.3815034],[-123.1824466,49.3817638],[-123.1820411,49.3822442],[-123.182348,49.3822063],[-123.1824579,49.3821928],[-123.1825226,49.3821982],[-123.1827578,49.3822178],[-123.1828926,49.3822291],[-123.1830585,49.3822429],[-123.1844705,49.3822255],[-123.1847351,49.382127],[-123.1849598,49.3811399],[-123.1849736,49.3810486],[-123.1848718,49.3810611],[-123.1847865,49.3809447],[-123.1848329,49.3808941],[-123.1849323,49.3809304],[-123.1850176,49.3808247],[-123.1850576,49.38043],[-123.1849409,49.3803895],[-123.184722,49.3804693],[-123.1845266,49.3806503],[-123.1844279,49.3806335],[-123.1840877,49.3807121],[-123.1841304,49.3808526],[-123.1838008,49.3808552],[-123.1835621,49.380979],[-123.1835154,49.38115],[-123.1831413,49.3812736],[-123.1829212,49.381279],[-123.1828649,49.3814652],[-123.1827713,49.3815082],[-123.1826696,49.3816335],[-123.182587,49.3816308],[-123.1824715,49.381424],[-123.1827163,49.3814858],[-123.1827603,49.3813801],[-123.1828676,49.3812011],[-123.1828041,49.381188],[-123.1827302,49.3813007],[-123.1826019,49.3812943],[-123.1826408,49.3811829],[-123.1826874,49.3810158],[-123.1828057,49.380867],[-123.1829957,49.380947],[-123.1831729,49.3811178],[-123.1834672,49.381005],[-123.1834824,49.3809208],[-123.1837608,49.3808173],[-123.184047,49.3806854],[-123.1843968,49.3805803],[-123.1846336,49.3804503],[-123.1847891,49.3802578],[-123.1850643,49.3801998],[-123.1852603,49.3795229],[-123.1842146,49.3795173],[-123.1835265,49.37944],[-123.1829986,49.3792409],[-123.1828803,49.3794206],[-123.1828972,49.3798423],[-123.1824973,49.38033],[-123.1823565,49.3806234],[-123.1823959,49.3812504],[-123.1821875,49.3813384],[-123.182287,49.3805248],[-123.1826832,49.3799377],[-123.1827339,49.3794646],[-123.1828816,49.3792183],[-123.1824535,49.3789566],[-123.1820028,49.3788867],[-123.181917,49.3804653],[-123.1816749,49.3810891],[-123.1815961,49.3811808],[-123.1813186,49.3813501],[-123.1810892,49.3818298],[-123.180945,49.3823917]]]}},{"type":"Feature","id":"52718014","properties":{"kind":"wood","name":"Cedar Grove","osmWayId":"52718014"},"geometry":{"type":"Polygon","coordinates":[[[-123.1775022,49.382607],[-123.1776308,49.3825902],[-123.1776635,49.3824637],[-123.1778258,49.3824536],[-123.1778445,49.3825775],[-123.1778726,49.3825928],[-123.1780412,49.38248],[-123.1783312,49.3824323],[-123.1788503,49.3823837],[-123.1790795,49.3822656],[-123.1791599,49.3822643],[-123.179085,49.3824064],[-123.1795177,49.3824408],[-123.1796875,49.3824213],[-123.1797818,49.3823819],[-123.1796335,49.3823316],[-123.1796718,49.3822174],[-123.179616,49.3820891],[-123.1794795,49.3819949],[-123.1794917,49.3818828],[-123.1793179,49.3817516],[-123.1793279,49.3816996],[-123.1794128,49.3817367],[-123.1794458,49.3816359],[-123.1793359,49.381632],[-123.1793399,49.3815565],[-123.1795217,49.3815461],[-123.1796635,49.3813628],[-123.1797196,49.3811083],[-123.1796955,49.3809675],[-123.1795428,49.3809705],[-123.1795696,49.380684],[-123.1795816,49.3805461],[-123.1795214,49.3803826],[-123.1795859,49.380279],[-123.1794735,49.3798909],[-123.1796358,49.379706],[-123.1796885,49.3794505],[-123.1797419,49.3792935],[-123.1796749,49.3792433],[-123.1793111,49.3793193],[-123.179177,49.3792853],[-123.1790647,49.3793565],[-123.1789929,49.3792284],[-123.1788181,49.3791756],[-123.178578,49.3791844],[-123.1784079,49.3792474],[-123.178428,49.3793077],[-123.178275,49.3793016],[-123.1780503,49.3794418],[-123.1779099,49.3796287],[-123.1778094,49.3797043],[-123.1776352,49.3797242],[-123.1773699,49.3799031],[-123.1768857,49.3801458],[-123.1766521,49.3804822],[-123.1764342,49.3806895],[-123.1761902,49.3808093],[-123.176124,49.3810658],[-123.176172,49.3811222],[-123.176418,49.3810694],[-123.1766179,49.3809615],[-123.176872,49.3809051],[-123.1769611,49.3808093],[-123.1771046,49.3808296],[-123.1771688,49.3808984],[-123.1773633,49.3811594],[-123.1774636,49.3812746],[-123.1777101,49.3814107],[-123.1777304,49.3815611],[-123.1777031,49.3819072],[-123.1774953,49.3822057],[-123.1774435,49.3824505],[-123.1775022,49.382607]]]}},{"type":"Feature","id":"52718018","properties":{"kind":"wood","name":"","osmWayId":"52718018"},"geometry":{"type":"Polygon","coordinates":[[[-123.1743965,49.3827039],[-123.1744262,49.3826483],[-123.1744798,49.38271],[-123.1745835,49.3827116],[-123.1746307,49.3826184],[-123.1746831,49.3826667],[-123.1747956,49.3827166],[-123.1748365,49.3827075],[-123.1748761,49.3826476],[-123.1750206,49.3826026],[-123.1750717,49.3826684],[-123.1751574,49.3826176],[-123.1753556,49.3826668],[-123.1753377,49.3825869],[-123.1754719,49.3826011],[-123.1754297,49.3826327],[-123.1754872,49.3826801],[-123.1756253,49.3826968],[-123.1758708,49.3826427],[-123.1759526,49.3825003],[-123.1760446,49.3825228],[-123.1760638,49.3826543],[-123.1761374,49.3826339],[-123.1761829,49.3825264],[-123.1763227,49.3824744],[-123.1763227,49.3826418],[-123.1764416,49.3826523],[-123.1764293,49.3825265],[-123.1766962,49.3825485],[-123.17673,49.3825944],[-123.1768232,49.3825994],[-123.1768117,49.3824745],[-123.1768436,49.3824363],[-123.1767963,49.3823705],[-123.1768193,49.3823489],[-123.1768769,49.3823955],[-123.1769242,49.382388],[-123.176882,49.3823231],[-123.1769433,49.3822632],[-123.1769165,49.3822149],[-123.1769344,49.3821616],[-123.1770392,49.3821583],[-123.1770149,49.3824038],[-123.1768743,49.3824546],[-123.176873,49.3825486],[-123.1769945,49.3825919],[-123.1771296,49.3825022],[-123.1772369,49.3824533],[-123.1773555,49.382187],[-123.1774047,49.3820722],[-123.1775233,49.3819015],[-123.1774943,49.3818602],[-123.1775729,49.3818191],[-123.1775134,49.3816663],[-123.1775313,49.3815298],[-123.1774355,49.3815065],[-123.1774252,49.3816405],[-123.1773869,49.3816372],[-123.177406,49.3814824],[-123.1773396,49.3814333],[-123.177346,49.3813684],[-123.177282,49.3813301],[-123.1771248,49.3813068],[-123.1770365,49.3813796],[-123.1769624,49.3813942],[-123.1769586,49.3814308],[-123.1772079,49.3815482],[-123.1771836,49.3816272],[-123.1771286,49.3816164],[-123.1770928,49.3815407],[-123.1769407,49.3814832],[-123.1768934,49.3813825],[-123.1769049,49.3813243],[-123.176988,49.3813135],[-123.1769816,49.3812835],[-123.1769139,49.3812269],[-123.1768423,49.3812277],[-123.1768372,49.3812752],[-123.1768436,49.3813068],[-123.1767541,49.3813418],[-123.1767656,49.3814291],[-123.1767336,49.3814832],[-123.1767349,49.3815848],[-123.1766582,49.3815665],[-123.176662,49.3814666],[-123.1766901,49.3814241],[-123.176694,49.3813376],[-123.1767183,49.3813026],[-123.1766326,49.381271],[-123.1766633,49.3812585],[-123.1767592,49.3812843],[-123.1767822,49.3812485],[-123.1767822,49.3812028],[-123.1768129,49.3811711],[-123.176896,49.3811745],[-123.1769522,49.3811978],[-123.176988,49.3812386],[-123.1770596,49.3812319],[-123.1770596,49.3811279],[-123.1769624,49.3811021],[-123.176867,49.3811153],[-123.176809,49.3810796],[-123.1767796,49.3811004],[-123.1766467,49.3811145],[-123.176651,49.3812102],[-123.1766224,49.3812128],[-123.1765968,49.3811861],[-123.1765342,49.3811928],[-123.1764894,49.3812793],[-123.1764294,49.3812835],[-123.1763731,49.3812269],[-123.1763169,49.3812569],[-123.1762488,49.3813178],[-123.1760458,49.3813667],[-123.1759423,49.3813409],[-123.1758656,49.3813692],[-123.1757914,49.3813567],[-123.175771,49.3813725],[-123.1757633,49.3814533],[-123.1756751,49.3815115],[-123.1757224,49.3815323],[-123.1758145,49.3815157],[-123.1758426,49.3815432],[-123.1757147,49.3815889],[-123.1756738,49.3815515],[-123.1756022,49.381529],[-123.1756163,49.3815065],[-123.1755575,49.3814674],[-123.1754821,49.3814658],[-123.1755051,49.3814192],[-123.1756355,49.3813975],[-123.1756265,49.3813775],[-123.1755332,49.3813634],[-123.1754118,49.3813825],[-123.1754335,49.3814658],[-123.1754028,49.3814732],[-123.175399,49.381445],[-123.1753568,49.3814416],[-123.1753351,49.3814708],[-123.1752801,49.3814325],[-123.1753005,49.3813592],[-123.1753059,49.3813218],[-123.1753095,49.381291],[-123.1752583,49.3812968],[-123.1752673,49.3813251],[-123.1751433,49.3813101],[-123.1751126,49.3813651],[-123.17505,49.3813784],[-123.1749656,49.3813684],[-123.1750129,49.3813393],[-123.1750282,49.3813018],[-123.175087,49.3812735],[-123.1750653,49.3812585],[-123.1748876,49.381261],[-123.1749055,49.3813368],[-123.1748339,49.3813601],[-123.1748454,49.3812648],[-123.1747495,49.3812768],[-123.1746128,49.3813992],[-123.1745782,49.3816505],[-123.1746588,49.3817104],[-123.1745399,49.3817296],[-123.1745425,49.3816738],[-123.1744721,49.3816206],[-123.1743682,49.3817123],[-123.1742229,49.3817429],[-123.1741947,49.3818519],[-123.1741487,49.3818494],[-123.1741385,49.3817437],[-123.1740669,49.3817637],[-123.1739979,49.3818037],[-123.1739915,49.3818503],[-123.1739275,49.3818686],[-123.1738866,49.3817928],[-123.1737754,49.3818353],[-123.1737959,49.3819135],[-123.1738514,49.3819489],[-123.1739135,49.381946],[-123.1740068,49.3820392],[-123.1739646,49.3820675],[-123.1738432,49.3820783],[-123.173868,49.382153],[-123.1738432,49.3822015],[-123.173778,49.3821973],[-123.1736668,49.3822314],[-123.1736706,49.3823263],[-123.1737153,49.3823321],[-123.173801,49.3822797],[-123.1737684,49.3824101],[-123.1738521,49.3825327],[-123.1738956,49.3825835],[-123.173885,49.3826592],[-123.1739189,49.3826594],[-123.1740081,49.38266],[-123.1742763,49.382701],[-123.1743965,49.3827039]]]}},{"type":"Feature","id":"52718022","properties":{"kind":"wood","name":"Burfield Forest","osmWayId":"52718022"},"geometry":{"type":"Polygon","coordinates":[[[-123.1873494,49.3769838],[-123.1876786,49.3768865],[-123.1880785,49.3768281],[-123.1882572,49.3768956],[-123.1882991,49.37711],[-123.1883535,49.3772292],[-123.188778,49.3775854],[-123.1894999,49.3782973],[-123.1899935,49.3786955],[-123.1903707,49.3789784],[-123.189259,49.3796141],[-123.1886604,49.3800226],[-123.188428,49.3801969],[-123.1882768,49.3800994],[-123.1882339,49.3798759],[-123.1883567,49.3793242],[-123.1879398,49.3790535],[-123.1873649,49.3783183],[-123.1873756,49.3778153],[-123.1876726,49.3777491],[-123.1879442,49.3777525],[-123.1880266,49.3776368],[-123.1879878,49.3775257],[-123.1878202,49.3774114],[-123.1879007,49.3773215],[-123.1878522,49.3772386],[-123.1876395,49.3772126],[-123.1874511,49.3772269],[-123.1873327,49.3771597],[-123.1873494,49.3769838]]]}},{"type":"Feature","id":"52718053","properties":{"kind":"wood","name":"","osmWayId":"52718053"},"geometry":{"type":"Polygon","coordinates":[[[-123.1761501,49.3771709],[-123.1766282,49.3771643],[-123.1767112,49.377047],[-123.1773978,49.3771238],[-123.178181,49.3774102],[-123.178744,49.3777179],[-123.1789122,49.3780474],[-123.1796294,49.3784161],[-123.179726,49.3784567],[-123.179832,49.3789174],[-123.1797354,49.3789377],[-123.1796886,49.379048],[-123.1792968,49.3791285],[-123.1786209,49.3790517],[-123.1781595,49.3790727],[-123.176679,49.3800925],[-123.1755203,49.380295],[-123.1742006,49.3802811],[-123.1732028,49.3806163],[-123.1725162,49.3807071],[-123.1722158,49.3806722],[-123.1721836,49.3805604],[-123.1725698,49.379862],[-123.1727844,49.3791565],[-123.1730204,49.3788631],[-123.1738144,49.3788072],[-123.1740719,49.3786186],[-123.1741148,49.3783532],[-123.1738895,49.3780179],[-123.1741106,49.3779936],[-123.1744545,49.3780726],[-123.174559,49.3781876],[-123.1745987,49.3786406],[-123.1748006,49.3784833],[-123.1746419,49.3783214],[-123.1746275,49.378143],[-123.1748763,49.3782252],[-123.1752403,49.3784294],[-123.176481,49.3788968],[-123.1765551,49.3788194],[-123.1754026,49.3783073],[-123.1745518,49.3780022],[-123.1747285,49.3778238],[-123.1746456,49.3777417],[-123.1744473,49.3779201],[-123.1741877,49.3779248],[-123.1742854,49.377783],[-123.1748443,49.3775709],[-123.175767,49.3772425],[-123.1759685,49.3773145],[-123.1761501,49.3771709]]]}},{"type":"Feature","id":"52732926","properties":{"kind":"wood","name":"Upper Glades","osmWayId":"52732926"},"geometry":{"type":"Polygon","coordinates":[[[-123.1773455,49.3835011],[-123.1781916,49.3834202],[-123.1783783,49.3832971],[-123.1790973,49.3832413],[-123.1797879,49.3832262],[-123.1805266,49.3831964],[-123.1802977,49.3836481],[-123.1800283,49.3836395],[-123.1798545,49.3837785],[-123.1800283,49.383935],[-123.1799588,49.3842044],[-123.1797241,49.384752],[-123.1795553,49.3849298],[-123.179499,49.3850692],[-123.1793413,49.3849995],[-123.1792286,49.3848528],[-123.1790371,49.3849115],[-123.1790935,49.3850398],[-123.1789752,49.3852121],[-123.1790991,49.3852525],[-123.1790766,49.3853515],[-123.1793575,49.3854401],[-123.17933,49.3854871],[-123.1791047,49.3854651],[-123.1790709,49.3856191],[-123.1791779,49.3857035],[-123.1785639,49.3861814],[-123.1786289,49.3869771],[-123.1784816,49.3872338],[-123.1781906,49.3870417],[-123.178031,49.3869579],[-123.1779224,49.3869902],[-123.1779582,49.3871743],[-123.1779636,49.3873184],[-123.177744,49.3873019],[-123.1774127,49.3873263],[-123.1773122,49.3871718],[-123.1771633,49.3870487],[-123.1772719,49.3868759],[-123.1774355,49.386731],[-123.1772237,49.3865712],[-123.1771284,49.3865773],[-123.1771486,49.3868689],[-123.1770614,49.3869658],[-123.1769139,49.3865791],[-123.1767677,49.3865773],[-123.1769997,49.3869745],[-123.1770061,49.3870266],[-123.1767784,49.3868802],[-123.1766456,49.3866943],[-123.1765638,49.3867083],[-123.1764136,49.3869248],[-123.1763171,49.3869745],[-123.1763788,49.3871142],[-123.1762527,49.3871491],[-123.1760623,49.3868951],[-123.1758225,49.3868667],[-123.1756371,49.3868951],[-123.1756733,49.3870173],[-123.1757806,49.3871404],[-123.1756572,49.3872041],[-123.1755835,49.3871544],[-123.1754547,49.3871395],[-123.1754145,49.3871893],[-123.1754521,49.3873211],[-123.1754306,49.3876031],[-123.1752831,49.3875734],[-123.1752929,49.3872791],[-123.1753045,49.3870059],[-123.1751,49.3868554],[-123.1751087,49.3866742],[-123.1753515,49.3865913],[-123.175216,49.3863905],[-123.1749907,49.3864411],[-123.1747698,49.3865686],[-123.1742263,49.3863853],[-123.174241,49.3862927],[-123.1744114,49.3863573],[-123.1746005,49.386243],[-123.1744221,49.386133],[-123.1741217,49.3861155],[-123.1740144,49.3863669],[-123.1738602,49.3863137],[-123.1738642,49.3862159],[-123.174001,49.3861731],[-123.1739312,49.3860841],[-123.1736268,49.3859898],[-123.1735691,49.3860526],[-123.1735705,49.3861076],[-123.1734833,49.3862552],[-123.1734,49.3864517],[-123.1731291,49.3865138],[-123.172824,49.3863238],[-123.1726246,49.3860828],[-123.1726193,49.3858653],[-123.1728951,49.3856003],[-123.1732671,49.3854413],[-123.1745016,49.38523],[-123.1752924,49.385219],[-123.1753475,49.385397],[-123.1755567,49.3854302],[-123.1756908,49.3853167],[-123.1759572,49.3851533],[-123.1764212,49.3849867],[-123.1770296,49.3844478],[-123.1773078,49.3837872],[-123.1773455,49.3835011]]]}},{"type":"Feature","id":"52732932","properties":{"kind":"wood","name":"","osmWayId":"52732932"},"geometry":{"type":"Polygon","coordinates":[[[-123.1770943,49.3871664],[-123.1764823,49.3874345],[-123.1762138,49.3876633],[-123.1759375,49.3877646],[-123.1759738,49.3878621],[-123.1764212,49.3879419],[-123.1774262,49.3879488],[-123.1775162,49.3877429],[-123.1772817,49.3875247],[-123.1770943,49.3871664]]]}},{"type":"Feature","id":"52734689","properties":{"kind":"wood","name":"","osmWayId":"52734689"},"geometry":{"type":"Polygon","coordinates":[[[-123.2033822,49.3901111],[-123.2037322,49.3899611],[-123.2047305,49.3898622],[-123.2055239,49.3896324],[-123.2056163,49.3897686],[-123.2056235,49.3899384],[-123.2056162,49.3900508],[-123.2053082,49.3902619],[-123.2041399,49.3905152],[-123.2033822,49.3901111]]]}},{"type":"Feature","id":"52734690","properties":{"kind":"wood","name":"","osmWayId":"52734690"},"geometry":{"type":"Polygon","coordinates":[[[-123.2054369,49.4002611],[-123.2076042,49.4011688],[-123.2086489,49.4018057],[-123.2088168,49.4019771],[-123.2085812,49.4021641],[-123.2082169,49.4022542],[-123.2075358,49.4023032],[-123.2075857,49.40274],[-123.2080639,49.4030334],[-123.2081884,49.4033437],[-123.2089879,49.403475],[-123.207289,49.4044569],[-123.2069796,49.4042295],[-123.2061488,49.4037199],[-123.2052589,49.4031982],[-123.2050082,49.402868],[-123.2046645,49.4025372],[-123.2044843,49.4024197],[-123.2044576,49.4021926],[-123.2044707,49.4020423],[-123.2044539,49.4017996],[-123.2043537,49.4015837],[-123.204429,49.4014683],[-123.2046587,49.4013075],[-123.2047867,49.4011237],[-123.2050292,49.4007499],[-123.2054369,49.4002611]]]}},{"type":"Feature","id":"52734720","properties":{"kind":"wood","name":"","osmWayId":"52734720"},"geometry":{"type":"Polygon","coordinates":[[[-123.2133019,49.3918719],[-123.2135494,49.3918165],[-123.2137613,49.391953],[-123.2139119,49.3923188],[-123.2134884,49.3926957],[-123.2135654,49.3928214],[-123.2133727,49.3929035],[-123.2127326,49.3928876],[-123.2124665,49.3928429],[-123.2122193,49.3927953],[-123.2133019,49.3918719]]]}},{"type":"Feature","id":"52734854","properties":{"kind":"wood","name":"","osmWayId":"52734854"},"geometry":{"type":"Polygon","coordinates":[[[-123.2069116,49.3918858],[-123.2070821,49.3916754],[-123.2071734,49.3914964],[-123.2066074,49.3911488],[-123.2069116,49.3918858]]]}},{"type":"Feature","id":"52734856","properties":{"kind":"wood","name":"","osmWayId":"52734856"},"geometry":{"type":"Polygon","coordinates":[[[-123.2068646,49.3894743],[-123.206872,49.3895292],[-123.2068903,49.3895554],[-123.2069064,49.3895673],[-123.2069519,49.3895645],[-123.2069936,49.3895564],[-123.2069922,49.3895335],[-123.2069768,49.3895063],[-123.2069511,49.3894882],[-123.2069504,49.3894586],[-123.2069694,49.3894324],[-123.2070501,49.3893966],[-123.2070545,49.3893813],[-123.2070398,49.3893742],[-123.2070119,49.3893761],[-123.2069922,49.3893904],[-123.206968,49.3893923],[-123.2069328,49.3893804],[-123.2069093,49.3893842],[-123.2068896,49.3894004],[-123.2068646,49.3894743]]]}},{"type":"Feature","id":"52734988","properties":{"kind":"wood","name":"","osmWayId":"52734988"},"geometry":{"type":"Polygon","coordinates":[[[-123.1962101,49.4060977],[-123.196123,49.406122],[-123.1962148,49.4064271],[-123.1964178,49.4066158],[-123.1964807,49.4069555],[-123.1966595,49.4070216],[-123.1967465,49.4071285],[-123.1965193,49.4071222],[-123.1965349,49.4073287],[-123.1971048,49.4079014],[-123.1973846,49.4078614],[-123.1976747,49.4078457],[-123.1979792,49.4079558],[-123.1984755,49.4078964],[-123.1984433,49.4072072],[-123.1980731,49.4068132],[-123.197885,49.4066722],[-123.1969222,49.4063764],[-123.1962101,49.4060977]]]}},{"type":"Feature","id":"52734989","properties":{"kind":"wood","name":"","osmWayId":"52734989"},"geometry":{"type":"Polygon","coordinates":[[[-123.1986739,49.4073502],[-123.1989087,49.4078939],[-123.1990558,49.407812],[-123.19921,49.4076762],[-123.1989059,49.4074661],[-123.1986739,49.4073502]]]}},{"type":"Feature","id":"52734990","properties":{"kind":"wood","name":"","osmWayId":"52734990"},"geometry":{"type":"Polygon","coordinates":[[[-123.1962745,49.4074381],[-123.1964676,49.4090577],[-123.1967037,49.4091135],[-123.1966857,49.4089969],[-123.1967134,49.408925],[-123.1968337,49.4088107],[-123.1968585,49.4086056],[-123.1970007,49.4086056],[-123.1970271,49.4087858],[-123.197283,49.4085271],[-123.1962745,49.4074381]]]}},{"type":"Feature","id":"52734992","properties":{"kind":"wood","name":"","osmWayId":"52734992"},"geometry":{"type":"Polygon","coordinates":[[[-123.2045603,49.3981642],[-123.2053116,49.3974879],[-123.2052443,49.397451],[-123.2051194,49.3973825],[-123.2049886,49.3974122],[-123.2047703,49.397394],[-123.2046348,49.3973193],[-123.2044128,49.3972622],[-123.2042971,49.3971293],[-123.2040813,49.397552],[-123.2045603,49.3981642]]]}},{"type":"Feature","id":"52734995","properties":{"kind":"wood","name":"","osmWayId":"52734995"},"geometry":{"type":"Polygon","coordinates":[[[-123.1967224,49.402118],[-123.197171,49.4017371],[-123.1970918,49.4016566],[-123.1970943,49.4015712],[-123.1972353,49.4014423],[-123.1974556,49.4013827],[-123.1980784,49.4007613],[-123.1972187,49.4005125],[-123.1959527,49.4007499],[-123.1958307,49.4009088],[-123.1961029,49.4016435],[-123.1961711,49.4018112],[-123.196465,49.4020082],[-123.1967224,49.402118]]]}},{"type":"Feature","id":"52734996","properties":{"kind":"wood","name":"","osmWayId":"52734996"},"geometry":{"type":"Polygon","coordinates":[[[-123.1976794,49.402265],[-123.1985528,49.4014854],[-123.1991353,49.4014462],[-123.1992903,49.4016773],[-123.1992634,49.4018],[-123.1989589,49.4019196],[-123.1988131,49.4020438],[-123.1991281,49.4021052],[-123.1989848,49.4023019],[-123.1985335,49.402146],[-123.1981951,49.4021995],[-123.1979051,49.4023002],[-123.1976794,49.402265]]]}},{"type":"Feature","id":"52734997","properties":{"kind":"wood","name":"","osmWayId":"52734997"},"geometry":{"type":"Polygon","coordinates":[[[-123.2042946,49.4010207],[-123.2045018,49.4008493],[-123.2046874,49.4006304],[-123.2048194,49.4004352],[-123.2048742,49.4001981],[-123.2048755,49.4000294],[-123.2048376,49.3999032],[-123.2047456,49.3998163],[-123.2046551,49.3998032],[-123.2045904,49.3998432],[-123.204551,49.399951],[-123.2044336,49.4001164],[-123.2042245,49.400207],[-123.2040602,49.4004324],[-123.20389,49.4006456],[-123.2037884,49.4007739],[-123.2038071,49.4008632],[-123.2038786,49.400997],[-123.2040341,49.4011311],[-123.2041338,49.4011325],[-123.2042946,49.4010207]]]}},{"type":"Feature","id":"52735119","properties":{"kind":"wood","name":"","osmWayId":"52735119"},"geometry":{"type":"Polygon","coordinates":[[[-123.1962957,49.4034252],[-123.1952336,49.404256],[-123.1953301,49.4043538],[-123.1963494,49.4036067],[-123.1962957,49.4034252]]]}},{"type":"Feature","id":"52735120","properties":{"kind":"wood","name":"","osmWayId":"52735120"},"geometry":{"type":"Polygon","coordinates":[[[-123.1946091,49.4040683],[-123.195493,49.4032101],[-123.195395,49.4032094],[-123.1949788,49.4033368],[-123.1947336,49.4036999],[-123.1945818,49.4039588],[-123.1946091,49.4040683]]]}},{"type":"Feature","id":"52735121","properties":{"kind":"wood","name":"","osmWayId":"52735121"},"geometry":{"type":"Polygon","coordinates":[[[-123.1900303,49.4038916],[-123.1892915,49.4030121],[-123.1887537,49.403427],[-123.1887429,49.4035705],[-123.1888072,49.4038497],[-123.1889789,49.4040033],[-123.189451,49.4040732],[-123.1900303,49.4038916]]]}},{"type":"Feature","id":"52735122","properties":{"kind":"wood","name":"","osmWayId":"52735122"},"geometry":{"type":"Polygon","coordinates":[[[-123.1899416,49.4029458],[-123.1906741,49.403766],[-123.1912749,49.4034448],[-123.1918757,49.4031795],[-123.1908457,49.4031097],[-123.1900733,49.4029561],[-123.1899416,49.4029458]]]}},{"type":"Feature","id":"52735123","properties":{"kind":"wood","name":"","osmWayId":"52735123"},"geometry":{"type":"Polygon","coordinates":[[[-123.1921,49.4034003],[-123.1922488,49.4032322],[-123.1932061,49.403389],[-123.1943944,49.4037773],[-123.1942748,49.4042138],[-123.1944342,49.4043374],[-123.1941288,49.4044502],[-123.1938664,49.4043476],[-123.1935073,49.4040221],[-123.1933131,49.4038323],[-123.1925838,49.4035705],[-123.1921944,49.4035908],[-123.1921,49.4034003]]]}},{"type":"Feature","id":"52735124","properties":{"kind":"wood","name":"","osmWayId":"52735124"},"geometry":{"type":"Polygon","coordinates":[[[-123.2036313,49.4019582],[-123.2032912,49.4020568],[-123.2027121,49.4021486],[-123.2024572,49.4022452],[-123.2017943,49.4024006],[-123.2012098,49.4029421],[-123.1994932,49.4035286],[-123.198034,49.4038358],[-123.1962479,49.4050589],[-123.1962531,49.4057626],[-123.1964903,49.4060308],[-123.1970317,49.406273],[-123.1974512,49.4063575],[-123.1982257,49.4065403],[-123.1982886,49.4068046],[-123.1987545,49.4072178],[-123.1991928,49.4074102],[-123.1994524,49.407598],[-123.2008039,49.406639],[-123.2011444,49.4064019],[-123.2016782,49.4063927],[-123.2020256,49.4062094],[-123.2023683,49.4062039],[-123.2026683,49.405851],[-123.2026385,49.4056224],[-123.2027152,49.4055441],[-123.203279,49.4053394],[-123.2036295,49.4049226],[-123.2039844,49.404702],[-123.2041812,49.4041527],[-123.204643,49.4033471],[-123.2050064,49.4032132],[-123.2048653,49.4029748],[-123.2047366,49.4027928],[-123.2043252,49.4027505],[-123.2042342,49.4025593],[-123.2039669,49.4024658],[-123.2037813,49.4023628],[-123.2041386,49.4020567],[-123.2041674,49.4018667],[-123.2041143,49.4017892],[-123.2040192,49.4017788],[-123.2036313,49.4019582]]]}},{"type":"Feature","id":"52735125","properties":{"kind":"wood","name":"Gibsons Glades","osmWayId":"52735125"},"geometry":{"type":"Polygon","coordinates":[[[-123.1955854,49.4050478],[-123.1963241,49.4047319],[-123.1970147,49.4041134],[-123.1973308,49.4040558],[-123.1978682,49.4036655],[-123.1981581,49.403648],[-123.1984799,49.4034193],[-123.1989427,49.4034257],[-123.1995194,49.4032115],[-123.1999587,49.4032304],[-123.2002577,49.4030892],[-123.2004648,49.4031052],[-123.2009227,49.4028572],[-123.2010761,49.4028089],[-123.2015417,49.4023993],[-123.2007804,49.4023179],[-123.2005736,49.4023685],[-123.2001627,49.4026296],[-123.1995391,49.4026579],[-123.1988953,49.402511],[-123.1978801,49.4025293],[-123.1975151,49.4028129],[-123.1977182,49.4030268],[-123.1967842,49.4035757],[-123.1962782,49.4039416],[-123.1955173,49.4043115],[-123.1950894,49.4045785],[-123.1954257,49.404785],[-123.1955854,49.4050478]]]}},{"type":"Feature","id":"52735126","properties":{"kind":"wood","name":"","osmWayId":"52735126"},"geometry":{"type":"Polygon","coordinates":[[[-123.196504,49.4034974],[-123.1975983,49.4028341],[-123.1966006,49.4031203],[-123.1963645,49.4033089],[-123.196504,49.4034974]]]}},{"type":"Feature","id":"56701902","properties":{"kind":"water","name":"Cougar Lakes","osmWayId":"56701902"},"geometry":{"type":"Polygon","coordinates":[[[-123.2241243,49.3866386],[-123.2240856,49.3866345],[-123.2240165,49.386602],[-123.2239243,49.3865846],[-123.2238268,49.386583],[-123.2237594,49.3865753],[-123.2236709,49.386543],[-123.2236605,49.3865301],[-123.2236603,49.3865063],[-123.2236701,49.3864894],[-123.2236818,49.3864682],[-123.2236782,49.3864501],[-123.223666,49.3864305],[-123.223641,49.3864125],[-123.2236348,49.3864016],[-123.223615,49.3863957],[-123.2235676,49.3864051],[-123.2234901,49.38639],[-123.2234347,49.3863851],[-123.2233914,49.3863563],[-123.223328,49.3863418],[-123.2232816,49.3863415],[-123.2232393,49.3863566],[-123.223155,49.3863708],[-123.2231204,49.3863872],[-123.2231049,49.3864336],[-123.2230576,49.3864872],[-123.2230296,49.3865091],[-123.2230202,49.3865578],[-123.2230166,49.386569],[-123.2229364,49.3866208],[-123.2229132,49.3866617],[-123.2228593,49.3867036],[-123.2228482,49.3867219],[-123.2228538,49.3867499],[-123.2228789,49.3867946],[-123.2229245,49.3868338],[-123.2229806,49.3868803],[-123.2229876,49.3869184],[-123.2229864,49.3869397],[-123.2229592,49.3869616],[-123.2229608,49.3869673],[-123.2229732,49.3869718],[-123.2230254,49.3869642],[-123.223077,49.3869606],[-123.2231136,49.3869685],[-123.2231585,49.3869715],[-123.2232165,49.3869883],[-123.2232542,49.3869915],[-123.2232648,49.3869849],[-123.2232725,49.386974],[-123.2232975,49.3869552],[-123.2233225,49.386948],[-123.223348,49.3869459],[-123.2233541,49.3869381],[-123.223352,49.3869288],[-123.2233279,49.3869261],[-123.2232931,49.3869103],[-123.2232452,49.386885],[-123.2232019,49.3868476],[-123.2231266,49.3868365],[-123.2230822,49.3868236],[-123.2230583,49.3868096],[-123.2230545,49.3867959],[-123.2230641,49.3867764],[-123.2230763,49.3867703],[-123.2230984,49.3867685],[-123.2231306,49.3867752],[-123.2231543,49.3867685],[-123.2231896,49.3867483],[-123.2232181,49.3866868],[-123.2232398,49.3866639],[-123.2232511,49.3866177],[-123.2232932,49.3865623],[-123.2233387,49.3865302],[-123.2233974,49.3865093],[-123.223435,49.3864889],[-123.2234888,49.3864905],[-123.2235229,49.3865006],[-123.2235518,49.3865205],[-123.2235704,49.3865404],[-123.2235835,49.3865786],[-123.2235888,49.3865984],[-123.2236024,49.3866112],[-123.2236312,49.3866199],[-123.2236845,49.3866662],[-123.2237392,49.386697],[-123.2237921,49.3867151],[-123.2238366,49.3867351],[-123.2239252,49.3867408],[-123.2240253,49.3867382],[-123.224094,49.3867043],[-123.224135,49.3867009],[-123.2241528,49.3866943],[-123.2241783,49.3866909],[-123.2241863,49.3866863],[-123.2241886,49.3866657],[-123.2241805,49.3866563],[-123.2241575,49.3866505],[-123.2241243,49.3866386]]]}},{"type":"Feature","id":"56701903","properties":{"kind":"water","name":"Cougar Lakes","osmWayId":"56701903"},"geometry":{"type":"Polygon","coordinates":[[[-123.224259,49.3856809],[-123.2243062,49.385721],[-123.2243164,49.3857572],[-123.2243599,49.3857821],[-123.2244341,49.3857931],[-123.2244649,49.3857801],[-123.2244857,49.3857626],[-123.2244927,49.3857395],[-123.2245133,49.3857332],[-123.2245189,49.3857293],[-123.2245243,49.3857255],[-123.2245204,49.3857123],[-123.2244916,49.3856907],[-123.2244638,49.3856779],[-123.2244066,49.3856792],[-123.2243639,49.3856782],[-123.2243304,49.3856656],[-123.2243241,49.3856569],[-123.2243225,49.3856175],[-123.2243131,49.3855949],[-123.2242588,49.3855743],[-123.2242202,49.3855512],[-123.2241916,49.3855481],[-123.2241688,49.3855504],[-123.224118,49.3855742],[-123.2240645,49.3855811],[-123.2239815,49.3855734],[-123.2238981,49.385545],[-123.2238748,49.3854782],[-123.2239119,49.385459],[-123.2239303,49.385435],[-123.2239021,49.3854118],[-123.2238371,49.3854193],[-123.2238612,49.3854468],[-123.2238525,49.3854651],[-123.2238384,49.3854747],[-123.2238532,49.3854996],[-123.2238384,49.3855026],[-123.2238074,49.3854847],[-123.2237782,49.3854605],[-123.2237552,49.3854626],[-123.2237676,49.3854965],[-123.2237888,49.3855568],[-123.2237435,49.3855758],[-123.223711,49.3855419],[-123.223713,49.3855777],[-123.2236613,49.3855671],[-123.2236713,49.3856025],[-123.2236544,49.3856693],[-123.2236048,49.3856984],[-123.2235676,49.38572],[-123.2235441,49.3857039],[-123.223498,49.3857186],[-123.2234747,49.3857327],[-123.2234385,49.38574],[-123.2233339,49.3857123],[-123.2232895,49.3857132],[-123.223222,49.3857328],[-123.2231827,49.385751],[-123.2231408,49.3858158],[-123.2231468,49.3858449],[-123.2231424,49.3858706],[-123.2231203,49.3858663],[-123.2231156,49.385846],[-123.2230969,49.3858417],[-123.2230777,49.3858556],[-123.2230948,49.385873],[-123.2230931,49.3859025],[-123.2230677,49.3859124],[-123.2230518,49.3859178],[-123.2230273,49.3859504],[-123.2230266,49.3859758],[-123.2230306,49.3860201],[-123.2230389,49.3860358],[-123.2230482,49.3860438],[-123.2230657,49.3860402],[-123.2230896,49.3860295],[-123.2231692,49.3860179],[-123.2232012,49.3859993],[-123.2232139,49.3859831],[-123.2232612,49.3859664],[-123.2233443,49.3859121],[-123.2233715,49.3858999],[-123.2234172,49.3858921],[-123.2234478,49.3858734],[-123.223469,49.3858391],[-123.223476,49.3858098],[-123.2235328,49.3857639],[-123.2236098,49.3857137],[-123.2236612,49.3857029],[-123.2237036,49.3856806],[-123.2237109,49.3856665],[-123.2237567,49.3856394],[-123.2238421,49.3856079],[-123.22388,49.3856036],[-123.2239523,49.3856164],[-123.2239791,49.385627],[-123.2240473,49.3856297],[-123.2240989,49.385654],[-123.2241302,49.3856748],[-123.2241852,49.3856743],[-123.2242241,49.3856684],[-123.224259,49.3856809]]]}},{"type":"Feature","id":"56701904","properties":{"kind":"water","name":"","osmWayId":"56701904"},"geometry":{"type":"Polygon","coordinates":[[[-123.2231985,49.3927309],[-123.2232025,49.3926146],[-123.2231482,49.3925768],[-123.223144,49.3924725],[-123.2231141,49.3924383],[-123.2231222,49.3923808],[-123.2231439,49.3923479],[-123.2231597,49.3923055],[-123.2231607,49.3922651],[-123.2231622,49.3921739],[-123.2231573,49.3921332],[-123.2231464,49.3921251],[-123.2231399,49.3921203],[-123.2231176,49.3921259],[-123.2230163,49.3921671],[-123.2229736,49.3921653],[-123.2229266,49.3921906],[-123.2228702,49.3922603],[-123.2228301,49.3922824],[-123.2227892,49.3923598],[-123.2227945,49.3923801],[-123.2228155,49.3924117],[-123.2228157,49.3924294],[-123.2228496,49.3924574],[-123.2228608,49.3924743],[-123.2228546,49.3924841],[-123.2228325,49.392495],[-123.2228027,49.3924807],[-123.2227778,49.392483],[-123.2227503,49.3925079],[-123.222757,49.3925233],[-123.2227838,49.3925633],[-123.2228174,49.3925778],[-123.2228516,49.3925727],[-123.2228841,49.3925835],[-123.2229355,49.3926413],[-123.2229247,49.3926603],[-123.2229318,49.3926716],[-123.2229489,49.3926899],[-123.2229629,49.3927108],[-123.2229832,49.3927195],[-123.2230108,49.3927252],[-123.2230237,49.3927381],[-123.2230102,49.3927831],[-123.2230101,49.3928091],[-123.2230149,49.392824],[-123.2230135,49.3928381],[-123.223003,49.3928498],[-123.2230159,49.3928618],[-123.2230402,49.3928801],[-123.2230521,49.3929101],[-123.223133,49.3929291],[-123.2231586,49.392928],[-123.2232268,49.3929363],[-123.2232717,49.3929315],[-123.2233014,49.3929327],[-123.2233143,49.3929238],[-123.2233087,49.3929091],[-123.2232704,49.3928965],[-123.2232686,49.3928841],[-123.2232657,49.3928556],[-123.2232471,49.3928275],[-123.2232076,49.3928022],[-123.2231897,49.3927767],[-123.2231985,49.3927309]]]}},{"type":"Feature","id":"56701910","properties":{"kind":"water","name":"","osmWayId":"56701910"},"geometry":{"type":"Polygon","coordinates":[[[-123.2164238,49.3835642],[-123.2164901,49.3836249],[-123.2165784,49.3836673],[-123.2165901,49.3837548],[-123.2165862,49.3838757],[-123.216564,49.3839088],[-123.2165235,49.3839939],[-123.2164368,49.384088],[-123.2163881,49.3841024],[-123.2163421,49.3841358],[-123.2162631,49.3841578],[-123.2161488,49.3842137],[-123.2160398,49.3842227],[-123.215964,49.3842111],[-123.2159237,49.3841879],[-123.2157651,49.38414],[-123.215679,49.3840728],[-123.2156316,49.3840047],[-123.2155956,49.3839675],[-123.2155772,49.3838931],[-123.2155873,49.3838202],[-123.2156303,49.3837751],[-123.2156569,49.3837635],[-123.2157176,49.383761],[-123.2157413,49.3837633],[-123.215765,49.3837879],[-123.2157555,49.383809],[-123.2157427,49.3838221],[-123.2157534,49.383831],[-123.2157766,49.3838335],[-123.2158627,49.3838103],[-123.2159135,49.3837796],[-123.2159191,49.3837501],[-123.2159105,49.3837001],[-123.2159258,49.3836657],[-123.2160437,49.3835761],[-123.2161741,49.3835284],[-123.2163122,49.3835192],[-123.2163767,49.3835298],[-123.2164238,49.3835642]]]}},{"type":"Feature","id":"56701912","properties":{"kind":"water","name":"Sam Lake","osmWayId":"56701912"},"geometry":{"type":"Polygon","coordinates":[[[-123.2158755,49.3888747],[-123.2158473,49.3888627],[-123.2158235,49.3888459],[-123.2158111,49.3888323],[-123.2158118,49.3888205],[-123.2158008,49.3888122],[-123.2157914,49.388812],[-123.2157847,49.3888116],[-123.2157789,49.3888209],[-123.2157683,49.3888294],[-123.2157275,49.3888316],[-123.2156897,49.3888415],[-123.2156535,49.3888607],[-123.2155261,49.3889385],[-123.2155201,49.3889586],[-123.2155118,49.3889765],[-123.2154907,49.3889957],[-123.2154873,49.3890124],[-123.2154907,49.3890649],[-123.215506,49.3890748],[-123.2155532,49.3890899],[-123.215586,49.3891131],[-123.2156276,49.3891486],[-123.2156531,49.3891841],[-123.2156819,49.3892352],[-123.2156815,49.3892577],[-123.2156566,49.389302],[-123.2155921,49.3893632],[-123.2155617,49.3893707],[-123.2155241,49.3893707],[-123.2154829,49.3893794],[-123.2154299,49.3894005],[-123.2154086,49.3894332],[-123.215384,49.3894562],[-123.2153431,49.3894661],[-123.2153157,49.3894614],[-123.2153011,49.389462],[-123.2152585,49.3895065],[-123.2152217,49.3895386],[-123.215196,49.3896093],[-123.2151988,49.389624],[-123.215216,49.389634],[-123.215266,49.3896423],[-123.2152915,49.3896627],[-123.2153099,49.3896734],[-123.2153592,49.3896645],[-123.2155236,49.3896684],[-123.2155536,49.3896809],[-123.2155969,49.389708],[-123.2156078,49.3897205],[-123.2156382,49.3897227],[-123.2156512,49.389716],[-123.2156546,49.3896877],[-123.2156756,49.3896724],[-123.2156971,49.3896691],[-123.2157588,49.38969],[-123.2157895,49.3897079],[-123.2158232,49.3897143],[-123.2158442,49.3897057],[-123.2158731,49.3897067],[-123.2159252,49.3897158],[-123.2159562,49.3897449],[-123.2160028,49.3897696],[-123.2160258,49.3897767],[-123.2160469,49.3897739],[-123.2160631,49.3897616],[-123.2160744,49.3897436],[-123.2160773,49.3897108],[-123.2160898,49.3896946],[-123.2160897,49.3896624],[-123.2161233,49.3896305],[-123.2161728,49.3895963],[-123.2161788,49.3895675],[-123.2161748,49.3895509],[-123.2161955,49.3895295],[-123.2162365,49.3895073],[-123.2162977,49.3895007],[-123.2163352,49.3895044],[-123.2163902,49.3894974],[-123.2164073,49.3894983],[-123.2164102,49.3894829],[-123.216417,49.3894772],[-123.2164569,49.3894566],[-123.2164862,49.3894532],[-123.2164886,49.3894512],[-123.2164922,49.3894473],[-123.2164894,49.3894304],[-123.2165049,49.3893932],[-123.2165394,49.3893636],[-123.2165855,49.3893447],[-123.2165996,49.3893456],[-123.2166278,49.3893607],[-123.2166549,49.38938],[-123.2166663,49.3893817],[-123.216707,49.3893728],[-123.2167722,49.3893389],[-123.2168011,49.3892904],[-123.216801,49.389278],[-123.2167875,49.3892646],[-123.2167516,49.3892545],[-123.2167271,49.3892447],[-123.2167031,49.389218],[-123.2166833,49.3891871],[-123.2166715,49.3891719],[-123.2166545,49.3891581],[-123.2166292,49.3891507],[-123.2166148,49.3891512],[-123.216579,49.3891601],[-123.2164807,49.3891598],[-123.2164462,49.3891555],[-123.2163792,49.3891514],[-123.2163183,49.3891156],[-123.21627,49.3891131],[-123.2162197,49.3891185],[-123.2161909,49.3891355],[-123.2161877,49.3891386],[-123.2161508,49.3891735],[-123.2161184,49.3891728],[-123.2160634,49.3891659],[-123.2160499,49.389151],[-123.21603,49.3891187],[-123.2160276,49.3890946],[-123.2159895,49.3890609],[-123.215963,49.3890577],[-123.2159355,49.3890389],[-123.2159197,49.3890105],[-123.2159011,49.3890014],[-123.2158841,49.3889854],[-123.2158848,49.3889587],[-123.2159104,49.3889367],[-123.2159161,49.388916],[-123.2159131,49.3889052],[-123.215903,49.3888942],[-123.2158755,49.3888747]]]}},{"type":"Feature","id":"56701914","properties":{"kind":"water","name":"","osmWayId":"56701914"},"geometry":{"type":"Polygon","coordinates":[[[-123.2126329,49.3876351],[-123.2127051,49.3875948],[-123.2128377,49.3875168],[-123.2128824,49.3875042],[-123.2129143,49.3874816],[-123.2129886,49.3874637],[-123.213075,49.3874475],[-123.2131278,49.3874263],[-123.2131693,49.3874202],[-123.2131804,49.387417],[-123.2131824,49.3874008],[-123.2131709,49.3873864],[-123.2131707,49.3873663],[-123.2131802,49.3873568],[-123.2132094,49.3873415],[-123.2132384,49.3873499],[-123.2132581,49.3873583],[-123.2132994,49.3873816],[-123.2133105,49.3873817],[-123.2133294,49.3873708],[-123.2133511,49.3873528],[-123.2133654,49.3873208],[-123.2133972,49.3872934],[-123.2134271,49.3872626],[-123.2135171,49.3872245],[-123.2135305,49.3872075],[-123.213589,49.3871819],[-123.2136803,49.3871622],[-123.2137659,49.3871331],[-123.2138113,49.3871127],[-123.2138477,49.3871064],[-123.2138537,49.3871017],[-123.213849,49.3870933],[-123.2138444,49.3870889],[-123.2138046,49.3870847],[-123.2137383,49.3870618],[-123.213711,49.3870605],[-123.2136577,49.3870435],[-123.213588,49.3870533],[-123.213526,49.3870528],[-123.2134346,49.3870661],[-123.2133374,49.3870965],[-123.2132033,49.3871281],[-123.2131709,49.3871339],[-123.2131137,49.3871177],[-123.2130731,49.3871058],[-123.2130385,49.3871022],[-123.2129597,49.3870836],[-123.2129119,49.3870617],[-123.2128621,49.3870157],[-123.2128316,49.386992],[-123.2127956,49.3869937],[-123.212791,49.386997],[-123.2127785,49.387011],[-123.2127672,49.3870576],[-123.212766,49.3870845],[-123.2127515,49.3871177],[-123.2127077,49.3871443],[-123.212649,49.3871987],[-123.2126075,49.3872199],[-123.2125896,49.3872441],[-123.2125876,49.3872625],[-123.2125951,49.3872713],[-123.2126313,49.3872808],[-123.2126701,49.3873122],[-123.212675,49.387337],[-123.2126715,49.3873939],[-123.2126325,49.3875014],[-123.2125927,49.3875457],[-123.2125609,49.3875562],[-123.2125144,49.3875897],[-123.2124898,49.3876385],[-123.2124832,49.3876406],[-123.2124502,49.3876433],[-123.2124128,49.3876514],[-123.212399,49.3876659],[-123.2123944,49.3876778],[-123.2123888,49.3877052],[-123.2123842,49.3877183],[-123.2123896,49.3877279],[-123.2123991,49.3877319],[-123.212428,49.3877289],[-123.2124617,49.3877065],[-123.2125712,49.3876731],[-123.2126329,49.3876351]]]}},{"type":"Feature","id":"56701915","properties":{"kind":"water","name":"","osmWayId":"56701915"},"geometry":{"type":"Polygon","coordinates":[[[-123.2166388,49.3866279],[-123.2166423,49.386602],[-123.2166254,49.3865785],[-123.2166394,49.3865588],[-123.2166624,49.3865394],[-123.2166446,49.3864677],[-123.2166146,49.3864133],[-123.2165553,49.3863538],[-123.2164476,49.386272],[-123.2164003,49.3862524],[-123.216306,49.386224],[-123.216191,49.3861575],[-123.216155,49.3861289],[-123.2161359,49.386134],[-123.2160678,49.3861945],[-123.2159983,49.3862604],[-123.2159712,49.3862737],[-123.2159422,49.3862681],[-123.2159145,49.3862747],[-123.2158889,49.3863095],[-123.215887,49.3863495],[-123.2159007,49.3863774],[-123.2158808,49.3864104],[-123.215884,49.3864231],[-123.2159051,49.3864441],[-123.2159042,49.3864562],[-123.215894,49.3864702],[-123.2158947,49.3864913],[-123.2159134,49.386517],[-123.2158987,49.3865688],[-123.2158972,49.3865948],[-123.2159057,49.3866057],[-123.215919,49.3866077],[-123.2159426,49.3866027],[-123.2159668,49.3866058],[-123.2159772,49.3866228],[-123.2159787,49.3866382],[-123.2159508,49.3866672],[-123.2159296,49.3867202],[-123.215945,49.3867404],[-123.215978,49.3867662],[-123.2159936,49.3867692],[-123.2160293,49.3867663],[-123.216078,49.3867817],[-123.2161079,49.3868071],[-123.216298,49.3868355],[-123.2163979,49.3868405],[-123.2165258,49.3867453],[-123.216596,49.3866967],[-123.2166388,49.3866279]]]}},{"type":"Feature","id":"56701916","properties":{"kind":"water","name":"","osmWayId":"56701916"},"geometry":{"type":"Polygon","coordinates":[[[-123.2145772,49.3845596],[-123.2145999,49.3845498],[-123.2146347,49.3845583],[-123.2147006,49.3845728],[-123.2147538,49.3845683],[-123.2147959,49.3845798],[-123.2148116,49.3846049],[-123.2148942,49.3846227],[-123.2149619,49.3846539],[-123.2150131,49.3846798],[-123.2150182,49.3847349],[-123.2150027,49.3847604],[-123.2149576,49.3847714],[-123.214919,49.3847932],[-123.2149003,49.3848203],[-123.2147601,49.3848857],[-123.2147417,49.3848915],[-123.2147214,49.3848824],[-123.2147157,49.3848389],[-123.2147101,49.3848187],[-123.2147246,49.3848004],[-123.214757,49.3847843],[-123.2147582,49.3847701],[-123.2147391,49.3847539],[-123.2147304,49.3847466],[-123.2146945,49.3847316],[-123.2146586,49.3847298],[-123.2146321,49.3847409],[-123.2146161,49.3847397],[-123.2146043,49.3847297],[-123.214608,49.3846933],[-123.2145432,49.3846457],[-123.2145429,49.3846],[-123.2145772,49.3845596]]]}},{"type":"Feature","id":"56701917","properties":{"kind":"water","name":"Theagill Lake","osmWayId":"56701917"},"geometry":{"type":"Polygon","coordinates":[[[-123.2176341,49.389152],[-123.2175498,49.3892014],[-123.2174543,49.3892434],[-123.2173914,49.3893109],[-123.2173961,49.3893559],[-123.2173826,49.3893802],[-123.2173263,49.3894129],[-123.2172693,49.3894225],[-123.2172526,49.389437],[-123.2172601,49.3894621],[-123.217264,49.3894816],[-123.217241,49.3895201],[-123.2171699,49.389592],[-123.2171451,49.3896348],[-123.2171138,49.389652],[-123.2171048,49.3896872],[-123.2170697,49.389726],[-123.2170233,49.3897734],[-123.2169713,49.3898168],[-123.2168772,49.3898798],[-123.2168428,49.389885],[-123.2168171,49.3898838],[-123.2167833,49.3898693],[-123.2167706,49.3898618],[-123.2167525,49.3898577],[-123.2167497,49.3898578],[-123.2167381,49.389867],[-123.2167184,49.389894],[-123.2167131,49.3899443],[-123.2167031,49.3899627],[-123.2166811,49.3899817],[-123.2166659,49.3899974],[-123.2166498,49.3900263],[-123.2166217,49.3900467],[-123.2166028,49.390097],[-123.2166017,49.3901815],[-123.2165937,49.3902004],[-123.2165477,49.3902376],[-123.2164918,49.3902534],[-123.2164477,49.3902728],[-123.2164081,49.3903059],[-123.2163784,49.3903565],[-123.2163578,49.390375],[-123.2163564,49.3903992],[-123.2163441,49.3904157],[-123.2163257,49.3904243],[-123.2162995,49.3904482],[-123.2162979,49.3904869],[-123.2163139,49.3905032],[-123.2163096,49.3905382],[-123.2162998,49.3905621],[-123.2162663,49.3906049],[-123.2162665,49.3906346],[-123.2162445,49.3906608],[-123.2162343,49.3906825],[-123.2162309,49.3907213],[-123.2161792,49.3908064],[-123.2161762,49.3908662],[-123.2161209,49.3909607],[-123.2161037,49.3910161],[-123.2161208,49.3910345],[-123.2161558,49.391042],[-123.2161898,49.3910385],[-123.2162037,49.3910353],[-123.2163192,49.3909828],[-123.2164052,49.3909584],[-123.2164912,49.3909112],[-123.2165803,49.3908266],[-123.2165987,49.3907688],[-123.2165937,49.3907197],[-123.2165758,49.3906682],[-123.2166086,49.3906038],[-123.2166852,49.3905661],[-123.2167325,49.3905594],[-123.2167763,49.3904628],[-123.216782,49.3904261],[-123.2167798,49.3903855],[-123.2167684,49.3903682],[-123.2167697,49.3903216],[-123.2168034,49.3902736],[-123.2168264,49.3902246],[-123.2168742,49.3901911],[-123.2169091,49.3901451],[-123.2169901,49.3901092],[-123.2170341,49.3900824],[-123.2170475,49.3900699],[-123.2170453,49.3900524],[-123.2170329,49.3900271],[-123.2170085,49.3900093],[-123.2170097,49.3899957],[-123.2170392,49.3899733],[-123.2170702,49.3899464],[-123.2170986,49.3899051],[-123.2172199,49.3897833],[-123.2172668,49.3897076],[-123.2173048,49.3896427],[-123.2173777,49.3895888],[-123.217416,49.3895472],[-123.21746,49.3895091],[-123.2174931,49.3894639],[-123.2175331,49.3894162],[-123.2175355,49.3893887],[-123.2175494,49.3893739],[-123.2176024,49.3893508],[-123.2176173,49.3893319],[-123.2176298,49.3893007],[-123.217629,49.3892439],[-123.2176539,49.3891974],[-123.217681,49.3891604],[-123.217691,49.3891417],[-123.2176729,49.3891301],[-123.2176476,49.3891335],[-123.2176341,49.389152]]]}},{"type":"Feature","id":"56701918","properties":{"kind":"water","name":"Cabin Lake","osmWayId":"56701918"},"geometry":{"type":"Polygon","coordinates":[[[-123.2196915,49.3922028],[-123.2197548,49.3922296],[-123.2197984,49.3922811],[-123.2197876,49.3923675],[-123.2197514,49.3924806],[-123.2197582,49.3925237],[-123.2197963,49.3925491],[-123.2198372,49.3925447],[-123.2198627,49.3925735],[-123.2199016,49.392584],[-123.2199234,49.3925601],[-123.2199345,49.3925884],[-123.2199177,49.3926019],[-123.2199392,49.3926242],[-123.2199351,49.3926792],[-123.2199693,49.3927215],[-123.2198968,49.3928554],[-123.2197697,49.3928489],[-123.2196919,49.3928124],[-123.2196153,49.3928424],[-123.2195542,49.3928814],[-123.2195381,49.3929886],[-123.2195496,49.3931156],[-123.2195201,49.3932247],[-123.2195194,49.3933068],[-123.2194523,49.3933025],[-123.2194339,49.3932713],[-123.2194275,49.3932326],[-123.2194604,49.3931706],[-123.2194013,49.3931646],[-123.2193405,49.3931396],[-123.2192734,49.3931141],[-123.2192512,49.3930327],[-123.2193249,49.3929917],[-123.2192431,49.3929402],[-123.2191774,49.3929489],[-123.2190606,49.3928248],[-123.2190567,49.3927883],[-123.2190688,49.3927656],[-123.2191131,49.3927909],[-123.2191345,49.392756],[-123.2190769,49.3926955],[-123.2190648,49.3926626],[-123.2190068,49.3926425],[-123.218987,49.3926626],[-123.2189481,49.3926469],[-123.2189682,49.3926229],[-123.2189449,49.3926054],[-123.2189276,49.3925498],[-123.2189859,49.3925428],[-123.2190446,49.3924771],[-123.2190575,49.3924626],[-123.2190849,49.3924699],[-123.2191389,49.3924031],[-123.219103,49.392343],[-123.2191042,49.3922792],[-123.2191627,49.3922488],[-123.2191975,49.3922528],[-123.2192572,49.392186],[-123.2193202,49.3922135],[-123.2193384,49.3922021],[-123.2193625,49.39221],[-123.2193576,49.3922413],[-123.2194268,49.3922504],[-123.2195134,49.3922593],[-123.2195093,49.3922781],[-123.2195328,49.3922872],[-123.2195576,49.3922519],[-123.2195912,49.3922685],[-123.2196173,49.3922476],[-123.2195871,49.3922034],[-123.2196133,49.3921668],[-123.219683,49.3921711],[-123.2196915,49.3922028]]]}},{"type":"Feature","id":"56701919","properties":{"kind":"water","name":"","osmWayId":"56701919"},"geometry":{"type":"Polygon","coordinates":[[[-123.2200161,49.3930452],[-123.2199485,49.3930763],[-123.2198556,49.3930929],[-123.2197665,49.3931523],[-123.2197438,49.3931871],[-123.21974,49.3932264],[-123.2196806,49.3932691],[-123.2196738,49.3932873],[-123.2196883,49.3933088],[-123.2197183,49.3933138],[-123.2197589,49.3933086],[-123.2198516,49.3933624],[-123.2198982,49.3933586],[-123.2199484,49.3933459],[-123.2200257,49.3933061],[-123.2200828,49.3932426],[-123.2200755,49.3932284],[-123.2200674,49.3931779],[-123.2200879,49.3931414],[-123.2201598,49.3930727],[-123.2201727,49.3930453],[-123.2201566,49.3930359],[-123.2201438,49.3930285],[-123.2201057,49.3930227],[-123.2200784,49.3930355],[-123.2200161,49.3930452]]]}},{"type":"Feature","id":"56701920","properties":{"kind":"water","name":"","osmWayId":"56701920"},"geometry":{"type":"Polygon","coordinates":[[[-123.2094219,49.3878883],[-123.2094789,49.3878968],[-123.2095598,49.3879012],[-123.2096157,49.3878859],[-123.2096651,49.3878815],[-123.209686,49.3878652],[-123.2097187,49.3878273],[-123.2097262,49.3878021],[-123.2097226,49.3877936],[-123.2097166,49.3877792],[-123.2097046,49.3877645],[-123.2096903,49.3877591],[-123.2096436,49.3877509],[-123.209611,49.3877439],[-123.2095913,49.3877439],[-123.2095506,49.3877336],[-123.2095312,49.3877241],[-123.2095216,49.3877216],[-123.2095108,49.387727],[-123.2094903,49.3877483],[-123.2094746,49.3877602],[-123.2094548,49.387758],[-123.2094255,49.3877492],[-123.209405,49.3877457],[-123.2093743,49.3877542],[-123.2093621,49.3877629],[-123.2093574,49.3877727],[-123.2093722,49.3877886],[-123.2093738,49.3878081],[-123.2093616,49.3878225],[-123.2093407,49.3878315],[-123.2093336,49.3878448],[-123.2093387,49.3878572],[-123.2094219,49.3878883]]]}},{"type":"Feature","id":"56701923","properties":{"kind":"water","name":"Yew Lake","osmWayId":"56701923"},"geometry":{"type":"Polygon","coordinates":[[[-123.2134301,49.3992464],[-123.2134201,49.3990931],[-123.2134172,49.3989666],[-123.2132873,49.3989156],[-123.2131205,49.3988675],[-123.2129159,49.3988238],[-123.2128878,49.398737],[-123.2128342,49.3987756],[-123.2128002,49.3988752],[-123.212641,49.3989196],[-123.2125011,49.3989177],[-123.2124336,49.3989841],[-123.2122629,49.3990347],[-123.2120951,49.3990979],[-123.2117891,49.399025],[-123.2115133,49.3990576],[-123.2112815,49.399106],[-123.2111718,49.3990998],[-123.2109052,49.3990578],[-123.2107532,49.399008],[-123.2104751,49.398976],[-123.2104213,49.3989249],[-123.2103139,49.3988955],[-123.2101464,49.3988194],[-123.2100408,49.398747],[-123.2099346,49.3987514],[-123.2098835,49.3988652],[-123.2097055,49.3988504],[-123.2096352,49.3988254],[-123.2095021,49.3988],[-123.2093931,49.3987403],[-123.2090609,49.3986411],[-123.2093022,49.3987744],[-123.2094209,49.398864],[-123.2096085,49.3989131],[-123.2097762,49.3989811],[-123.2098721,49.3990156],[-123.2099109,49.3990615],[-123.2098885,49.3992355],[-123.2098411,49.3993485],[-123.2098629,49.3993956],[-123.2099572,49.3994297],[-123.2101389,49.3994394],[-123.210258,49.3993115],[-123.210448,49.3991718],[-123.2105818,49.3991664],[-123.210882,49.3991739],[-123.2111357,49.399226],[-123.2112625,49.399219],[-123.2113103,49.3991718],[-123.2115664,49.3991863],[-123.2117753,49.3991623],[-123.2118916,49.3991565],[-123.212147,49.3991557],[-123.2122351,49.3992682],[-123.2122487,49.3993984],[-123.2125146,49.3995182],[-123.2127529,49.3995926],[-123.2129783,49.399593],[-123.2131198,49.3995482],[-123.2131121,49.3995004],[-123.213189,49.3994877],[-123.2132396,49.3994708],[-123.2132433,49.3994316],[-123.2133119,49.3994135],[-123.2133485,49.399315],[-123.2134301,49.3992464]]]}},{"type":"Feature","id":"56701925","properties":{"kind":"water","name":"","osmWayId":"56701925"},"geometry":{"type":"Polygon","coordinates":[[[-123.206234,49.3992112],[-123.2061633,49.3992053],[-123.2061566,49.3992585],[-123.2060985,49.3992846],[-123.2059434,49.3993004],[-123.2058107,49.3992731],[-123.2057962,49.3993095],[-123.2059139,49.3993964],[-123.2060171,49.3995244],[-123.2060646,49.3995328],[-123.2061017,49.3995012],[-123.2061593,49.3995265],[-123.2061527,49.3995467],[-123.2062409,49.3995851],[-123.20634,49.3995721],[-123.2062718,49.399507],[-123.206217,49.3994619],[-123.2062225,49.3994071],[-123.2062399,49.3993374],[-123.2062452,49.3993161],[-123.2062773,49.3992751],[-123.206234,49.3992112]]]}},{"type":"Feature","id":"56701926","properties":{"kind":"water","name":"","osmWayId":"56701926"},"geometry":{"type":"Polygon","coordinates":[[[-123.1971842,49.42011],[-123.1969757,49.4201778],[-123.1967751,49.4206944],[-123.1968471,49.4207844],[-123.1971361,49.420684],[-123.1973206,49.4205118],[-123.1973366,49.4202926],[-123.1973041,49.4201702],[-123.1971842,49.42011]]]}},{"type":"Feature","id":"58744032","properties":{"kind":"path","name":"Hollyburn Winter Access Trail","osmWayId":"58744032"},"geometry":{"type":"LineString","coordinates":[[-123.1816918,49.3849675],[-123.1816667,49.3851613],[-123.1813073,49.3853586],[-123.1812626,49.3854317],[-123.1813423,49.3857157],[-123.1814026,49.385998],[-123.1813806,49.3861752],[-123.181369,49.3862927],[-123.1812403,49.3864481],[-123.1811506,49.3866159],[-123.1811487,49.3867573],[-123.1811978,49.3868345],[-123.1814393,49.3869858],[-123.181733,49.3870546],[-123.1819623,49.387063],[-123.1820677,49.3871063],[-123.1821424,49.3871717],[-123.1821556,49.3872659],[-123.1820429,49.3873888],[-123.1816974,49.3878802],[-123.1816909,49.3879828],[-123.1816426,49.3882011],[-123.1813824,49.388428],[-123.1809318,49.3887266],[-123.180756,49.3889028],[-123.1807226,49.3889745],[-123.1806797,49.3893603],[-123.1803543,49.3895351],[-123.1803679,49.3898765],[-123.1805013,49.3899902],[-123.180579,49.3901672],[-123.1805858,49.3905824],[-123.1804624,49.3907169],[-123.1804538,49.3908911]]}},{"type":"Feature","id":"58750203","properties":{"kind":"building","name":"Upper Warming Hut","osmWayId":"58750203"},"geometry":{"type":"Polygon","coordinates":[[[-123.1806967,49.3833416],[-123.1807314,49.3832391],[-123.1808141,49.383256],[-123.1807719,49.3833555],[-123.1806967,49.3833416]]]}},{"type":"Feature","id":"59525366","properties":{"kind":"path","name":"Mount Strachan Trail","osmWayId":"59525366"},"geometry":{"type":"LineString","coordinates":[[-123.1877301,49.4033156],[-123.1878685,49.4033093],[-123.1879981,49.4033297],[-123.1880223,49.4034696],[-123.1880553,49.4035161],[-123.188225,49.4036149],[-123.1882393,49.403688],[-123.1882077,49.4039271],[-123.1882638,49.4040135],[-123.1883406,49.4040597],[-123.1884217,49.4040807],[-123.1884898,49.4040901]]}},{"type":"Feature","id":"59525368","properties":{"kind":"path","name":"Howe Sound Crest Trail","osmWayId":"59525368"},"geometry":{"type":"LineString","coordinates":[[-123.2071941,49.4045948],[-123.207111,49.4044815],[-123.2070109,49.4043838],[-123.2068419,49.4042323],[-123.2063879,49.4039928],[-123.2058045,49.4036659],[-123.2050682,49.403215]]}},{"type":"Feature","id":"59525369","properties":{"kind":"path","name":"Howe Sound Crest Trail","osmWayId":"59525369"},"geometry":{"type":"LineString","coordinates":[[-123.2054689,49.4000104],[-123.2055882,49.400165],[-123.2057716,49.4003272],[-123.2058607,49.4003805],[-123.2059726,49.4005284],[-123.2062558,49.4007005],[-123.2062393,49.4007184],[-123.2060526,49.400714],[-123.2058392,49.4007132],[-123.2055402,49.4006597],[-123.2053959,49.4006711],[-123.2053989,49.4007562],[-123.2055331,49.4009234],[-123.205557,49.4010599],[-123.2056139,49.4011576],[-123.2056024,49.4012939],[-123.2054495,49.4013963],[-123.2054011,49.4015429],[-123.2052943,49.4016118],[-123.2052153,49.4017236],[-123.2051455,49.4018665],[-123.2050707,49.4020382],[-123.2049216,49.4021308],[-123.2046556,49.4021372],[-123.2042985,49.4020845]]}},{"type":"Feature","id":"59525370","properties":{"kind":"path","name":"Howe Sound Crest Trail","osmWayId":"59525370"},"geometry":{"type":"LineString","coordinates":[[-123.2038985,49.4139232],[-123.2037407,49.4140714],[-123.20371,49.4141067],[-123.2036849,49.4141931],[-123.2036534,49.4142358],[-123.2036196,49.4142653],[-123.2035558,49.4142948],[-123.2034906,49.4143629],[-123.2033528,49.4144935],[-123.2032556,49.4146033],[-123.2032398,49.4146697],[-123.2032526,49.4147208],[-123.2033771,49.414883],[-123.2034067,49.4149497],[-123.2034192,49.4151326],[-123.2034576,49.415208],[-123.2035369,49.4152756],[-123.2036494,49.4153401],[-123.2037272,49.4153808],[-123.203839,49.4154123],[-123.2040173,49.4154329],[-123.2044198,49.4154902],[-123.2045824,49.4155276],[-123.2047646,49.4155859],[-123.2049299,49.4156783],[-123.2050459,49.4157194],[-123.2051669,49.4157278],[-123.2054836,49.4157128],[-123.205687,49.4157098],[-123.2059053,49.4157356],[-123.2059999,49.41573],[-123.2061702,49.4157011],[-123.2064499,49.4156926],[-123.2066167,49.4156832],[-123.2067943,49.4156906],[-123.2070822,49.4156913],[-123.2074632,49.4156567],[-123.207663,49.4156368],[-123.2077118,49.4156353],[-123.2077345,49.415646],[-123.2077274,49.4156674],[-123.2076387,49.415738],[-123.2074769,49.4158466],[-123.2072021,49.4160301],[-123.2069382,49.4161782],[-123.206664,49.4163063],[-123.2065126,49.4164106],[-123.2063655,49.4164853],[-123.2062459,49.4165357],[-123.2061532,49.4165974],[-123.2061502,49.4166153],[-123.2061667,49.4166245],[-123.206207,49.4166306],[-123.2063046,49.4166211],[-123.206556,49.4165698],[-123.2068723,49.4165145],[-123.207309,49.416483],[-123.2074177,49.4164755],[-123.2074524,49.4164796],[-123.2074568,49.41649],[-123.2074412,49.4165055],[-123.2071384,49.4166456],[-123.2070092,49.4167555],[-123.2069703,49.4167978],[-123.2069793,49.4168095],[-123.206999,49.4168116],[-123.2072864,49.4167157],[-123.2073264,49.4167136],[-123.2073342,49.4167247],[-123.2073274,49.4167464],[-123.2072386,49.4168932],[-123.2072423,49.4169115],[-123.2072653,49.4169159],[-123.2073296,49.4169002],[-123.2074108,49.4168731],[-123.2074897,49.4168308],[-123.2075131,49.4168301],[-123.2075254,49.4168458],[-123.2075248,49.4168907],[-123.2075379,49.4169457],[-123.2075763,49.4169654],[-123.2076394,49.4169876],[-123.207721,49.4170692],[-123.2077447,49.4170997],[-123.2077423,49.4171214],[-123.2077184,49.4171319],[-123.207635,49.417131],[-123.2075812,49.4171448],[-123.2075617,49.4171674],[-123.2075545,49.4171983],[-123.2075546,49.4172958],[-123.207506,49.4174115],[-123.2074596,49.4174592],[-123.2073717,49.4174832],[-123.2072968,49.4174962],[-123.2072455,49.4175224],[-123.2071112,49.4177058],[-123.2070744,49.4177855],[-123.2070276,49.4178311],[-123.207018,49.4178539],[-123.2070214,49.4179201],[-123.2070089,49.4179481],[-123.2069734,49.4179695],[-123.2069354,49.4179802],[-123.2068322,49.4179888],[-123.2067793,49.4180066],[-123.2067406,49.4180478],[-123.206706,49.4181112],[-123.2066999,49.4181799],[-123.2067149,49.418218],[-123.2067733,49.4182719],[-123.2067892,49.4183118],[-123.2067994,49.4183856],[-123.2067742,49.4184462],[-123.2066612,49.4185819],[-123.2065195,49.4186898],[-123.2064542,49.4187639],[-123.2063763,49.4189244],[-123.2062835,49.419147],[-123.2062082,49.4192772],[-123.2061192,49.4193835],[-123.2060811,49.4194806],[-123.206084,49.4197025],[-123.2060629,49.4199831],[-123.206038,49.4200681],[-123.205965,49.4201568],[-123.2059034,49.4202488],[-123.2058644,49.4203509],[-123.2058311,49.4205021],[-123.2057482,49.4206662],[-123.2057265,49.4207515],[-123.2057416,49.420846],[-123.2057634,49.4209558],[-123.2057396,49.4211148],[-123.2057074,49.4211982],[-123.2056235,49.4214223],[-123.2055991,49.4214871],[-123.2056115,49.4215592],[-123.2056731,49.4217256],[-123.205743,49.4219551],[-123.2058203,49.4221926],[-123.205862,49.4222474],[-123.2059402,49.4222897],[-123.2060602,49.4223352],[-123.2061347,49.4223786],[-123.2061541,49.4224033],[-123.2061516,49.4224274],[-123.2061316,49.4224489],[-123.206084,49.4224556],[-123.205948,49.4224534],[-123.2058132,49.4224528],[-123.2057003,49.4224518],[-123.2054256,49.4224495],[-123.2053764,49.4224621],[-123.205345,49.4224864],[-123.2053451,49.4225155],[-123.2053713,49.4225436],[-123.2054494,49.4225867],[-123.2056056,49.4226567],[-123.2056949,49.4227212],[-123.2058057,49.4227657],[-123.2058548,49.4227917],[-123.2058927,49.4228445],[-123.2059814,49.4228956],[-123.2060191,49.422949],[-123.2060723,49.4229896],[-123.2062169,49.4230627],[-123.2064452,49.4231964],[-123.2065712,49.4233024],[-123.2066624,49.4233943],[-123.2067008,49.4234577],[-123.206693,49.4234827],[-123.2066591,49.4234974],[-123.2065982,49.4234973],[-123.2065389,49.4234898],[-123.2063972,49.4234715],[-123.2062191,49.4234653],[-123.206059,49.4234695],[-123.2059385,49.4234784],[-123.2058949,49.4235028],[-123.2058709,49.4235482],[-123.2058786,49.4235731],[-123.20592,49.4236104],[-123.2059325,49.4236293],[-123.2059141,49.4236452],[-123.2058445,49.423665],[-123.2057204,49.4236618],[-123.2056842,49.4236743],[-123.2056757,49.4236952],[-123.2056757,49.4237186],[-123.2056892,49.4237445],[-123.2057274,49.4237666],[-123.2058219,49.4238075],[-123.205923,49.4238756],[-123.2059339,49.4239076],[-123.205914,49.4239429],[-123.2058707,49.4239909],[-123.2058555,49.4240149],[-123.2058527,49.4240452],[-123.2058766,49.4240627],[-123.2059073,49.42407],[-123.2059542,49.4240606],[-123.2060733,49.424046],[-123.2061011,49.42406],[-123.2061149,49.4240919],[-123.2061067,49.4241386],[-123.2060865,49.4242101],[-123.2060885,49.4242815],[-123.206044,49.4243524],[-123.206034,49.4244001],[-123.2060263,49.4245467],[-123.2059296,49.4246796],[-123.205873,49.4248293],[-123.205868,49.4249696],[-123.2057995,49.4250984],[-123.2057911,49.425163],[-123.2058299,49.4253012],[-123.2058522,49.4253919],[-123.2058765,49.4255043],[-123.2058684,49.4257181],[-123.2057298,49.4259369],[-123.2057182,49.4260044],[-123.2057281,49.4260817],[-123.2057809,49.4262039],[-123.2058141,49.4262775],[-123.2058365,49.4264364],[-123.2059216,49.4265514],[-123.2060246,49.4266703],[-123.2061366,49.4267439],[-123.2062588,49.426859],[-123.2063415,49.426998],[-123.2063869,49.4270845],[-123.2064296,49.427265],[-123.2065369,49.4274579],[-123.2065873,49.4276441],[-123.20663,49.4276799],[-123.2067833,49.42774],[-123.2068331,49.4277906],[-123.2068796,49.4278608],[-123.2068952,49.4279097],[-123.2069323,49.4280259],[-123.2069296,49.4282482],[-123.206914,49.4283619],[-123.2069142,49.4284942],[-123.2069009,49.4286134],[-123.2068514,49.4286856],[-123.2067902,49.4287552],[-123.2067892,49.4287794],[-123.206818,49.4287979],[-123.2069168,49.4288037],[-123.2070082,49.4288079],[-123.2071288,49.4288016],[-123.2071961,49.4288133],[-123.2072103,49.4288335],[-123.2072035,49.4288637],[-123.2071489,49.4289235],[-123.2070282,49.4290599],[-123.207015,49.4291367],[-123.2070344,49.4292453],[-123.2071042,49.4293965],[-123.207141,49.4294802],[-123.2071304,49.4294986],[-123.2070747,49.4295132],[-123.2069916,49.4295262],[-123.2069671,49.4295486],[-123.2069679,49.4295736],[-123.2069963,49.4296107],[-123.2070732,49.4296537],[-123.2071037,49.4296862],[-123.2071076,49.4297239],[-123.2070998,49.4297454],[-123.2070074,49.4297711],[-123.2069951,49.429785],[-123.2070223,49.4297945],[-123.2070798,49.4297946],[-123.2071858,49.4297978],[-123.2072006,49.4298057],[-123.2072031,49.4298176],[-123.2071902,49.4298332],[-123.2071411,49.4298839],[-123.2071182,49.4299082],[-123.2071238,49.4299225],[-123.2071432,49.4299437],[-123.2071479,49.4299691],[-123.2071144,49.4300121],[-123.2071153,49.4300382],[-123.2071384,49.4300693],[-123.207183,49.4300762],[-123.207237,49.4300623],[-123.2072998,49.4300084],[-123.2073215,49.4299969],[-123.2073337,49.430007],[-123.2073381,49.4300945],[-123.2073645,49.4301522],[-123.2073577,49.4301965],[-123.2073179,49.4302543],[-123.2072863,49.4303007],[-123.2072795,49.4303361],[-123.2072921,49.4303631],[-123.2073346,49.4303989],[-123.2073994,49.4304309],[-123.2074481,49.4304871],[-123.2075081,49.4305375],[-123.2075889,49.4306086],[-123.2076389,49.4306848],[-123.2077063,49.4307768],[-123.2077207,49.4308254],[-123.2077163,49.4309804],[-123.2076915,49.4310645],[-123.2076127,49.4311439],[-123.2075937,49.4311847],[-123.2076145,49.4312767],[-123.2076876,49.4314391],[-123.2077037,49.4315376],[-123.2077226,49.4316495],[-123.2077809,49.4317536],[-123.2078756,49.4318594],[-123.2079717,49.4319737],[-123.2080019,49.4320653],[-123.2080115,49.4321646],[-123.2079943,49.4322324],[-123.2079671,49.4322645],[-123.2079617,49.4322853],[-123.2079708,49.4323082],[-123.2080336,49.4323396],[-123.2081275,49.4323701],[-123.2081544,49.4324011],[-123.208178,49.432494],[-123.2081826,49.4325289],[-123.208156,49.4326162],[-123.2081508,49.432774],[-123.2081331,49.4328106],[-123.2080447,49.4328798],[-123.2080055,49.4329178],[-123.2080006,49.4329643],[-123.2079355,49.4330235],[-123.207916,49.4330588],[-123.2079111,49.433093],[-123.2079323,49.4331425],[-123.2080335,49.4332242],[-123.2080614,49.4332781],[-123.2081006,49.4334282],[-123.2081397,49.43355],[-123.2081361,49.4336895],[-123.2081079,49.4338389],[-123.208066,49.433897],[-123.208016,49.4339329],[-123.2079176,49.4339794],[-123.2077179,49.4340388],[-123.2075791,49.4341013],[-123.2074363,49.4342059],[-123.2072951,49.4342503],[-123.2072308,49.4342703],[-123.2072147,49.4342879],[-123.2072152,49.4343127],[-123.2072417,49.4343496],[-123.2072698,49.4343819],[-123.207261,49.4344021],[-123.2072335,49.4344218],[-123.2071514,49.4344555],[-123.2070094,49.4345366],[-123.2069834,49.4345656],[-123.206987,49.4345853],[-123.2070356,49.434609],[-123.20705,49.4346265],[-123.2070455,49.4346465],[-123.2069958,49.4346773],[-123.2068901,49.4347129],[-123.2067904,49.4347268],[-123.206583,49.434729],[-123.2064624,49.4347446],[-123.2064255,49.4347632],[-123.2064157,49.4347886],[-123.2064222,49.4348098],[-123.2064472,49.4348311],[-123.2065086,49.4348516],[-123.2065706,49.4348909],[-123.2065946,49.4349189],[-123.2065939,49.434943]]}},{"type":"Feature","id":"59554905","properties":{"kind":"path","name":"Mount Strachan Trail","osmWayId":"59554905"},"geometry":{"type":"LineString","coordinates":[[-123.1931089,49.4131914],[-123.1930921,49.4131331],[-123.1930777,49.4130314],[-123.1930869,49.412985],[-123.1931721,49.4129444],[-123.1932024,49.4128878],[-123.1931705,49.4127799],[-123.1932282,49.4127348],[-123.1932388,49.412617],[-123.1931967,49.4124518],[-123.1932169,49.412402],[-123.1933015,49.412375],[-123.1934681,49.412344],[-123.1934833,49.4122934],[-123.1934834,49.4122339],[-123.1934037,49.4122144],[-123.1933876,49.4121761],[-123.1933963,49.4121488],[-123.1934247,49.4121215],[-123.1934937,49.4120955],[-123.1935352,49.4119998],[-123.193591,49.4119419],[-123.1937464,49.4118527],[-123.1938016,49.4118049],[-123.193819,49.411609],[-123.1938192,49.4115648],[-123.1938373,49.4115323],[-123.1939055,49.4115022],[-123.1940208,49.4114877],[-123.1941672,49.4114629],[-123.194363,49.4114281],[-123.1945885,49.4113028],[-123.1948241,49.4111799],[-123.1955747,49.4107721],[-123.1956917,49.4107174],[-123.1961654,49.4107991],[-123.1964117,49.4106212],[-123.1964016,49.4104684],[-123.1964438,49.4103511],[-123.1963587,49.4102581]]}},{"type":"Feature","id":"60193879","properties":{"kind":"path","name":"Baden Powell Trail","osmWayId":"60193879"},"geometry":{"type":"LineString","coordinates":[[-123.1787858,49.3872893],[-123.1788122,49.3871874],[-123.1788967,49.3869275],[-123.1787626,49.3866144],[-123.1787102,49.3864],[-123.1787861,49.3861614],[-123.179025,49.385943],[-123.1792339,49.3856923],[-123.1795293,49.3854551],[-123.1797744,49.385014],[-123.1798703,49.384808],[-123.1799921,49.384602]]}},{"type":"Feature","id":"61580888","properties":{"kind":"path","name":"Top Gun","osmWayId":"61580888"},"geometry":{"type":"LineString","coordinates":[[-123.2050682,49.403215],[-123.2048732,49.4028693],[-123.2045841,49.4026489],[-123.2043561,49.4024482],[-123.2042267,49.4022853],[-123.2042286,49.4022013],[-123.2042985,49.4020845]]}},{"type":"Feature","id":"61580890","properties":{"kind":"path","name":"Howe Sound Crest Trail","osmWayId":"61580890"},"geometry":{"type":"LineString","coordinates":[[-123.205023,49.3995146],[-123.2052328,49.3998362],[-123.2054689,49.4000104]]}},{"type":"Feature","id":"61580892","properties":{"kind":"path","name":"","osmWayId":"61580892"},"geometry":{"type":"LineString","coordinates":[[-123.2005612,49.3922095],[-123.2005786,49.3922715],[-123.2006052,49.392325],[-123.2007028,49.3923851],[-123.2007581,49.3924348],[-123.200811,49.3925094],[-123.2007695,49.3927554]]}},{"type":"Feature","id":"62534197","properties":{"kind":"water","name":"","osmWayId":"62534197"},"geometry":{"type":"Polygon","coordinates":[[[-123.176613,49.3843308],[-123.1766483,49.3843546],[-123.1766792,49.3843319],[-123.17666,49.3842918],[-123.1766751,49.3842175],[-123.1766231,49.3841947],[-123.1765441,49.3840947],[-123.1763986,49.3840343],[-123.1763653,49.3840971],[-123.1763857,49.3841827],[-123.1764864,49.38431],[-123.1765507,49.3843699],[-123.1765947,49.3843616],[-123.1765853,49.3843415],[-123.176613,49.3843308]]]}},{"type":"Feature","id":"62534199","properties":{"kind":"water","name":"Lookout Lake","osmWayId":"62534199"},"geometry":{"type":"Polygon","coordinates":[[[-123.1768309,49.3896477],[-123.1768649,49.389672],[-123.1769793,49.3896121],[-123.177109,49.3895864],[-123.17716,49.3895563],[-123.1772257,49.3895271],[-123.177229,49.3894795],[-123.1771792,49.3894514],[-123.1771693,49.389415],[-123.1770875,49.3893826],[-123.1770066,49.3893972],[-123.1769005,49.3894722],[-123.1768435,49.3895406],[-123.1768309,49.3896477]]]}},{"type":"Feature","id":"62534210","properties":{"kind":"water","name":"Elsvik Lake","osmWayId":"62534210"},"geometry":{"type":"Polygon","coordinates":[[[-123.1854427,49.3839312],[-123.1851166,49.383834],[-123.1849396,49.3838722],[-123.1849431,49.3839312],[-123.1850437,49.3840144],[-123.185297,49.3840526],[-123.185408,49.384011],[-123.1854724,49.3839759],[-123.1854427,49.3839312]]]}},{"type":"Feature","id":"62534211","properties":{"kind":"water","name":"Frank Lake","osmWayId":"62534211"},"geometry":{"type":"Polygon","coordinates":[[[-123.1878112,49.4024985],[-123.187858,49.4024913],[-123.1878778,49.402438],[-123.1879392,49.4023169],[-123.187956,49.4022477],[-123.1879321,49.4021673],[-123.1879252,49.4020862],[-123.1880118,49.4020317],[-123.1880166,49.4019995],[-123.1879725,49.4019576],[-123.187989,49.4019178],[-123.1879759,49.4018891],[-123.1878939,49.4018867],[-123.1878108,49.401931],[-123.1877561,49.4020035],[-123.1877105,49.4021522],[-123.1876914,49.4023626],[-123.1877486,49.4024471],[-123.1878112,49.4024985]]]}},{"type":"Feature","id":"62534223","properties":{"kind":"water","name":"","osmWayId":"62534223"},"geometry":{"type":"Polygon","coordinates":[[[-123.1763643,49.3835624],[-123.1764914,49.3834964],[-123.1765708,49.3834151],[-123.1766864,49.3832291],[-123.1767089,49.3830966],[-123.1765821,49.3830938],[-123.1765201,49.3831248],[-123.1763509,49.3834236],[-123.1762902,49.3835174],[-123.1763643,49.3835624]]]}},{"type":"Feature","id":"62534225","properties":{"kind":"water","name":"Second Lake","osmWayId":"62534225"},"geometry":{"type":"Polygon","coordinates":[[[-123.1841847,49.3840056],[-123.1843357,49.383995],[-123.1844955,49.3838973],[-123.1845453,49.3838138],[-123.1846333,49.383774],[-123.1845675,49.3837461],[-123.1844533,49.3837264],[-123.1843997,49.3836317],[-123.1843248,49.3835706],[-123.1842765,49.3835409],[-123.1842156,49.3835609],[-123.1841655,49.3836053],[-123.1840372,49.3836806],[-123.1839696,49.3837496],[-123.1839467,49.3837729],[-123.1840027,49.3838328],[-123.1840879,49.3839126],[-123.1841847,49.3840056]]]}},{"type":"Feature","id":"62534232","properties":{"kind":"water","name":"Fourth Lake","osmWayId":"62534232"},"geometry":{"type":"Polygon","coordinates":[[[-123.1802984,49.383691],[-123.180331,49.383781],[-123.1804343,49.3838404],[-123.1805668,49.3837923],[-123.1806408,49.3837889],[-123.1806694,49.3838404],[-123.1809909,49.384011],[-123.1811224,49.3840358],[-123.1812671,49.3839552],[-123.1812872,49.3839844],[-123.1812137,49.3842026],[-123.1811678,49.3842621],[-123.1811027,49.3843168],[-123.181015,49.3843756],[-123.1809127,49.3844155],[-123.1807085,49.3844411],[-123.1806543,49.3844537],[-123.1805702,49.3844023],[-123.1805054,49.3843089],[-123.1804624,49.3841206],[-123.1805255,49.384091],[-123.1804182,49.3839085],[-123.180386,49.3838727],[-123.1802908,49.3838395],[-123.1801714,49.3838544],[-123.1801593,49.3838151],[-123.1801473,49.3837758],[-123.1801459,49.3836745],[-123.1802572,49.3836693],[-123.1802984,49.383691]]]}},{"type":"Feature","id":"62534242","properties":{"kind":"water","name":"Heather Lake","osmWayId":"62534242"},"geometry":{"type":"Polygon","coordinates":[[[-123.1841917,49.3984184],[-123.1841737,49.398335],[-123.1840699,49.3982763],[-123.183867,49.3982899],[-123.1840203,49.3984387],[-123.1841376,49.39845],[-123.1841917,49.3984184]]]}},{"type":"Feature","id":"62534243","properties":{"kind":"water","name":"","osmWayId":"62534243"},"geometry":{"type":"Polygon","coordinates":[[[-123.1772428,49.3831577],[-123.1773078,49.3832061],[-123.177324,49.3832637],[-123.1774383,49.3832416],[-123.177571,49.3830616],[-123.1776447,49.3830882],[-123.1777557,49.3829504],[-123.1776437,49.3828864],[-123.1774808,49.3830385],[-123.1774123,49.3830692],[-123.1772751,49.3830746],[-123.1772428,49.3831577]]]}},{"type":"Feature","id":"62534246","properties":{"kind":"water","name":"Sixth Lake","osmWayId":"62534246"},"geometry":{"type":"Polygon","coordinates":[[[-123.1778011,49.3878708],[-123.1776149,49.3879446],[-123.1775388,49.3879645],[-123.1775308,49.3879479],[-123.1776018,49.3879104],[-123.1776555,49.3878632],[-123.1776352,49.3877577],[-123.1776153,49.3876598],[-123.1775616,49.3876188],[-123.1775038,49.3876113],[-123.1773535,49.3874603],[-123.1772784,49.3874292],[-123.1772438,49.387349],[-123.1772558,49.387329],[-123.1773262,49.3873336],[-123.1774793,49.3873444],[-123.1777435,49.3873333],[-123.17791,49.3873511],[-123.1779613,49.387384],[-123.1778767,49.387411],[-123.1777118,49.3874529],[-123.1776658,49.3875087],[-123.1777334,49.3875407],[-123.1778339,49.3875865],[-123.1779093,49.3876143],[-123.1778821,49.3877366],[-123.1778011,49.3878708]]]}},{"type":"Feature","id":"62534249","properties":{"kind":"water","name":"","osmWayId":"62534249"},"geometry":{"type":"Polygon","coordinates":[[[-123.1724612,49.3839023],[-123.1722639,49.3839276],[-123.1721652,49.3839925],[-123.1721511,49.384077],[-123.1722752,49.3840996],[-123.1724781,49.3840629],[-123.1725571,49.3840066],[-123.1725486,49.3839474],[-123.172495,49.3839107],[-123.1724612,49.3839023]]]}},{"type":"Feature","id":"62534268","properties":{"kind":"water","name":"Third Lake","osmWayId":"62534268"},"geometry":{"type":"Polygon","coordinates":[[[-123.1832628,49.383526],[-123.18315,49.3835846],[-123.1829919,49.3835099],[-123.1828838,49.383535],[-123.1827168,49.3834755],[-123.182587,49.3834834],[-123.1823628,49.3834021],[-123.1822177,49.3834371],[-123.182116,49.3834304],[-123.182002,49.3832773],[-123.1820747,49.3832537],[-123.1822097,49.3833067],[-123.1822971,49.3832694],[-123.1824571,49.3832047],[-123.1824875,49.3831193],[-123.1826109,49.3831585],[-123.1826136,49.3831023],[-123.182741,49.3831271],[-123.1827745,49.3831769],[-123.1828496,49.3831996],[-123.1828827,49.3831787],[-123.1829875,49.3833449],[-123.1832397,49.383391],[-123.1833654,49.383365],[-123.1834061,49.3834205],[-123.1833753,49.383472],[-123.1833143,49.3834905],[-123.1832628,49.383526]]]}},{"type":"Feature","id":"65057498","properties":{"kind":"path","name":"Cabin Lake Trail","osmWayId":"65057498"},"geometry":{"type":"LineString","coordinates":[[-123.2179379,49.3920422],[-123.2181646,49.392122],[-123.2184137,49.3922187],[-123.218462,49.3922607],[-123.218519,49.3923025],[-123.2186732,49.3923665]]}},{"type":"Feature","id":"65057499","properties":{"kind":"path","name":"Yew Lake Trail","osmWayId":"65057499"},"geometry":{"type":"LineString","coordinates":[[-123.2057138,49.3972436],[-123.2056992,49.3972621],[-123.2056768,49.3973027],[-123.2056593,49.3973585],[-123.2056348,49.3974066],[-123.2056018,49.3974564],[-123.2055726,49.397489],[-123.2055621,49.3974992],[-123.2055098,49.3975563]]}},{"type":"Feature","id":"65057500","properties":{"kind":"path","name":"Yew Lake Trail","osmWayId":"65057500"},"geometry":{"type":"LineString","coordinates":[[-123.2043577,49.3973748],[-123.2043319,49.3973],[-123.204295,49.3972112],[-123.2042765,49.3971281],[-123.204272,49.3970267],[-123.2042617,49.3969894],[-123.2042636,49.3969186],[-123.2042349,49.3968319]]}},{"type":"Feature","id":"65057503","properties":{"kind":"path","name":"","osmWayId":"65057503"},"geometry":{"type":"LineString","coordinates":[[-123.2026366,49.395008],[-123.2027547,49.3949901],[-123.2029065,49.3950027],[-123.2030028,49.3950335],[-123.2030742,49.395077],[-123.2032347,49.3951745],[-123.203386,49.3952665],[-123.2035268,49.3953522],[-123.203539,49.3953811],[-123.203607,49.3955428],[-123.2036273,49.395591],[-123.2037131,49.3956891],[-123.2038503,49.3958462],[-123.2038699,49.3958687]]}},{"type":"Feature","id":"65057507","properties":{"kind":"path","name":"","osmWayId":"65057507"},"geometry":{"type":"LineString","coordinates":[[-123.2041186,49.3958788],[-123.2039969,49.3961788],[-123.2037673,49.3962536],[-123.2035435,49.3962832],[-123.2033799,49.3962911],[-123.2031413,49.3963629],[-123.2029748,49.3963701],[-123.2028791,49.3964038]]}},{"type":"Feature","id":"65057508","properties":{"kind":"path","name":"Cabin Lake Trail","osmWayId":"65057508"},"geometry":{"type":"LineString","coordinates":[[-123.2188502,49.3923735],[-123.2188842,49.3924096],[-123.2189041,49.392469]]}},{"type":"Feature","id":"65057509","properties":{"kind":"path","name":"Yew Lake Trail","osmWayId":"65057509"},"geometry":{"type":"LineString","coordinates":[[-123.2055098,49.3975563],[-123.2054666,49.3975647],[-123.2054039,49.3975622],[-123.205325,49.3975562],[-123.2052723,49.3975408],[-123.20521,49.3975124],[-123.2051504,49.3974784],[-123.2050664,49.3974608],[-123.2049918,49.3974604],[-123.2049035,49.3974659],[-123.204708,49.3974661],[-123.2046185,49.397455],[-123.2043577,49.3973748]]}},{"type":"Feature","id":"65057510","properties":{"kind":"path","name":"Black Mountain Trail","osmWayId":"65057510"},"geometry":{"type":"LineString","coordinates":[[-123.2115307,49.39555],[-123.2115734,49.3954994],[-123.211648,49.3954812],[-123.2118078,49.3955139],[-123.2119074,49.3955199],[-123.2119832,49.3954988],[-123.2120221,49.3954675],[-123.2120092,49.3954493],[-123.2119703,49.3953955],[-123.2118903,49.3953624],[-123.211762,49.3952708],[-123.2117233,49.3952219],[-123.2116855,49.3951958],[-123.2117336,49.395155],[-123.2118572,49.3951255],[-123.211995,49.3950984],[-123.2120875,49.3951118],[-123.2120847,49.3950803],[-123.2120471,49.3950451],[-123.212036,49.3949925],[-123.2119891,49.3949251],[-123.2119403,49.3948241],[-123.2120141,49.3948562],[-123.2121722,49.3948844],[-123.2121488,49.3948024],[-123.2121281,49.394759],[-123.2121364,49.394686],[-123.2121549,49.3946512],[-123.2121746,49.3946418],[-123.2121906,49.3946453],[-123.2122206,49.3946747],[-123.2122726,49.3947178],[-123.2122989,49.3947599],[-123.2124078,49.3948111],[-123.2124659,49.3948254],[-123.2125328,49.3948122],[-123.2124569,49.394679],[-123.2124429,49.3945807],[-123.2124819,49.3945256],[-123.2126309,49.3945905],[-123.2127734,49.3946999],[-123.2128319,49.3947041],[-123.2128731,49.3946964],[-123.2128792,49.3945702],[-123.2129496,49.3946035],[-123.2130037,49.3946437],[-123.213216,49.3947008],[-123.2133599,49.3947068],[-123.213571,49.394753],[-123.2137585,49.3947095],[-123.2139387,49.3946444],[-123.2140203,49.3945365],[-123.214055,49.3945109],[-123.2141254,49.3944716],[-123.2141647,49.3944159],[-123.2141483,49.3943043],[-123.2142337,49.3942609],[-123.2141975,49.3942115],[-123.2142648,49.3941801],[-123.2142143,49.3941064],[-123.2143562,49.3940267],[-123.2143733,49.3939829],[-123.2143737,49.3939551],[-123.2144029,49.3939248],[-123.214395,49.3938945],[-123.2144759,49.3938254],[-123.2145777,49.3936643],[-123.2146374,49.3935718],[-123.2146961,49.3935315],[-123.2146404,49.3935051],[-123.2146763,49.3934564],[-123.214759,49.3934189],[-123.214791,49.3932737],[-123.2149023,49.3932093],[-123.214932,49.3931375],[-123.2149141,49.3930301],[-123.2148607,49.3929631],[-123.2148601,49.392895],[-123.2149394,49.3926885],[-123.2149079,49.3926244],[-123.2149484,49.3926108],[-123.2150965,49.3925726],[-123.2151648,49.3925578],[-123.2152125,49.3925273],[-123.215248,49.3924994],[-123.2153137,49.3924817],[-123.215425,49.3924711],[-123.2155578,49.3924461],[-123.2157711,49.3924784],[-123.2158374,49.3924732],[-123.2159095,49.3924522],[-123.2159766,49.3924267],[-123.2161263,49.3923767],[-123.2162136,49.3923656],[-123.2162906,49.3923261],[-123.2163576,49.3922796],[-123.2163932,49.3922268],[-123.2165008,49.3922002],[-123.2166427,49.3922093],[-123.2166928,49.3922492],[-123.2167487,49.3922773],[-123.2168132,49.3923272],[-123.2169337,49.3923131],[-123.2171254,49.392282],[-123.2172367,49.3923374],[-123.2172659,49.3923105],[-123.2173105,49.3923085],[-123.2173967,49.3923449],[-123.2175141,49.3924325],[-123.2175432,49.3924386],[-123.2175717,49.3924405],[-123.2176065,49.3924349],[-123.2176507,49.392416],[-123.2177081,49.3924002],[-123.2177465,49.3923988],[-123.2177897,49.3924027],[-123.217828,49.3924173],[-123.217866,49.3924178],[-123.2178873,49.3924131],[-123.2179119,49.3923991],[-123.2179207,49.3923729],[-123.2179014,49.3921414],[-123.2179151,49.3920726],[-123.2179379,49.3920422]]}},{"type":"Feature","id":"65057511","properties":{"kind":"path","name":"","osmWayId":"65057511"},"geometry":{"type":"LineString","coordinates":[[-123.202431,49.3956321],[-123.2024774,49.3955091],[-123.2025135,49.3953286],[-123.2025101,49.3951392]]}},{"type":"Feature","id":"65057512","properties":{"kind":"path","name":"Black Mountain Trail","osmWayId":"65057512"},"geometry":{"type":"LineString","coordinates":[[-123.2186732,49.3923665],[-123.2188028,49.3924547],[-123.2187898,49.3925037],[-123.2186964,49.3925496],[-123.2186189,49.3925923],[-123.2186152,49.3926182],[-123.2186241,49.392639],[-123.2186622,49.3926811],[-123.2186672,49.3927034],[-123.218652,49.3927338],[-123.2185909,49.3927835],[-123.2186062,49.3928651],[-123.2186212,49.3929337],[-123.2185967,49.3929794],[-123.2184769,49.3931189],[-123.2184239,49.3933696],[-123.2183778,49.3934452],[-123.2183767,49.3935129],[-123.218348,49.393585],[-123.2183757,49.3936588],[-123.2183827,49.3937157],[-123.218343,49.3937828],[-123.2183325,49.3938095],[-123.2183742,49.3938627],[-123.2184124,49.3939383],[-123.2184073,49.3940284],[-123.2185909,49.3942754],[-123.2187074,49.3943367],[-123.2187644,49.3943786]]}},{"type":"Feature","id":"65057513","properties":{"kind":"path","name":"Yew Lake Trail","osmWayId":"65057513"},"geometry":{"type":"LineString","coordinates":[[-123.205693,49.3969676],[-123.2056829,49.397026],[-123.2056771,49.397072],[-123.2056671,49.3971454],[-123.2056691,49.3971682],[-123.2056739,49.3971911],[-123.2056883,49.3972133],[-123.2057138,49.3972436],[-123.2057286,49.3972508],[-123.2057677,49.397314],[-123.2058007,49.3973345],[-123.2058239,49.3973498],[-123.2058476,49.3973568],[-123.2058924,49.3973596],[-123.2059356,49.3973691],[-123.205978,49.3973691],[-123.2060266,49.3973645],[-123.2060705,49.3973636],[-123.2061859,49.3973678],[-123.2063123,49.3973702],[-123.206513,49.3974346],[-123.2065873,49.3974723],[-123.2066831,49.3975241],[-123.2068024,49.3975134],[-123.2068798,49.3975051],[-123.2069907,49.3975443],[-123.2070814,49.3976427],[-123.2071996,49.3977155],[-123.2072345,49.3977408]]}},{"type":"Feature","id":"65057516","properties":{"kind":"connector","name":"","osmWayId":"65057516"},"geometry":{"type":"LineString","coordinates":[[-123.2038699,49.3958687],[-123.2041186,49.3958788],[-123.2045394,49.3961962],[-123.2047667,49.3963668],[-123.2048353,49.3965304],[-123.2048289,49.3965495],[-123.204758,49.3966181]]}},{"type":"Feature","id":"65588201","properties":{"kind":"path","name":"","osmWayId":"65588201"},"geometry":{"type":"LineString","coordinates":[[-123.2308507,49.3872987],[-123.2303442,49.3873652]]}},{"type":"Feature","id":"65588202","properties":{"kind":"path","name":"Donut Rock Trail","osmWayId":"65588202"},"geometry":{"type":"LineString","coordinates":[[-123.2454755,49.3839125],[-123.2453826,49.3839781],[-123.2452071,49.3840376],[-123.2450807,49.3840999],[-123.2449412,49.3842082],[-123.2447182,49.3843326],[-123.2445302,49.3844441],[-123.2443655,49.3845139],[-123.2442115,49.3845695],[-123.2440877,49.384617],[-123.2439801,49.3847209],[-123.2439486,49.384789],[-123.2438651,49.3849585],[-123.2438349,49.3850167],[-123.2437561,49.3851139],[-123.2436762,49.3851498],[-123.2435624,49.385225],[-123.2434016,49.3853133],[-123.243098,49.3854814],[-123.2428412,49.3856481],[-123.2427633,49.3856719],[-123.2426727,49.3857453],[-123.2425359,49.3857619],[-123.2423633,49.3858964],[-123.2422653,49.3859983],[-123.2422361,49.3860993],[-123.2421776,49.3861664],[-123.242032,49.3864927],[-123.2418427,49.3865456],[-123.2416375,49.3866253],[-123.2411738,49.3867444],[-123.2408407,49.3868896],[-123.2407306,49.3869644],[-123.2406418,49.3869898],[-123.2405349,49.386987],[-123.240439,49.3868955],[-123.2403868,49.3868662],[-123.2403878,49.3868028],[-123.2403472,49.3867394],[-123.2402457,49.3867591],[-123.2400127,49.3867698],[-123.2398873,49.3867263],[-123.2397684,49.3865604],[-123.2396693,49.3864339],[-123.2395935,49.386339],[-123.2394422,49.3862898],[-123.2392063,49.3862418],[-123.2391364,49.3862064],[-123.238822,49.3861837],[-123.2385735,49.3862569],[-123.2383872,49.3862115],[-123.2381854,49.3862418],[-123.2381155,49.3862847],[-123.2378477,49.3861963],[-123.2375449,49.3859689],[-123.2374945,49.3858375],[-123.2373392,49.3858072],[-123.237246,49.3857289],[-123.2367453,49.3859436],[-123.2367026,49.3860649],[-123.2367026,49.3862393],[-123.236462,49.3863378],[-123.2361941,49.3863252],[-123.2360417,49.3863426],[-123.2358695,49.3863521],[-123.2357672,49.3862801],[-123.2355258,49.3862589],[-123.2353557,49.3861306],[-123.2352121,49.3860523],[-123.2349073,49.3861207],[-123.2346376,49.3862115],[-123.2345017,49.3862746],[-123.2341809,49.3863235],[-123.2339729,49.3863216],[-123.233774,49.386351],[-123.2335177,49.3864377],[-123.2334025,49.3865482],[-123.2332345,49.3867546],[-123.2330151,49.3869164],[-123.23246,49.3871843],[-123.2324717,49.3872247],[-123.2323358,49.3872424],[-123.2321767,49.3873662],[-123.2319865,49.3875254],[-123.23187,49.3876921],[-123.2318622,49.3877881],[-123.2318126,49.3877469],[-123.231776,49.3877449],[-123.2318136,49.3877039],[-123.2318085,49.3876939],[-123.2317566,49.387688],[-123.2317434,49.3876621],[-123.2317617,49.3876184],[-123.2317098,49.3875568],[-123.2316173,49.3874819],[-123.2314572,49.3874313],[-123.2313505,49.387444],[-123.2310205,49.3873524],[-123.2308507,49.3872987],[-123.2307763,49.3872402],[-123.2307803,49.3871665],[-123.2308299,49.3871171],[-123.230859,49.3870723],[-123.2308343,49.3870366],[-123.2307789,49.3869737],[-123.2307759,49.3869217],[-123.2307587,49.3868251],[-123.2307642,49.3866676],[-123.2307584,49.3866244],[-123.2306829,49.3866283],[-123.2304245,49.3865468],[-123.2302655,49.3864356],[-123.2302258,49.3863903],[-123.2301026,49.3863786],[-123.2300251,49.3864123],[-123.2299098,49.3864239],[-123.2298363,49.3863812],[-123.2295862,49.3862007]]}},{"type":"Feature","id":"65588233","properties":{"kind":"path","name":"","osmWayId":"65588233"},"geometry":{"type":"LineString","coordinates":[[-123.2146404,49.3935051],[-123.2145243,49.3934639],[-123.2141483,49.3934333]]}},{"type":"Feature","id":"65588234","properties":{"kind":"path","name":"Baden Powell Trail","osmWayId":"65588234"},"geometry":{"type":"LineString","coordinates":[[-123.2233749,49.3870499],[-123.2233287,49.3870364],[-123.2232292,49.3870344],[-123.2231639,49.3870546],[-123.2231297,49.3870813],[-123.2231037,49.3871567],[-123.2230559,49.3872108],[-123.2229854,49.3872553],[-123.2228764,49.3873999],[-123.2228162,49.3874705],[-123.2228016,49.3875588],[-123.2227786,49.3875854],[-123.22272,49.3876283],[-123.2226919,49.3876712],[-123.2226879,49.3877602],[-123.2226818,49.3878459],[-123.2226605,49.3879194],[-123.2225862,49.3879938],[-123.2225129,49.3880386],[-123.2224579,49.3880854],[-123.2221923,49.3883579],[-123.2221258,49.3883811],[-123.222056,49.3883941],[-123.2219954,49.388388],[-123.221934,49.3883682],[-123.221879,49.3883651],[-123.2218087,49.388383],[-123.2217843,49.3884114],[-123.2217999,49.3884445],[-123.2218303,49.3884925],[-123.2218412,49.3885374],[-123.221793,49.3885941],[-123.2217791,49.388641],[-123.2217932,49.3887023],[-123.2218292,49.3887797],[-123.2218301,49.3888393],[-123.2218395,49.3888766],[-123.2218734,49.3889372],[-123.2219632,49.3890011],[-123.2220226,49.3890768],[-123.2220545,49.389152],[-123.2220538,49.3892311],[-123.222028,49.3893063],[-123.2219978,49.3893633],[-123.2219556,49.3894324],[-123.2218761,49.3894877],[-123.2217572,49.3895206],[-123.2215444,49.389563],[-123.2213929,49.3895881],[-123.2212784,49.3896188],[-123.221199,49.3896566],[-123.2211828,49.3897041],[-123.2211678,49.3897586],[-123.2211296,49.3898291],[-123.2211159,49.389901],[-123.22115,49.3899637],[-123.2211128,49.3900081],[-123.2209606,49.3900081],[-123.2208374,49.3899567],[-123.2207219,49.389937],[-123.2206228,49.3898988],[-123.2204967,49.38986],[-123.2203486,49.3897844],[-123.220234,49.3897393],[-123.2202004,49.3897019]]}},{"type":"Feature","id":"65588244","properties":{"kind":"path","name":"","osmWayId":"65588244"},"geometry":{"type":"LineString","coordinates":[[-123.2149079,49.3926244],[-123.2146503,49.3926531],[-123.2142885,49.3926881]]}},{"type":"Feature","id":"65588251","properties":{"kind":"path","name":"Black Mountain Trail","osmWayId":"65588251"},"geometry":{"type":"LineString","coordinates":[[-123.2155373,49.3905407],[-123.2155252,49.390622],[-123.2154949,49.3906975],[-123.2154364,49.3907785],[-123.2153612,49.3908298],[-123.2152719,49.3908561],[-123.2151687,49.3908599],[-123.2150189,49.3908228],[-123.2148202,49.3907261],[-123.2145884,49.3906677],[-123.2143924,49.3906551],[-123.2141999,49.3906762],[-123.2140948,49.390715],[-123.2140556,49.3907676],[-123.2140573,49.3908999],[-123.214038,49.39098],[-123.2139613,49.3911332],[-123.2137002,49.3914066],[-123.2136018,49.3914765],[-123.2132447,49.391426]]}},{"type":"Feature","id":"66403509","properties":{"kind":"path","name":"Yew Lake Trail","osmWayId":"66403509"},"geometry":{"type":"LineString","coordinates":[[-123.2072458,49.3978282],[-123.2072632,49.3978528],[-123.2072868,49.3978688],[-123.2073469,49.397891],[-123.207423,49.3979078],[-123.2074943,49.3979141],[-123.207575,49.397936],[-123.207708,49.3980308],[-123.2079087,49.3981456],[-123.207985,49.398181],[-123.2081962,49.3982373],[-123.208375,49.3983012],[-123.2084894,49.3983408],[-123.2086243,49.3984232],[-123.2086748,49.3984936],[-123.2088099,49.3985413],[-123.2089061,49.398609],[-123.2090188,49.3987022],[-123.2091334,49.3987919],[-123.2092569,49.3988519],[-123.2094531,49.3989247],[-123.2095669,49.3989656],[-123.2096395,49.399015],[-123.2097051,49.3990873],[-123.209711,49.3991052],[-123.2096972,49.3991443],[-123.2096671,49.3991947],[-123.2096093,49.3992955],[-123.2096047,49.3993414],[-123.2096509,49.3993744],[-123.2096981,49.3994223],[-123.2097994,49.3994408],[-123.2099282,49.3994578],[-123.2100597,49.3994574],[-123.2102011,49.3994342],[-123.2103124,49.399384],[-123.2103838,49.3993881],[-123.2104245,49.3993002],[-123.2104548,49.3992405],[-123.2105245,49.3992076],[-123.2106749,49.3991915],[-123.2108113,49.3991932],[-123.2109107,49.3992257],[-123.2110161,49.3992174],[-123.2112035,49.3992558],[-123.2113558,49.3992583],[-123.2114629,49.3993044],[-123.2115586,49.3993061],[-123.2116547,49.3992815],[-123.211723,49.3992774],[-123.211869,49.3993001],[-123.2119587,49.3993344],[-123.2119883,49.3993805],[-123.2119906,49.3994016],[-123.2119947,49.3994335],[-123.2120236,49.3994625],[-123.212032,49.3995029],[-123.2120195,49.3995316],[-123.2119837,49.3995498],[-123.2119271,49.3995799],[-123.2118589,49.3996115],[-123.2117803,49.3996559],[-123.2116808,49.3997484],[-123.211645,49.3998063],[-123.2115468,49.3998943],[-123.2114762,49.3999169],[-123.2114612,49.3999335],[-123.211467,49.3999974],[-123.2115213,49.4000185],[-123.2115941,49.4000328],[-123.2116242,49.4000749],[-123.2116427,49.4001622],[-123.2116508,49.4002186],[-123.211645,49.4002329],[-123.2115456,49.4002615],[-123.211341,49.4002254],[-123.2112751,49.4002306],[-123.2111653,49.4002682],[-123.2111387,49.4003013],[-123.2111109,49.4003495],[-123.2110497,49.4003751],[-123.2109537,49.4003901],[-123.2108982,49.4003878],[-123.2108462,49.4003984],[-123.2107618,49.4005014],[-123.2106439,49.4005571],[-123.2105665,49.4006293],[-123.2105052,49.4007106],[-123.2104335,49.4007504],[-123.2104013,49.4007393],[-123.2103519,49.4006717],[-123.2102463,49.4006316],[-123.2102289,49.4006286],[-123.2102231,49.400591],[-123.2102012,49.4005631],[-123.2101584,49.4005189],[-123.210079,49.4004617],[-123.2099923,49.4004407],[-123.2099029,49.400424],[-123.209711,49.4003096],[-123.2096669,49.4002838],[-123.2095866,49.4002424],[-123.2095504,49.4001479],[-123.2095191,49.4001313],[-123.2094822,49.4001155],[-123.2093862,49.4000583],[-123.2093111,49.4000192],[-123.2091781,49.3999681],[-123.2090174,49.3998582],[-123.2089192,49.3997787],[-123.2088729,49.3996784],[-123.2087019,49.3995137],[-123.2086163,49.399467],[-123.2084961,49.3993798],[-123.2084718,49.3993422],[-123.208451,49.3992241],[-123.2083608,49.3990683],[-123.2081921,49.3989683],[-123.2080638,49.3989111],[-123.207985,49.398839],[-123.2079155,49.3987772],[-123.2078792,49.3987595],[-123.2077857,49.3987422],[-123.2076673,49.3987162],[-123.2075608,49.3986941],[-123.2074032,49.3987069],[-123.2072811,49.3987042],[-123.207081,49.3986726],[-123.2070405,49.398663],[-123.2070116,49.3986464],[-123.2069597,49.3985961],[-123.2069289,49.398535],[-123.2069267,49.3984883],[-123.2069453,49.3984284],[-123.206944,49.3983328],[-123.2069251,49.3982855],[-123.2068537,49.398151],[-123.2068013,49.3980863],[-123.2067228,49.3979936],[-123.2065931,49.3979227],[-123.2064371,49.3978848],[-123.2063413,49.3978338],[-123.2062939,49.3977992],[-123.2061564,49.3977367],[-123.2060859,49.3977412],[-123.2060442,49.3977285],[-123.2059136,49.39773],[-123.2058639,49.3977089],[-123.2058165,49.3976608],[-123.2057691,49.3976344],[-123.2056866,49.3976057],[-123.2055946,49.3975818],[-123.2055098,49.3975563]]}},{"type":"Feature","id":"66403512","properties":{"kind":"path","name":"","osmWayId":"66403512"},"geometry":{"type":"LineString","coordinates":[[-123.205023,49.3995146],[-123.2049331,49.3992472],[-123.2048572,49.3990688],[-123.2047583,49.3988722],[-123.2046841,49.3986828],[-123.2045965,49.3983613]]}},{"type":"Feature","id":"66403513","properties":{"kind":"path","name":"Howe Sound Crest Trail","osmWayId":"66403513"},"geometry":{"type":"LineString","coordinates":[[-123.2043577,49.3973748],[-123.2043503,49.3974187],[-123.2043531,49.3974659],[-123.2043737,49.3974901],[-123.2043748,49.3975188],[-123.2044433,49.3975543],[-123.204463,49.3975777],[-123.2045094,49.3975981],[-123.2045431,49.3976192],[-123.2045593,49.397669],[-123.2045895,49.3976841],[-123.2046753,49.3977476],[-123.2047113,49.3978555],[-123.2047449,49.3978857],[-123.2047461,49.3980194],[-123.2047391,49.3980815],[-123.2047092,49.3981948],[-123.2046893,49.3982472],[-123.2045965,49.3983613]]}},{"type":"Feature","id":"66403514","properties":{"kind":"path","name":"Bowen Lookout Trail","osmWayId":"66403514"},"geometry":{"type":"LineString","coordinates":[[-123.210904,49.4062476],[-123.2110067,49.4062182],[-123.2110901,49.4062205],[-123.2111844,49.4062618],[-123.2113348,49.4063055],[-123.211507,49.4063432],[-123.2116611,49.4063538],[-123.2118986,49.4063656],[-123.2120237,49.406388],[-123.2121796,49.4063869],[-123.2123228,49.4063694],[-123.2124966,49.4064296],[-123.2126302,49.4064597],[-123.2126828,49.4064892],[-123.2128296,49.4065447],[-123.2129093,49.4065591],[-123.212988,49.4065357],[-123.213065,49.4065052],[-123.2131864,49.4064893],[-123.213307,49.4064498],[-123.2134014,49.4064325],[-123.2134841,49.4064057],[-123.2135677,49.4063984],[-123.2136726,49.4064077]]}},{"type":"Feature","id":"66403516","properties":{"kind":"path","name":"","osmWayId":"66403516"},"geometry":{"type":"LineString","coordinates":[[-123.2104566,49.4038381],[-123.2106661,49.4038663],[-123.2109698,49.403938],[-123.2114352,49.4040896],[-123.2118431,49.4043034],[-123.2120395,49.4044584],[-123.2122264,49.4045359],[-123.2123426,49.4045985]]}},{"type":"Feature","id":"66403517","properties":{"kind":"path","name":"","osmWayId":"66403517"},"geometry":{"type":"LineString","coordinates":[[-123.2019414,49.3952209],[-123.201948,49.3953616],[-123.2019879,49.3953918],[-123.2020732,49.3954272],[-123.2021638,49.3954893],[-123.2021764,49.3955084],[-123.202161,49.3955523],[-123.202431,49.3956321]]}},{"type":"Feature","id":"66403519","properties":{"kind":"path","name":"","osmWayId":"66403519"},"geometry":{"type":"LineString","coordinates":[[-123.2054689,49.4000104],[-123.205706,49.4001453],[-123.2057343,49.4002098],[-123.2058788,49.400254],[-123.2060062,49.4002503],[-123.2062102,49.4002208],[-123.2064283,49.4003019],[-123.2066747,49.400383],[-123.2070401,49.4005397],[-123.2076292,49.4010946],[-123.2081079,49.4012844],[-123.2086688,49.4017047],[-123.2090002,49.4019038],[-123.2090715,49.4019602],[-123.2092373,49.4021023],[-123.2094959,49.402324],[-123.2095461,49.4023961],[-123.2096063,49.4024825]]}},{"type":"Feature","id":"66403520","properties":{"kind":"path","name":"Yew Lake Trail","osmWayId":"66403520"},"geometry":{"type":"LineString","coordinates":[[-123.2072345,49.3977408],[-123.2072458,49.3978282]]}},{"type":"Feature","id":"66403521","properties":{"kind":"path","name":"","osmWayId":"66403521"},"geometry":{"type":"LineString","coordinates":[[-123.2095275,49.4017022],[-123.2095066,49.4017503],[-123.2094544,49.4017888],[-123.2093581,49.4018182],[-123.2093129,49.4018454],[-123.2092479,49.4019013],[-123.2091609,49.4019337],[-123.2090715,49.4019602]]}},{"type":"Feature","id":"66403522","properties":{"kind":"path","name":"","osmWayId":"66403522"},"geometry":{"type":"LineString","coordinates":[[-123.2096063,49.4024825],[-123.209697,49.4027572],[-123.2096658,49.4029931],[-123.2097027,49.403124],[-123.2099774,49.4036585],[-123.2100879,49.4037378],[-123.2102813,49.4037844],[-123.2104034,49.403822]]}},{"type":"Feature","id":"66403524","properties":{"kind":"path","name":"Yew Lake Trail","osmWayId":"66403524"},"geometry":{"type":"LineString","coordinates":[[-123.2102289,49.4006286],[-123.2101676,49.4006654],[-123.2100808,49.4007832],[-123.2100567,49.400818],[-123.2100581,49.4008497],[-123.2100463,49.4008905],[-123.2100567,49.4009243],[-123.2100519,49.400953],[-123.2100115,49.4009895],[-123.2099087,49.4010268],[-123.209818,49.4010457],[-123.2097382,49.4011059],[-123.2098117,49.4011639],[-123.2099138,49.4012439],[-123.2099602,49.401302],[-123.2099788,49.4013511],[-123.2099474,49.4014228],[-123.2099103,49.40145],[-123.2098604,49.4014629],[-123.2098303,49.4014478],[-123.2097804,49.4014327],[-123.2097467,49.4014327],[-123.2097061,49.4014493],[-123.2096702,49.40149],[-123.2096644,49.4015187],[-123.2096841,49.4015731],[-123.2097084,49.4016305],[-123.2097212,49.4016644],[-123.2096864,49.4016924],[-123.2096412,49.4016939],[-123.2095785,49.4017007],[-123.2095275,49.4017022],[-123.2094764,49.401669],[-123.2093975,49.4016086],[-123.209365,49.4015376],[-123.2093407,49.4014832],[-123.2093592,49.4014243],[-123.2093673,49.4013904],[-123.2093383,49.4013436],[-123.2092745,49.4012756],[-123.2092513,49.401191],[-123.2092548,49.4011488],[-123.209285,49.4011125],[-123.2093871,49.4010665],[-123.2094613,49.4010499],[-123.2095286,49.4010499],[-123.209669,49.4010831],[-123.2097382,49.4011059]]}},{"type":"Feature","id":"66403525","properties":{"kind":"path","name":"","osmWayId":"66403525"},"geometry":{"type":"LineString","coordinates":[[-123.2123426,49.4045985],[-123.212619,49.4046782],[-123.2128003,49.4047887],[-123.2128569,49.404889],[-123.2129068,49.4049303],[-123.2129906,49.404945],[-123.213045,49.4049966]]}},{"type":"Feature","id":"70931975","properties":{"kind":"path","name":"Howe Sound Crest Trail","osmWayId":"70931975"},"geometry":{"type":"LineString","coordinates":[[-123.2088237,49.4069736],[-123.2089006,49.4069714],[-123.2090462,49.4069538],[-123.2092364,49.4069117],[-123.2094472,49.4069437],[-123.2097062,49.4069382],[-123.2100775,49.4069161],[-123.2103368,49.4068881],[-123.2104638,49.4068315],[-123.2106516,49.4067533],[-123.2108708,49.4066974],[-123.2110371,49.4067202],[-123.2111623,49.4067681],[-123.211243,49.4068151],[-123.2113616,49.4067192],[-123.2113854,49.4066367],[-123.211342,49.4065793],[-123.2111704,49.4064993],[-123.2110694,49.406475],[-123.2109968,49.4064051],[-123.210904,49.4062476],[-123.2107393,49.4060909],[-123.2105569,49.4059862],[-123.2103798,49.4058643],[-123.2102196,49.4057642],[-123.210095,49.4056949],[-123.2099796,49.405619],[-123.2098465,49.4054966],[-123.2097158,49.4053604],[-123.2095449,49.4052434],[-123.2093687,49.4051361],[-123.2093442,49.4051114],[-123.2093378,49.4050856],[-123.2093467,49.4050637],[-123.2093726,49.4050487],[-123.2095116,49.4050256],[-123.2097209,49.4049952],[-123.2099612,49.4049688],[-123.2103376,49.4049678],[-123.210533,49.4050105],[-123.2107787,49.4050544],[-123.2110353,49.4050889],[-123.2111728,49.4051036],[-123.211265,49.4051205],[-123.21131,49.4051224],[-123.2113233,49.4051132],[-123.2113229,49.4051011],[-123.2113034,49.4050839],[-123.2112527,49.4050513],[-123.2111107,49.4049747],[-123.2109815,49.4048927],[-123.2107503,49.4047574],[-123.2107219,49.4047362],[-123.2107184,49.4047251],[-123.2107224,49.4047168],[-123.2107353,49.4047081],[-123.2107859,49.4047074],[-123.2108209,49.4047089],[-123.2110299,49.404757],[-123.2113865,49.4048624],[-123.21143,49.4048714],[-123.2114544,49.4048694],[-123.211462,49.4048607],[-123.2114578,49.4048501],[-123.2114391,49.4048394],[-123.2113986,49.404824],[-123.2111991,49.4047136],[-123.2109866,49.404576],[-123.2107409,49.4043909],[-123.2104653,49.4042342],[-123.2103416,49.4041588],[-123.2101942,49.4040567],[-123.2101545,49.4039903],[-123.210219,49.4039132],[-123.2103227,49.4038968],[-123.2104034,49.403822]]}},{"type":"Feature","id":"70932005","properties":{"kind":"path","name":"Howe Sound Crest Trail","osmWayId":"70932005"},"geometry":{"type":"LineString","coordinates":[[-123.2071941,49.4045948],[-123.2072739,49.4048413],[-123.2073705,49.4050019],[-123.2075248,49.4051332],[-123.2076664,49.4052254],[-123.207834,49.405346],[-123.2079575,49.4054755],[-123.2080767,49.4056826],[-123.2081437,49.4057776],[-123.208214,49.4058681],[-123.2082547,49.4059745],[-123.208324,49.4060773],[-123.2083847,49.4062425],[-123.2084591,49.4064139],[-123.2086079,49.4065789],[-123.2087241,49.4067733],[-123.2088237,49.4069736],[-123.2089204,49.4070824],[-123.2090359,49.4071827],[-123.209098,49.4072153],[-123.2091434,49.407238],[-123.2091624,49.4072562],[-123.2091737,49.407277],[-123.2091692,49.4073011],[-123.2091602,49.4073176],[-123.2091423,49.4073311],[-123.2090754,49.407362],[-123.2089916,49.4073817],[-123.208895,49.4074048],[-123.2088071,49.4074315],[-123.2087303,49.4074707],[-123.208584,49.4075105],[-123.2084794,49.4075394],[-123.2084028,49.4075544],[-123.2083312,49.4075606],[-123.2082854,49.4075835],[-123.2082469,49.4076086],[-123.2081259,49.4076784],[-123.2080329,49.4077139],[-123.2079489,49.4077358],[-123.2078974,49.4077605],[-123.2078537,49.4077796],[-123.2078361,49.4078099],[-123.2078016,49.4079095],[-123.2076861,49.4081612],[-123.2076244,49.4083493],[-123.2076182,49.4085292],[-123.2075108,49.4087329],[-123.2073597,49.4089113],[-123.2073577,49.4091031],[-123.2073389,49.4092454],[-123.2072494,49.4093803],[-123.2071191,49.4095281],[-123.206906,49.4099161],[-123.206822,49.4101429],[-123.2065761,49.4104724],[-123.2065139,49.4106736],[-123.2064736,49.4107435],[-123.2064239,49.4107617],[-123.2063437,49.4107719],[-123.2062396,49.4107914],[-123.2061738,49.4108375],[-123.2061583,49.4109985],[-123.2061504,49.4110892],[-123.2061334,49.4111368],[-123.2060859,49.4112311],[-123.2060489,49.4113373],[-123.2060137,49.4114097],[-123.2059142,49.4115341],[-123.2058368,49.4116642],[-123.20572,49.4118169],[-123.205706,49.411875],[-123.205633,49.4119121],[-123.2055794,49.4119417],[-123.2055517,49.4119619],[-123.2055059,49.4120137],[-123.2053842,49.4121304],[-123.2052653,49.4122202],[-123.205139,49.4123402],[-123.2050678,49.4124038],[-123.2050437,49.4124416],[-123.2050042,49.4125613],[-123.2049724,49.4126376],[-123.2049407,49.4126965],[-123.2048448,49.4128088],[-123.2048013,49.4128851],[-123.204742,49.4129611],[-123.2046824,49.4130319],[-123.2046132,49.4130879],[-123.2045151,49.4131944],[-123.2044556,49.4132488],[-123.204372,49.4132981],[-123.204293,49.4133806],[-123.2041981,49.4134543],[-123.2040495,49.4135946],[-123.2039871,49.4136486]]}},{"type":"Feature","id":"72167088","properties":{"kind":"stream","name":"","osmWayId":"72167088"},"geometry":{"type":"LineString","coordinates":[[-123.2167525,49.3898577],[-123.2167439,49.3898126],[-123.2167303,49.3897754],[-123.2167174,49.3896893],[-123.2167018,49.389667],[-123.216682,49.389628],[-123.2166811,49.3896132],[-123.2166796,49.3895946],[-123.2166748,49.389583],[-123.2165921,49.3895491],[-123.2165877,49.3895242],[-123.2165917,49.3895002],[-123.2165803,49.3894916],[-123.2165562,49.3894757],[-123.2165131,49.3894627],[-123.2164886,49.3894512]]}},{"type":"Feature","id":"72167414","properties":{"kind":"stream","name":"","osmWayId":"72167414"},"geometry":{"type":"LineString","coordinates":[[-123.2119864,49.3996829],[-123.2119911,49.3997162],[-123.2119894,49.3997482],[-123.2119528,49.3997955],[-123.211927,49.3998577],[-123.2119245,49.3998832],[-123.2119814,49.3999329],[-123.2120308,49.3999725],[-123.2120619,49.4000329],[-123.2121455,49.4001301],[-123.2121037,49.4002602],[-123.2119903,49.4003379],[-123.2120351,49.4003885],[-123.2119813,49.400474],[-123.2121127,49.4005478],[-123.2122172,49.4011734],[-123.2123874,49.4014143],[-123.2125217,49.4014881],[-123.2125164,49.4015382],[-123.2124852,49.4016006],[-123.2124834,49.4016515],[-123.2125098,49.4016949],[-123.2125157,49.401711],[-123.2124976,49.4017215],[-123.2124402,49.4017268],[-123.2124223,49.4017432],[-123.2124167,49.4018186],[-123.2123904,49.4018784],[-123.2123549,49.4019493],[-123.2123276,49.4019728],[-123.2122744,49.4019909],[-123.2122327,49.4020041],[-123.2122236,49.402025],[-123.2122637,49.4020775],[-123.2122588,49.4021255],[-123.2122393,49.4021731],[-123.2122162,49.4022214],[-123.2122199,49.4022513],[-123.2122645,49.4022776],[-123.2122997,49.402303],[-123.2123225,49.4023419],[-123.2123228,49.4023557],[-123.2122846,49.4023862],[-123.2122684,49.4024154],[-123.2122858,49.4024602],[-123.2123067,49.4024999],[-123.2123895,49.4025458],[-123.2124021,49.4026078],[-123.2123921,49.4026669],[-123.2124019,49.402695],[-123.2124274,49.4027512],[-123.2124762,49.402787],[-123.2125692,49.4028001],[-123.2125961,49.4028321],[-123.2126422,49.4028494],[-123.2127762,49.4028749],[-123.2128559,49.4028647],[-123.2129493,49.4028791],[-123.2130334,49.4028765],[-123.2130881,49.4029095],[-123.2131308,49.4029472],[-123.2132223,49.4030151],[-123.2132629,49.4030514],[-123.2133208,49.4030881],[-123.2134184,49.4031716],[-123.2135213,49.4032143],[-123.2136494,49.4032354]]}},{"type":"Feature","id":"72167454","properties":{"kind":"stream","name":"","osmWayId":"72167454"},"geometry":{"type":"LineString","coordinates":[[-123.1911838,49.4134595],[-123.1899778,49.4138814],[-123.1888913,49.4144141],[-123.1886017,49.4145936],[-123.1882722,49.4148827],[-123.1880538,49.4151533],[-123.1876132,49.4155848]]}},{"type":"Feature","id":"72167475","properties":{"kind":"stream","name":"","osmWayId":"72167475"},"geometry":{"type":"LineString","coordinates":[[-123.2126096,49.393172],[-123.2124728,49.393333],[-123.2124182,49.3933871],[-123.2121979,49.3935409],[-123.2121415,49.3935865],[-123.2120883,49.3937118],[-123.2119918,49.3938827],[-123.2119513,49.3939468],[-123.2119107,49.3940807],[-123.2118977,49.3941348],[-123.2118568,49.3943157],[-123.2118163,49.3944766],[-123.2118035,49.394666],[-123.2117883,49.3947201],[-123.2117623,49.3948825],[-123.2116811,49.3950534],[-123.2116262,49.3951972],[-123.2115979,49.3952514],[-123.2115171,49.3953867],[-123.21149,49.3954579],[-123.2115038,49.3955305],[-123.2115301,49.3955846],[-123.2115857,49.3956373],[-123.2116563,49.3956829],[-123.2118485,49.3957726],[-123.2119602,49.3958267],[-123.212043,49.3958894],[-123.2120975,49.3960062],[-123.2120971,49.3960689],[-123.2120985,49.396113],[-123.2120993,49.3963209],[-123.2120851,49.3965089],[-123.2120871,49.3966528],[-123.2121009,49.3967795],[-123.2121023,49.3968778],[-123.2121019,49.3969405],[-123.2121157,49.3970131],[-123.2122267,49.3971926],[-123.2122404,49.3972652],[-123.2123251,49.3974176],[-123.2123383,49.3974988],[-123.2123115,49.3976782],[-123.2122985,49.3977323],[-123.2122701,49.3977865],[-123.2122025,49.3979488],[-123.2121896,49.3980571],[-123.2122169,49.3981909],[-123.2123016,49.3983433],[-123.2124243,49.3984516],[-123.212591,49.3986139],[-123.2126603,49.3987393],[-123.2127432,49.398829]]}},{"type":"Feature","id":"72167843","properties":{"kind":"stream","name":"","osmWayId":"72167843"},"geometry":{"type":"LineString","coordinates":[[-123.1934215,49.4030181],[-123.1931895,49.4030731],[-123.1928871,49.4031087],[-123.1927633,49.4031187],[-123.1924447,49.4031287],[-123.1921974,49.4031287],[-123.1918805,49.4031201],[-123.1917562,49.4031116],[-123.1916318,49.403103],[-123.1915224,49.403076],[-123.1914243,49.4030674],[-123.1912317,49.4030404],[-123.1909695,49.4030048],[-123.1908464,49.4029862],[-123.1906805,49.4029506],[-123.1905698,49.4029335],[-123.190473,49.402915],[-123.190392,49.402915],[-123.1902117,49.4028894],[-123.1901154,49.4028894],[-123.1900186,49.4028709],[-123.1899507,49.4028438],[-123.1897704,49.4027911],[-123.1896876,49.4027826],[-123.1896176,49.4027555],[-123.1893981,49.4026829],[-123.1892873,49.4026117],[-123.1892325,49.4025576],[-123.1890926,49.4023596],[-123.1890655,49.4022798],[-123.1890644,49.4022158],[-123.1890646,49.4020448],[-123.1890911,49.4018469],[-123.1891045,49.401703],[-123.1891034,49.4015421],[-123.1891027,49.4013883],[-123.189103,49.4012444],[-123.1891169,49.4011462],[-123.1892396,49.4009211],[-123.1892938,49.4008485],[-123.1893483,49.4007403],[-123.1894029,49.400632],[-123.1894583,49.4004796],[-123.1894993,49.400407],[-123.1895255,49.4003529],[-123.18954,49.4003002],[-123.1895543,49.4002361],[-123.1895542,49.4001549],[-123.1895532,49.400021],[-123.1895527,49.4000025],[-123.1895375,49.3998046],[-123.1895511,49.3997419],[-123.1896192,49.3995981],[-123.1896755,49.3995254],[-123.1897017,49.3994713],[-123.1897716,49.3994172],[-123.1899629,49.399346],[-123.1900323,49.3992463],[-123.1900584,49.3991651],[-123.190072,49.3991024],[-123.1900716,49.3988859],[-123.1900716,49.3988318],[-123.1900851,49.3987692],[-123.1900981,49.398688],[-123.1901265,49.3986339],[-123.1901811,49.3985797],[-123.1902367,49.3985085],[-123.1903324,49.3984359],[-123.1905248,49.3983006],[-123.1906066,49.3982564],[-123.1906766,49.3982294],[-123.1907724,49.3981838],[-123.1908275,49.3981482],[-123.1910344,49.3980571],[-123.1912819,49.3979132],[-123.1913645,49.3978676],[-123.1915702,49.3977865],[-123.1917495,49.3976782],[-123.1917897,49.397607],[-123.1918438,49.3975344],[-123.1918871,49.3974888],[-123.19194,49.3974261],[-123.1919951,49.3973635],[-123.1921064,49.397174],[-123.1921593,49.3970843],[-123.1922423,49.3970031],[-123.1923105,49.3969405],[-123.1924766,49.3967781],[-123.1925728,49.396724],[-123.1928191,49.3966328],[-123.1929845,49.396457],[-123.1930457,49.3964458],[-123.1931109,49.396439],[-123.1931919,49.3964028],[-123.1932364,49.3964007],[-123.1932727,49.396415],[-123.1933126,49.3964461],[-123.1933381,49.396455],[-123.1933611,49.3964494],[-123.1934101,49.3964297],[-123.1934709,49.3964158],[-123.1935859,49.3963513],[-123.1936813,49.3963036],[-123.1937039,49.3962672],[-123.1937112,49.3962459],[-123.1937333,49.3962303],[-123.1938241,49.3962002],[-123.1939075,49.3961737],[-123.1940501,49.3961251],[-123.1941317,49.39611],[-123.1942454,49.3960845],[-123.194291,49.3960589],[-123.1943317,49.3959978],[-123.1943777,49.395873],[-123.1943742,49.3958446],[-123.1943899,49.39578],[-123.1944247,49.3956917],[-123.1944275,49.3956568],[-123.1943887,49.3955891],[-123.1943628,49.3955426],[-123.1943571,49.3954953],[-123.1943797,49.3954114],[-123.1943799,49.3953492],[-123.1943911,49.3953025],[-123.1943888,49.3952712],[-123.1943911,49.3952357],[-123.1944231,49.3951298],[-123.1944589,49.3950385],[-123.1944583,49.3949929],[-123.1944733,49.3949618],[-123.194465,49.394833],[-123.1944686,49.3948034],[-123.1945016,49.3947732],[-123.1945425,49.3947467],[-123.1946291,49.3947048],[-123.1946715,49.394673],[-123.1947607,49.3946495],[-123.1948507,49.3946382],[-123.1949393,49.3946378],[-123.1950131,49.3946347]]}},{"type":"Feature","id":"72168717","properties":{"kind":"stream","name":"","osmWayId":"72168717"},"geometry":{"type":"LineString","coordinates":[[-123.212791,49.386997],[-123.2126843,49.3869258],[-123.2126496,49.3868913],[-123.2126097,49.3868486],[-123.2125745,49.3868336],[-123.2125571,49.3868112],[-123.2125363,49.3867758],[-123.2125042,49.3867077],[-123.2125103,49.3866894],[-123.2125657,49.3866495],[-123.2126069,49.3866174],[-123.2126361,49.3865887]]}},{"type":"Feature","id":"72168966","properties":{"kind":"stream","name":"","osmWayId":"72168966"},"geometry":{"type":"LineString","coordinates":[[-123.1859451,49.4226845],[-123.1858075,49.4228739],[-123.1858229,49.423324],[-123.1860177,49.4236928],[-123.1865282,49.4240959],[-123.1866528,49.4242397],[-123.1866969,49.4247709],[-123.1865064,49.4251939],[-123.186163,49.4255543],[-123.1859422,49.4258875],[-123.1860697,49.4263966],[-123.1861033,49.4265723],[-123.186084,49.4266728],[-123.1859065,49.4269549],[-123.1858819,49.4270215],[-123.1859085,49.4272568],[-123.185913,49.4273668],[-123.185919,49.4274914]]}},{"type":"Feature","id":"72169052","properties":{"kind":"stream","name":"","osmWayId":"72169052"},"geometry":{"type":"LineString","coordinates":[[-123.2097226,49.3877936],[-123.2098723,49.3877344],[-123.2101321,49.3876617],[-123.2103263,49.3876162],[-123.2105186,49.3876001],[-123.2105468,49.3875977],[-123.2106277,49.3875706],[-123.2107654,49.3874894],[-123.2108701,49.3873878],[-123.2108876,49.3873708],[-123.210936,49.3873514],[-123.2109786,49.387349],[-123.2110377,49.3873383],[-123.2110526,49.3873341],[-123.2111292,49.3873169],[-123.2111807,49.3872999],[-123.2112503,49.3872668],[-123.2113551,49.3872445],[-123.2114396,49.3872185],[-123.2114702,49.3872045],[-123.2114852,49.3871802],[-123.2115007,49.3871654],[-123.2115567,49.3871372],[-123.2115794,49.3871123],[-123.2116072,49.3871002],[-123.2117016,49.3870847],[-123.2117389,49.3870642],[-123.2117472,49.3870466],[-123.2117409,49.3870192],[-123.2117491,49.3869905],[-123.211767,49.3869707],[-123.2119106,49.3868892],[-123.2119569,49.3868556],[-123.2120153,49.3868236],[-123.2120665,49.3868008],[-123.2121331,49.386762],[-123.2121646,49.3867337],[-123.2121993,49.386723],[-123.212246,49.3867026],[-123.2122654,49.3866786],[-123.2122854,49.386651],[-123.2123287,49.3866285],[-123.2123479,49.38661],[-123.2123874,49.3866023],[-123.2124562,49.3865724],[-123.2124911,49.3865708],[-123.2125569,49.386564],[-123.2125862,49.3865714],[-123.2126361,49.3865887]]}},{"type":"Feature","id":"72169054","properties":{"kind":"stream","name":"","osmWayId":"72169054"},"geometry":{"type":"LineString","coordinates":[[-123.2161898,49.3910385],[-123.2167912,49.3900473],[-123.2167525,49.3898577]]}},{"type":"Feature","id":"72169263","properties":{"kind":"stream","name":"","osmWayId":"72169263"},"geometry":{"type":"LineString","coordinates":[[-123.2240776,49.4159249],[-123.2242157,49.4158625],[-123.2243564,49.4157058],[-123.2245107,49.415565],[-123.2247402,49.415457],[-123.225248,49.415264],[-123.2256908,49.4150915],[-123.2260365,49.4148705],[-123.2261082,49.4148232],[-123.2262305,49.4148012],[-123.2263573,49.4147645],[-123.2264624,49.4147167],[-123.2267802,49.4144411],[-123.226943,49.4144284],[-123.2272321,49.4144803],[-123.2274726,49.4144937],[-123.2277906,49.4144495]]}},{"type":"Feature","id":"72169969","properties":{"kind":"stream","name":"","osmWayId":"72169969"},"geometry":{"type":"LineString","coordinates":[[-123.2062399,49.3993374],[-123.2062715,49.3993286],[-123.206331,49.3992794],[-123.2063897,49.3992042],[-123.2064082,49.3991541],[-123.2063969,49.3990391],[-123.2063933,49.3989755],[-123.2064209,49.3989187],[-123.2064277,49.3988735],[-123.2064799,49.398796],[-123.2065412,49.398734],[-123.2065926,49.3987068],[-123.2066908,49.3986919],[-123.2067877,49.3986663],[-123.2068453,49.3986683],[-123.2069186,49.3986642],[-123.2069578,49.398646],[-123.2070765,49.3986166],[-123.2071515,49.3985291],[-123.2071602,49.3984862],[-123.2071987,49.3984381],[-123.2072364,49.3984182],[-123.2072852,49.398402],[-123.2073088,49.3983725],[-123.2073253,49.3983265],[-123.2073163,49.3982972],[-123.2073037,49.3982155],[-123.2073088,49.3980979],[-123.2073003,49.3980563],[-123.207256,49.3980153],[-123.207162,49.3979574],[-123.2071203,49.3979246],[-123.2071009,49.397759]]}},{"type":"Feature","id":"72170319","properties":{"kind":"stream","name":"","osmWayId":"72170319"},"geometry":{"type":"LineString","coordinates":[[-123.1859652,49.4137533],[-123.1858024,49.4140224],[-123.1855555,49.4143201],[-123.1854722,49.414491],[-123.1853369,49.4149596],[-123.1851593,49.4153014],[-123.1850082,49.4157785],[-123.184804,49.41621]]}},{"type":"Feature","id":"72170539","properties":{"kind":"stream","name":"","osmWayId":"72170539"},"geometry":{"type":"LineString","coordinates":[[-123.1965353,49.3812628],[-123.1966994,49.381344],[-123.1967563,49.3813981],[-123.1968106,49.3814878],[-123.1968672,49.3816046],[-123.1969223,49.3816502],[-123.1970878,49.3817484],[-123.1972952,49.3818382],[-123.1974046,49.3818652],[-123.1974733,49.3818909],[-123.1975705,49.3819279],[-123.1976807,49.3819535],[-123.1978868,49.3819991],[-123.1980396,49.3820618],[-123.1981087,49.3821059],[-123.1982046,49.3821956],[-123.1982195,49.3822583],[-123.1982196,49.3824477],[-123.1982202,49.3825204],[-123.1982631,49.3825916],[-123.1984001,49.3827169]]}},{"type":"Feature","id":"72170549","properties":{"kind":"stream","name":"","osmWayId":"72170549"},"geometry":{"type":"LineString","coordinates":[[-123.172433,49.3839374],[-123.1725012,49.3837936],[-123.1725012,49.3837395],[-123.1725147,49.3836227],[-123.1725829,49.3834789],[-123.172652,49.3834148],[-123.1727067,49.3833606],[-123.1729132,49.3832353],[-123.1730645,49.3830915]]}},{"type":"Feature","id":"72170728","properties":{"kind":"stream","name":"","osmWayId":"72170728"},"geometry":{"type":"LineString","coordinates":[[-123.1925231,49.4052963],[-123.1918064,49.4051624],[-123.1915572,49.4050727],[-123.1908823,49.4051012],[-123.1905382,49.4050827],[-123.1902751,49.4049944],[-123.1899575,49.404832],[-123.1890746,49.4045543],[-123.1882468,49.4044119],[-123.1876687,49.4044589],[-123.1870206,49.4046027],[-123.1865668,49.4046312],[-123.1863169,49.4046939],[-123.1850251,49.405218],[-123.184708,49.4054615],[-123.1845565,49.4056951],[-123.1842968,49.4059301],[-123.1841581,49.4060284],[-123.1837877,49.4061921],[-123.1832096,49.4063089],[-123.1827667,49.4063645],[-123.181142,49.4064741],[-123.1807845,49.4065567],[-123.1802048,49.4067462],[-123.1796557,49.4069626],[-123.1793656,49.4069997],[-123.178565,49.4070182],[-123.1783444,49.4070638],[-123.1772437,49.4075864],[-123.176569,49.4077773],[-123.176018,49.4078229],[-123.1753157,49.4080393],[-123.1748765,49.4082473],[-123.174146,49.408374],[-123.1733051,49.408646],[-123.1728104,49.4090064],[-123.1722894,49.4095917],[-123.1720005,49.4099791],[-123.1714802,49.4108692],[-123.1712888,49.4110957],[-123.1702159,49.4118519],[-123.1698576,49.4120328],[-123.1695952,49.4122222]]}},{"type":"Feature","id":"72170785","properties":{"kind":"stream","name":"","osmWayId":"72170785"},"geometry":{"type":"LineString","coordinates":[[-123.1766745,49.3832923],[-123.1765735,49.3832905],[-123.1763312,49.3835899]]}},{"type":"Feature","id":"72171161","properties":{"kind":"stream","name":"","osmWayId":"72171161"},"geometry":{"type":"LineString","coordinates":[[-123.2147391,49.3847539],[-123.2147689,49.3846663],[-123.2145772,49.3845596]]}},{"type":"Feature","id":"72171464","properties":{"kind":"stream","name":"","osmWayId":"72171464"},"geometry":{"type":"LineString","coordinates":[[-123.2145772,49.3845596],[-123.2145414,49.3845334],[-123.2145253,49.3845102],[-123.2144991,49.3844907],[-123.2144821,49.3844718],[-123.2144554,49.3844569],[-123.2144283,49.3844306],[-123.2144262,49.384407],[-123.2144352,49.3843689],[-123.2144419,49.3843316],[-123.2144351,49.3842915],[-123.2144148,49.3842641],[-123.2144067,49.3842403],[-123.2143837,49.3842119],[-123.2143466,49.3841832],[-123.2143091,49.3841728],[-123.2142892,49.3841612],[-123.2142897,49.384127],[-123.214285,49.3841115],[-123.2142498,49.384091],[-123.2142379,49.384072],[-123.2142188,49.3840619],[-123.2141732,49.3840557],[-123.2141141,49.3840244],[-123.2140632,49.3840057],[-123.2139573,49.3840029],[-123.2139287,49.3839984],[-123.2139075,49.3839899],[-123.2138851,49.3839701],[-123.2138701,49.3839527],[-123.2138148,49.3839225],[-123.2138069,49.3839032],[-123.2138102,49.383886],[-123.2137977,49.3838606],[-123.2137639,49.3838418],[-123.2137415,49.3838021],[-123.2137429,49.3837627],[-123.2137496,49.3837393],[-123.2137582,49.3837146],[-123.2137505,49.3836935],[-123.2137513,49.3836433],[-123.2137386,49.3836083],[-123.2137176,49.3835947],[-123.2136908,49.3835842],[-123.2136575,49.3835678],[-123.2136312,49.3834986],[-123.2135361,49.3834287],[-123.2134846,49.3833832],[-123.2133911,49.3833536],[-123.213359,49.3833263],[-123.2133926,49.383243],[-123.2134465,49.3831642],[-123.2135143,49.383134],[-123.2136623,49.3830781],[-123.2137457,49.3830593],[-123.21382,49.3830385],[-123.2138812,49.3829893],[-123.2139617,49.3829531],[-123.2139708,49.3829284],[-123.2139618,49.3828774],[-123.2139783,49.3828441],[-123.2139783,49.3828155],[-123.2139535,49.3827856],[-123.2139539,49.3827349],[-123.2139176,49.3826835],[-123.2139154,49.3826611],[-123.2139299,49.3826292],[-123.2139227,49.3826034],[-123.2138821,49.3825888],[-123.2138083,49.3825345],[-123.2137948,49.3824938],[-123.2137622,49.3824283],[-123.2137559,49.3823705],[-123.2137082,49.3822808],[-123.213667,49.3821484],[-123.213616,49.3821118],[-123.2135836,49.3820633],[-123.2135614,49.3819902],[-123.2135751,49.3819294],[-123.2135732,49.3818751],[-123.2135258,49.3817916],[-123.2135075,49.3817543],[-123.213448,49.3817198],[-123.2134318,49.3816758],[-123.2134398,49.3816356],[-123.2134111,49.3815925],[-123.2133967,49.3815524],[-123.2133994,49.3815173],[-123.2134331,49.3814757],[-123.2135064,49.381428],[-123.2135897,49.3813661],[-123.2136353,49.3812991],[-123.2136399,49.3812557],[-123.2136246,49.3811982],[-123.2135938,49.3811722],[-123.2135703,49.3811411],[-123.2135602,49.3810619],[-123.2134843,49.3809811],[-123.2134264,49.3808955],[-123.2134117,49.380858],[-123.2134093,49.3807839],[-123.2133952,49.3807539],[-123.2133265,49.3806568],[-123.2132356,49.3805826],[-123.2131144,49.3804285],[-123.2130916,49.3803772],[-123.2130887,49.380318],[-123.2131005,49.3802745],[-123.2130935,49.3802478],[-123.2131256,49.3802078],[-123.2131161,49.3801602],[-123.213139,49.3801214],[-123.213188,49.3800805],[-123.2132507,49.3800558],[-123.2132653,49.3800339],[-123.2132776,49.3799739],[-123.213283,49.3799129],[-123.213272,49.3798581],[-123.2132784,49.379838],[-123.2133464,49.3797472],[-123.213381,49.3796804],[-123.2133877,49.3796264],[-123.2133752,49.3795672],[-123.2133608,49.3795333],[-123.2133838,49.3794568],[-123.2134453,49.3794242],[-123.2134721,49.3794033],[-123.2134947,49.3793514],[-123.2134986,49.379304],[-123.2135395,49.3792446],[-123.2135739,49.3791398],[-123.2136039,49.3790115],[-123.2136499,49.3789405],[-123.213699,49.3788727],[-123.2137536,49.3787997],[-123.2138213,49.3787571],[-123.2138571,49.3787494],[-123.2139355,49.3787397],[-123.2140718,49.3787376],[-123.2141323,49.3787285],[-123.2142523,49.3786744],[-123.2143168,49.3786191],[-123.2143972,49.3785386],[-123.2144083,49.3784941],[-123.2143896,49.3784464],[-123.2144119,49.3784037],[-123.2144431,49.3783774],[-123.2144465,49.3783094],[-123.214432,49.3782837],[-123.2144253,49.378266],[-123.2144387,49.3782437],[-123.2144475,49.3782146],[-123.2144455,49.3781046],[-123.2144354,49.3780768],[-123.2143915,49.3780094],[-123.2143702,49.377942],[-123.2143837,49.3778607],[-123.214378,49.3777816],[-123.2143971,49.377723],[-123.2143814,49.3776717],[-123.2143891,49.3776531],[-123.2143971,49.3776337],[-123.2144399,49.377611],[-123.2144579,49.3775846],[-123.2144556,49.3775348],[-123.214486,49.3774286],[-123.2144905,49.3773846],[-123.2145749,49.3772916],[-123.2145974,49.3772301],[-123.2145693,49.377181],[-123.2145659,49.377121],[-123.2145715,49.3770726],[-123.2146446,49.3769877],[-123.2147628,49.3769005],[-123.2148021,49.376828],[-123.2149281,49.3767833]]}},{"type":"Feature","id":"72171647","properties":{"kind":"stream","name":"","osmWayId":"72171647"},"geometry":{"type":"LineString","coordinates":[[-123.1738223,49.418278],[-123.1737674,49.4181968],[-123.1737371,49.417855],[-123.1738468,49.417234],[-123.1741601,49.416559],[-123.174229,49.4160377],[-123.1741258,49.4141307],[-123.1739438,49.4135923]]}},{"type":"Feature","id":"72172488","properties":{"kind":"stream","name":"","osmWayId":"72172488"},"geometry":{"type":"LineString","coordinates":[[-123.2126361,49.3865887],[-123.2126746,49.3865489],[-123.2126939,49.3865361],[-123.2127699,49.3864675],[-123.2127901,49.3864535],[-123.2128036,49.38642],[-123.2128255,49.3863872],[-123.2128461,49.3863708],[-123.2129053,49.3863363],[-123.2129528,49.3862829],[-123.2130213,49.3862311],[-123.2130609,49.3861821],[-123.2131133,49.3861461],[-123.2131508,49.3860803],[-123.2131783,49.3860481],[-123.2132145,49.386023],[-123.2132635,49.3860077],[-123.213302,49.385991],[-123.2133405,49.3859592],[-123.2133598,49.3859502],[-123.2133963,49.3859435],[-123.2134077,49.3859306],[-123.2134182,49.3858946],[-123.2134376,49.3858733],[-123.2134548,49.3858343],[-123.2134726,49.3858026],[-123.2134994,49.3857854],[-123.2135114,49.3857554],[-123.2135319,49.3857339],[-123.2135441,49.3857157],[-123.2135484,49.3856861],[-123.213572,49.3856661],[-123.2135934,49.3856378],[-123.2136121,49.385593],[-123.2136309,49.3855611],[-123.2136835,49.3855238],[-123.2137203,49.3854965],[-123.2137555,49.3854542],[-123.2137921,49.3854088],[-123.213816,49.385369],[-123.2138574,49.385346],[-123.2139012,49.3853121],[-123.213943,49.3852886],[-123.2139808,49.3852573],[-123.214039,49.3852409],[-123.2141238,49.3852234],[-123.2141879,49.3851967],[-123.2142038,49.3851653],[-123.2142614,49.3851232],[-123.2143349,49.3851088],[-123.2144137,49.3850786],[-123.2144484,49.3850503],[-123.2144707,49.3850159],[-123.2144812,49.3849537],[-123.2144939,49.3849243],[-123.2145213,49.3848646],[-123.2145566,49.3848448],[-123.214592,49.3848164],[-123.2146693,49.3847797],[-123.2147391,49.3847539]]}},{"type":"Feature","id":"72172999","properties":{"kind":"stream","name":"","osmWayId":"72172999"},"geometry":{"type":"LineString","coordinates":[[-123.1854604,49.4110373],[-123.1850868,49.410912],[-123.1846999,49.4106784],[-123.1843964,49.4105801],[-123.1838724,49.4105816],[-123.1836251,49.4106357],[-123.1832798,49.4106542],[-123.1827969,49.4106371],[-123.1824662,49.4105559],[-123.1816799,49.4104676]]}},{"type":"Feature","id":"72173146","properties":{"kind":"stream","name":"","osmWayId":"72173146"},"geometry":{"type":"LineString","coordinates":[[-123.2009022,49.3878498],[-123.200847,49.3878312],[-123.2006806,49.3877501],[-123.200611,49.3877144],[-123.2005279,49.3876874],[-123.200295,49.3875535],[-123.2001274,49.3874823],[-123.200017,49.3874453],[-123.2000043,49.3874367],[-123.1999212,49.3874097],[-123.199852,49.3873926],[-123.1997706,49.387347],[-123.1995894,49.3873114],[-123.1994257,49.3872487],[-123.1992318,49.3871234],[-123.1990505,49.3869796],[-123.1989682,49.3869354],[-123.198885,49.3869083],[-123.1988176,49.3868727],[-123.1985821,49.3867745],[-123.1984849,49.3867104],[-123.198319,49.3866207],[-123.1982372,49.386568],[-123.1979744,49.3864056],[-123.1978501,49.3863429],[-123.197739,49.3863073],[-123.1974641,49.3862361],[-123.1972856,49.386192],[-123.1969535,49.3861293],[-123.1968423,49.3860937],[-123.1966497,49.3860396],[-123.1965539,49.386004],[-123.1964581,49.3859954],[-123.1962375,49.3859869],[-123.1959538,49.3859353]]}},{"type":"Feature","id":"72173397","properties":{"kind":"stream","name":"","osmWayId":"72173397"},"geometry":{"type":"LineString","coordinates":[[-123.1969839,49.4142831],[-123.1972333,49.4146249],[-123.1977307,49.4151362],[-123.1979669,49.4154509],[-123.1984389,49.416314],[-123.1991044,49.4169777],[-123.1993541,49.4174548],[-123.1993421,49.4180117]]}},{"type":"Feature","id":"72173590","properties":{"kind":"stream","name":"","osmWayId":"72173590"},"geometry":{"type":"LineString","coordinates":[[-123.2046231,49.4178051],[-123.2034779,49.4178521],[-123.2029123,49.4179077],[-123.2023627,49.4180515],[-123.2010517,49.4181712],[-123.2003503,49.4181726],[-123.2000042,49.4180643],[-123.1997016,49.4180302],[-123.1992595,49.4180572]]}},{"type":"Feature","id":"72173882","properties":{"kind":"stream","name":"","osmWayId":"72173882"},"geometry":{"type":"LineString","coordinates":[[-123.226776,49.3987232],[-123.2270733,49.3987903],[-123.2276985,49.3989839],[-123.2282143,49.3992366],[-123.2290822,49.3995052],[-123.2296852,49.399648],[-123.2300453,49.3995966],[-123.2303907,49.3995903],[-123.230665,49.3996073],[-123.2310451,49.3996595],[-123.231124,49.3996908],[-123.2313562,49.3998267],[-123.2315558,49.399993],[-123.2317171,49.4001302],[-123.2324308,49.400261],[-123.2326623,49.4003154],[-123.2328051,49.4003673],[-123.2329561,49.4004321],[-123.2335791,49.4004886],[-123.233872,49.4004939],[-123.233995,49.400462],[-123.2341026,49.4004733],[-123.234272,49.4005557],[-123.2345872,49.4005923],[-123.2349483,49.4006954],[-123.2350579,49.4008798],[-123.2351637,49.4009161],[-123.2353079,49.4009357],[-123.2356012,49.4009485],[-123.2358408,49.4009842],[-123.2360183,49.4010806],[-123.2363571,49.4012064],[-123.2370275,49.4013185],[-123.2372554,49.4013988],[-123.2374412,49.4014594],[-123.2376041,49.4014627],[-123.2381106,49.4013647],[-123.2383772,49.4013363],[-123.238594,49.4013528],[-123.2386603,49.4014188],[-123.2386702,49.4015377],[-123.238744,49.4016051],[-123.2388433,49.4016525],[-123.2391606,49.401632],[-123.2393453,49.4016678],[-123.2394951,49.4017396],[-123.2395855,49.4018267],[-123.2395776,49.4019245],[-123.2395514,49.4020437],[-123.2396012,49.4021726],[-123.2397362,49.4023097],[-123.2404436,49.4023858],[-123.2411143,49.402892],[-123.2418013,49.402971],[-123.242267,49.40315],[-123.2424022,49.4031918]]}},{"type":"Feature","id":"72173902","properties":{"kind":"stream","name":"","osmWayId":"72173902"},"geometry":{"type":"LineString","coordinates":[[-123.1763738,49.3841568],[-123.1761402,49.38404],[-123.1759463,49.3838876],[-123.175878,49.3837879]]}},{"type":"Feature","id":"72174247","properties":{"kind":"stream","name":"","osmWayId":"72174247"},"geometry":{"type":"LineString","coordinates":[[-123.1711392,49.3838577],[-123.1714416,49.3839033],[-123.1717728,49.3840101],[-123.1719517,49.3840457],[-123.1721307,49.3840542]]}},{"type":"Feature","id":"72174419","properties":{"kind":"stream","name":"","osmWayId":"72174419"},"geometry":{"type":"LineString","coordinates":[[-123.2127432,49.398829],[-123.2127677,49.3989915]]}},{"type":"Feature","id":"72175686","properties":{"kind":"stream","name":"","osmWayId":"72175686"},"geometry":{"type":"LineString","coordinates":[[-123.2205818,49.3874867],[-123.2205848,49.3874553],[-123.2205792,49.3874055],[-123.2205891,49.3873531],[-123.2205878,49.387305],[-123.2205701,49.3872566],[-123.2205578,49.3872387],[-123.2205609,49.3872125],[-123.220554,49.3871797],[-123.2205412,49.3871539],[-123.2205408,49.3871266],[-123.2205568,49.3870914],[-123.2205546,49.3870718],[-123.220565,49.3870256],[-123.2205555,49.3869723],[-123.220561,49.3869205],[-123.2205863,49.3868874],[-123.2205926,49.3868471],[-123.2206101,49.3867942],[-123.2206218,49.3867219],[-123.220637,49.3867005],[-123.2206387,49.3866578],[-123.2206596,49.3866292],[-123.2206885,49.3865868],[-123.2207032,49.3865577],[-123.2207007,49.3865351],[-123.2207058,49.3865124],[-123.2207083,49.3864891],[-123.2207291,49.3864366],[-123.2207518,49.3864087],[-123.2207671,49.3863637],[-123.2207858,49.3863319],[-123.2207871,49.3862993],[-123.220804,49.3862513],[-123.2208236,49.3862301],[-123.2208389,49.3862101],[-123.2208661,49.3861601],[-123.2208835,49.3861401],[-123.2208826,49.3860967],[-123.2208963,49.3860783],[-123.2209125,49.3860466],[-123.2209318,49.3860253],[-123.2209525,49.3859952],[-123.2209554,49.3859719],[-123.2209634,49.3859599],[-123.2209739,49.3859465],[-123.2209771,49.3859272],[-123.2209805,49.3858711],[-123.2209918,49.3858387],[-123.2210125,49.3858075],[-123.2210274,49.3857657],[-123.2210567,49.3857382],[-123.2210604,49.3857065],[-123.2210715,49.3856921],[-123.2210894,49.3856506],[-123.2211099,49.3856336],[-123.2211375,49.3856167],[-123.2211667,49.3855964],[-123.2211831,49.3855565],[-123.2212049,49.3855283],[-123.2212805,49.3854747],[-123.221307,49.3854342],[-123.2213277,49.3854198],[-123.2213517,49.3853956],[-123.221388,49.3853833],[-123.2214027,49.3853604],[-123.2214365,49.3853421],[-123.2214517,49.3853186],[-123.2215018,49.3852895],[-123.2215211,49.3852813],[-123.2215379,49.3852678],[-123.2215389,49.3852524],[-123.221527,49.385227],[-123.2215246,49.3852067],[-123.2215279,49.3851689],[-123.2215511,49.3851347],[-123.2215743,49.3851077],[-123.2215757,49.3850811],[-123.2215819,49.3850572],[-123.2215944,49.3850433],[-123.2216473,49.3850076],[-123.2216676,49.3849618],[-123.2216916,49.3849363],[-123.2217271,49.384914],[-123.2217321,49.384902],[-123.2217306,49.3848775],[-123.2217377,49.3848588],[-123.2217627,49.3848051],[-123.2217843,49.3847918],[-123.2218063,49.38478],[-123.2218131,49.3847573],[-123.2218178,49.3847359],[-123.2218744,49.3846861],[-123.2219444,49.3846414],[-123.2219827,49.3846009],[-123.2219948,49.3845734],[-123.2219907,49.3845558],[-123.2219791,49.3845318],[-123.2219799,49.3845146],[-123.221999,49.3844957],[-123.2220135,49.3844817],[-123.2220392,49.3844335],[-123.2220684,49.3843972],[-123.2220847,49.3843634],[-123.2221177,49.3843306],[-123.2221507,49.3842962],[-123.2221845,49.3842655],[-123.222212,49.3842157],[-123.2222456,49.3841931],[-123.2222681,49.3841619],[-123.2222966,49.3841459],[-123.2223326,49.3841386],[-123.2223718,49.3841155],[-123.2223818,49.3840899],[-123.2224158,49.3840545],[-123.222449,49.3840393],[-123.2225021,49.3840373],[-123.2225185,49.3840274],[-123.2225409,49.384006],[-123.2225504,49.3839939],[-123.2225716,49.3839434],[-123.2225816,49.3839066],[-123.2225838,49.3838691],[-123.2225904,49.38386],[-123.2225887,49.3838365],[-123.2225943,49.3838243],[-123.2226008,49.3837994],[-123.2226261,49.3837645],[-123.222645,49.3837414],[-123.2226486,49.3837232],[-123.2226592,49.3837139],[-123.2226879,49.3837016],[-123.2227057,49.383684],[-123.2227336,49.3836718],[-123.2227622,49.383664],[-123.2228063,49.3836627],[-123.2228368,49.3836579]]}},{"type":"Feature","id":"72176002","properties":{"kind":"stream","name":"","osmWayId":"72176002"},"geometry":{"type":"LineString","coordinates":[[-123.2259062,49.3960518],[-123.2261274,49.3958809],[-123.2263058,49.3958438],[-123.2266075,49.3956815],[-123.2271857,49.3955177],[-123.2275985,49.3953639],[-123.2284944,49.3951645],[-123.2292111,49.3951004],[-123.2293624,49.3950377],[-123.2304312,49.394747],[-123.2308456,49.3947563],[-123.2312535,49.3947372]]}},{"type":"Feature","id":"72176652","properties":{"kind":"stream","name":"","osmWayId":"72176652"},"geometry":{"type":"LineString","coordinates":[[-123.2021227,49.4099501],[-123.202686,49.410075],[-123.2028612,49.4101384],[-123.2030834,49.4103066],[-123.2034839,49.4103993],[-123.2040318,49.4104922],[-123.2046591,49.4104956],[-123.2050023,49.410511],[-123.2055316,49.4105518],[-123.2057026,49.4105536],[-123.20599,49.4105624],[-123.2060972,49.4105809],[-123.2061743,49.410632],[-123.2062057,49.410694],[-123.206207,49.4107365],[-123.2062233,49.4108404],[-123.2062483,49.4108969],[-123.206348,49.4109412],[-123.2066075,49.4110132],[-123.2070879,49.411104],[-123.2073748,49.4112085],[-123.2076444,49.4112214],[-123.2079018,49.4112422],[-123.2080943,49.4113909],[-123.2084749,49.4114843],[-123.2090328,49.4115743],[-123.2093021,49.4117749],[-123.2096199,49.4118847],[-123.2100552,49.4118791],[-123.2101671,49.4119289]]}},{"type":"Feature","id":"72176836","properties":{"kind":"stream","name":"","osmWayId":"72176836"},"geometry":{"type":"LineString","coordinates":[[-123.1895114,49.3856821],[-123.1896208,49.3856821],[-123.1897171,49.3856821],[-123.1898002,49.3856821],[-123.1899254,49.3857006],[-123.1900077,49.3857177],[-123.1901319,49.3857263],[-123.1902824,49.3857619],[-123.1905319,49.385816],[-123.1907936,49.3858601],[-123.1910146,49.3858872],[-123.1911099,49.3859043],[-123.1913025,49.3859043],[-123.191442,49.3859128],[-123.1916761,49.3859128],[-123.1919107,49.3859043],[-123.1921854,49.3858943],[-123.1922808,49.3858843],[-123.1924601,49.3858573],[-123.1927769,49.3858388],[-123.1930114,49.3858032],[-123.1933019,49.3857846],[-123.1933977,49.3857661],[-123.1934935,49.3857476],[-123.1936187,49.3857391],[-123.1938102,49.385702],[-123.1941126,49.3856394],[-123.1942648,49.3856023],[-123.1943882,49.3855853],[-123.1945399,49.3855568],[-123.1947596,49.3855397],[-123.1950501,49.3854941],[-123.1952006,49.3854756],[-123.1954075,49.3854656],[-123.1955869,49.3854386],[-123.1956962,49.3854115],[-123.1957942,49.385393],[-123.1958358,49.385393],[-123.1958756,49.3853844],[-123.1959172,49.3853844],[-123.1961377,49.3853659],[-123.1962339,49.3853659],[-123.1964002,49.3853389]]}},{"type":"Feature","id":"72176862","properties":{"kind":"stream","name":"","osmWayId":"72176862"},"geometry":{"type":"LineString","coordinates":[[-123.1949325,49.3939238],[-123.1949395,49.3938414],[-123.1949935,49.39378],[-123.1950203,49.3937375],[-123.195047,49.3936746],[-123.1950351,49.3936386],[-123.194997,49.3936051],[-123.1949584,49.39357],[-123.19495,49.3935419],[-123.1949795,49.3934554],[-123.1949389,49.3933684],[-123.1949138,49.3933067],[-123.1948851,49.3932609],[-123.1948707,49.3932145],[-123.1948863,49.3931555],[-123.1949237,49.3930807],[-123.1949372,49.3929971],[-123.1949393,49.3929194],[-123.1949623,49.39288],[-123.1950247,49.3928476],[-123.1950894,49.3928004],[-123.1951261,49.3927234],[-123.1951441,49.392668],[-123.1951335,49.3926104],[-123.1951241,49.3925707],[-123.1951077,49.3925497],[-123.19506,49.3925151],[-123.1950255,49.3924696],[-123.1950104,49.3924324],[-123.1949832,49.392408],[-123.1949231,49.3923865],[-123.1948392,49.3923734],[-123.1947665,49.392367],[-123.1947053,49.3923814],[-123.1946114,49.392388],[-123.1945628,49.3924241],[-123.1944609,49.3924464],[-123.1942912,49.3924592],[-123.1942284,49.3924554],[-123.194173,49.3924397],[-123.1941215,49.3924096],[-123.1941027,49.3923755],[-123.194104,49.3923488],[-123.1941509,49.3922707],[-123.1942629,49.3921791],[-123.1943237,49.3921234],[-123.1943527,49.3921051],[-123.1943663,49.3920476],[-123.1944085,49.3920112],[-123.1944703,49.3919548],[-123.1945114,49.3919361],[-123.1945573,49.3919011],[-123.1946006,49.3918333],[-123.1946172,49.3917878],[-123.194623,49.3917396],[-123.1946489,49.3916653],[-123.1946762,49.3916156],[-123.1947415,49.3915812],[-123.1947991,49.3915363],[-123.1948783,49.391489],[-123.1949402,49.3914557],[-123.1949831,49.3914285],[-123.1949911,49.3913986],[-123.1949787,49.3913496],[-123.194947,49.3912785],[-123.1949396,49.391221],[-123.1949238,49.3911965],[-123.1949022,49.3911557],[-123.1948607,49.3911139],[-123.1948472,49.3910925],[-123.1947854,49.3910647],[-123.194609,49.3910299],[-123.1945507,49.3910264],[-123.1945044,49.3910298],[-123.194494,49.391039],[-123.1944966,49.3910528],[-123.1945075,49.3910687],[-123.1945039,49.391085],[-123.19447,49.3911245],[-123.194442,49.391147],[-123.1944009,49.3911531],[-123.1942954,49.3911534],[-123.1942097,49.3911431],[-123.1941714,49.3911305],[-123.194158,49.3911165],[-123.1941592,49.3911015],[-123.1941658,49.391078],[-123.1941586,49.3910336],[-123.1941633,49.3910086],[-123.194197,49.3909795],[-123.1942263,49.3909427],[-123.1942318,49.3908948],[-123.1942758,49.3908373],[-123.1943463,49.3907627],[-123.1943592,49.3907047],[-123.1943888,49.3906451],[-123.1944053,49.3906025],[-123.1943949,49.3905642],[-123.1943765,49.3905366],[-123.1943436,49.3905011],[-123.1943553,49.3904491],[-123.1943674,49.3903847],[-123.1943931,49.3903568],[-123.194436,49.3902822],[-123.1944802,49.3902552],[-123.1945264,49.3902385],[-123.194547,49.3902145],[-123.194546,49.3901691],[-123.1945235,49.3901242],[-123.1945304,49.3900986],[-123.1945495,49.3900591],[-123.1945869,49.3900111],[-123.1945905,49.3899757],[-123.1945661,49.3899313],[-123.1945693,49.3898655],[-123.1945825,49.3898216],[-123.1946168,49.389791],[-123.1946518,49.3897672],[-123.1946574,49.3897419],[-123.1946311,49.3897124],[-123.1946215,49.3896764],[-123.1945907,49.3896029],[-123.1945517,49.3895674],[-123.1945313,49.3895337],[-123.1945361,49.3895109],[-123.1945618,49.3894891],[-123.1945842,49.3894244],[-123.1946489,49.3893374],[-123.1946986,49.389238],[-123.1947714,49.3891376],[-123.1948291,49.3890422],[-123.1948708,49.388965],[-123.194881,49.3889077],[-123.1948624,49.3888784],[-123.1948139,49.3888485],[-123.1947514,49.3888224],[-123.1947195,49.3887955],[-123.1946898,49.3887569],[-123.1946849,49.3887113],[-123.1947075,49.3886864],[-123.1947562,49.3886624],[-123.1948726,49.38863],[-123.1949497,49.3886241],[-123.1950912,49.3885876],[-123.1952023,49.3885514],[-123.1952671,49.3885187],[-123.1953173,49.3884698],[-123.1953307,49.3884349],[-123.1953215,49.3884038],[-123.1953014,49.3883661],[-123.1952625,49.3883241],[-123.1952523,49.3882854],[-123.1952191,49.3882169],[-123.1952193,49.3881666],[-123.1952317,49.3881296],[-123.1952804,49.3880533],[-123.1953076,49.3879926],[-123.1953117,49.3879592],[-123.1952883,49.387899],[-123.1952923,49.3878658],[-123.1952959,49.3878242],[-123.1953102,49.3878021],[-123.1953443,49.3877925],[-123.1953578,49.3877798],[-123.1953539,49.3877288],[-123.195393,49.3876964],[-123.1955148,49.3876469],[-123.1955665,49.3876205]]}},{"type":"Feature","id":"72177095","properties":{"kind":"stream","name":"","osmWayId":"72177095"},"geometry":{"type":"LineString","coordinates":[[-123.1918943,49.4175303],[-123.1923091,49.4176641],[-123.1931929,49.4177624],[-123.1943107,49.4180473],[-123.1946125,49.4180829],[-123.1950694,49.4182353],[-123.1958277,49.4184318],[-123.1964915,49.418691],[-123.1967392,49.4188263],[-123.1975275,49.4193461],[-123.1978052,49.4195797]]}},{"type":"Feature","id":"72177117","properties":{"kind":"stream","name":"","osmWayId":"72177117"},"geometry":{"type":"LineString","coordinates":[[-123.2117308,49.4165604],[-123.2118983,49.4168922],[-123.2122169,49.4172241],[-123.2137247,49.4182737],[-123.2144444,49.4189659],[-123.2148599,49.4192892],[-123.2150663,49.4194045]]}},{"type":"Feature","id":"72177335","properties":{"kind":"stream","name":"","osmWayId":"72177335"},"geometry":{"type":"LineString","coordinates":[[-123.2054221,49.4146106],[-123.2066201,49.414078],[-123.2071154,49.4139683],[-123.2073025,49.4137264],[-123.2074339,49.413511],[-123.2076518,49.4134174],[-123.2078136,49.413259],[-123.207928,49.4131215],[-123.208333,49.4129095],[-123.2085568,49.4128602],[-123.2088365,49.4126828],[-123.2094649,49.4124586],[-123.2097789,49.4123285],[-123.2100675,49.4120365]]}},{"type":"Feature","id":"72177604","properties":{"kind":"stream","name":"","osmWayId":"72177604"},"geometry":{"type":"LineString","coordinates":[[-123.2052701,49.4071436],[-123.205431,49.4071757],[-123.2057843,49.4073039],[-123.2060629,49.407335],[-123.2063373,49.4074004],[-123.2064958,49.4074127],[-123.206787,49.4075183],[-123.2073824,49.4076459],[-123.2075345,49.4076932],[-123.2079371,49.4077818],[-123.2081058,49.4078662],[-123.2082844,49.4080658],[-123.2083611,49.4080985],[-123.2084678,49.4081925],[-123.2085718,49.408248],[-123.2087799,49.408292],[-123.2089472,49.4083604],[-123.20908,49.4084889],[-123.2092031,49.4085688],[-123.2094373,49.4086456],[-123.2096311,49.408642],[-123.2099198,49.4087016],[-123.2102607,49.4088446],[-123.2103717,49.408952],[-123.2104421,49.4091037],[-123.2106071,49.4092688],[-123.2109532,49.4094651],[-123.2112519,49.4097113],[-123.2113834,49.4098078],[-123.2116436,49.4098917]]}},{"type":"Feature","id":"72178337","properties":{"kind":"stream","name":"","osmWayId":"72178337"},"geometry":{"type":"LineString","coordinates":[[-123.1769434,49.3898448],[-123.1766713,49.3901555],[-123.1765069,49.3903264],[-123.1762865,49.3905073],[-123.1756824,49.3908135],[-123.1752162,49.3912821],[-123.1750912,49.3915612],[-123.1748464,49.391886],[-123.1744207,49.3926778],[-123.1741596,49.3929114]]}},{"type":"Feature","id":"72178501","properties":{"kind":"stream","name":"","osmWayId":"72178501"},"geometry":{"type":"LineString","coordinates":[[-123.2132384,49.3873499],[-123.2132374,49.3873197],[-123.2129375,49.3871444],[-123.212791,49.386997]]}},{"type":"Feature","id":"72179816","properties":{"kind":"stream","name":"","osmWayId":"72179816"},"geometry":{"type":"LineString","coordinates":[[-123.191756,49.4066009],[-123.1908889,49.4068459],[-123.1904755,49.4070082],[-123.189747,49.4072247],[-123.187764,49.4080735],[-123.1861948,49.4086973],[-123.1835369,49.4095746]]}},{"type":"Feature","id":"72179976","properties":{"kind":"stream","name":"","osmWayId":"72179976"},"geometry":{"type":"LineString","coordinates":[[-123.2028188,49.422018],[-123.2021581,49.4220365],[-123.2016338,49.4219838],[-123.2012601,49.4218584],[-123.2009302,49.4217872],[-123.2003354,49.4215181],[-123.1993015,49.4212589],[-123.1987753,49.4210894],[-123.1983902,49.4209996],[-123.1977547,49.4209113],[-123.1973962,49.420786],[-123.1971339,49.4207504],[-123.1966515,49.4207789]]}},{"type":"Feature","id":"72180229","properties":{"kind":"stream","name":"","osmWayId":"72180229"},"geometry":{"type":"LineString","coordinates":[[-123.2031042,49.3906614],[-123.2029648,49.390655],[-123.2028786,49.3906454],[-123.2028318,49.3906342],[-123.2027791,49.3906022],[-123.2027377,49.3905944],[-123.2027089,49.3905835],[-123.2026317,49.3905906],[-123.20258,49.3905931],[-123.202546,49.3905923],[-123.2025222,49.390583],[-123.2024781,49.3905483],[-123.2024382,49.3905349],[-123.2023162,49.3905103],[-123.2022739,49.3904926],[-123.2021998,49.3904892],[-123.2021405,49.3904658],[-123.2020254,49.390439],[-123.2019516,49.3904195],[-123.2018682,49.390367],[-123.2018252,49.3903429],[-123.2017739,49.3903353],[-123.2017145,49.3903308],[-123.2015784,49.3903169],[-123.2014955,49.39032],[-123.2014266,49.3903106],[-123.201362,49.3903147],[-123.2012598,49.3903132],[-123.2010876,49.3903136],[-123.2009924,49.3903199],[-123.2009306,49.3903432],[-123.2008444,49.3903706],[-123.2007727,49.3903826],[-123.2007191,49.3903828],[-123.2006804,49.3903724],[-123.200653,49.3903571],[-123.2006041,49.3903395],[-123.2005613,49.3903307],[-123.2005115,49.3903263],[-123.200476,49.3903071],[-123.200424,49.3902975],[-123.200352,49.3903062],[-123.2002422,49.3903084],[-123.2001423,49.3903178],[-123.2000936,49.3903245],[-123.2000394,49.3903185],[-123.1999965,49.3902987],[-123.1999477,49.3902931],[-123.1999136,49.390279],[-123.1998578,49.390278],[-123.1997447,49.3902799],[-123.1996963,49.3902828],[-123.1996359,49.3902914],[-123.1995658,49.3902873],[-123.1994586,49.3902982],[-123.1993865,49.390302],[-123.1993106,49.3903208],[-123.1992218,49.3903214],[-123.199166,49.3903098],[-123.1990459,49.3903114]]}},{"type":"Feature","id":"72180635","properties":{"kind":"stream","name":"","osmWayId":"72180635"},"geometry":{"type":"LineString","coordinates":[[-123.1972997,49.3967511],[-123.1971053,49.3967155],[-123.1970099,49.3966713],[-123.1969547,49.3966257],[-123.196899,49.3964919],[-123.1968836,49.3964377],[-123.1968424,49.3963751],[-123.1966763,49.3962312],[-123.1965948,49.3961586],[-123.1964419,49.3960147],[-123.1963591,49.3959521],[-123.1961234,49.3957726],[-123.1960126,49.3956744],[-123.1957656,49.3955305],[-123.1956829,49.3954949],[-123.1954604,49.3953425],[-123.1953364,49.3952442],[-123.1952974,49.3952092]]}},{"type":"Feature","id":"72180661","properties":{"kind":"stream","name":"","osmWayId":"72180661"},"geometry":{"type":"LineString","coordinates":[[-123.203971,49.4202619],[-123.2035558,49.4201907],[-123.2030465,49.4199756],[-123.2027278,49.4197876],[-123.2024522,49.4196979],[-123.2022034,49.4196538],[-123.201266,49.4196196],[-123.2009895,49.419547],[-123.1999953,49.419396],[-123.198948,49.4193974],[-123.1981636,49.4195071],[-123.1978734,49.419517]]}},{"type":"Feature","id":"72180824","properties":{"kind":"stream","name":"Brothers Gully","osmWayId":"72180824"},"geometry":{"type":"LineString","coordinates":[[-123.175878,49.3837879],[-123.1757673,49.3837979],[-123.1755053,49.3838164],[-123.1753647,49.3838107],[-123.1750656,49.3837737],[-123.1746561,49.3837191],[-123.1741953,49.3838384]]}},{"type":"Feature","id":"72181041","properties":{"kind":"stream","name":"","osmWayId":"72181041"},"geometry":{"type":"LineString","coordinates":[[-123.1918616,49.3909673],[-123.191901,49.3909132],[-123.1919565,49.3908691],[-123.1921087,49.3907779],[-123.1921769,49.3907423],[-123.1924246,49.3906797],[-123.192645,49.3906341],[-123.1927282,49.390607],[-123.1929561,49.3905267],[-123.1930035,49.3905151],[-123.1930895,49.3905081],[-123.1931384,49.3904996],[-123.1931719,49.3904766],[-123.1932096,49.3904236],[-123.193231,49.3903842],[-123.1932531,49.390352],[-123.1932759,49.3903066],[-123.19332,49.3902718],[-123.1933538,49.3902482],[-123.1933532,49.3902203],[-123.1933484,49.3902034],[-123.1933662,49.3901913],[-123.1934084,49.3901806],[-123.1934379,49.3901608],[-123.193475,49.3901484],[-123.1935672,49.390083],[-123.1936464,49.3900521],[-123.1937582,49.3900293],[-123.1939068,49.3900152],[-123.1940717,49.3899911],[-123.1942274,49.3899812],[-123.1942739,49.3899775],[-123.1943256,49.389979],[-123.1943718,49.3899679],[-123.1944322,49.3899638],[-123.1944693,49.3899518],[-123.1945661,49.3899313]]}},{"type":"Feature","id":"72181098","properties":{"kind":"stream","name":"","osmWayId":"72181098"},"geometry":{"type":"LineString","coordinates":[[-123.2005319,49.3868728],[-123.2005229,49.3868412],[-123.2005249,49.3868147],[-123.2004775,49.3867707],[-123.2004336,49.3867344],[-123.2003549,49.386684],[-123.2002682,49.3866329],[-123.2001834,49.3866001],[-123.2001292,49.3865671],[-123.2000736,49.3865429],[-123.2000207,49.3865295],[-123.1999728,49.3865002],[-123.1999276,49.3864529],[-123.1999148,49.3864114],[-123.1998618,49.3863828],[-123.1998239,49.3863474],[-123.1998073,49.386319],[-123.1997796,49.3862972],[-123.1997339,49.3862815],[-123.1997201,49.3862662],[-123.1996519,49.3862289],[-123.1995892,49.3861991],[-123.1995603,49.3861893],[-123.1995149,49.3861732],[-123.1995006,49.3861703],[-123.1994643,49.38616],[-123.1994386,49.3861448],[-123.1993889,49.3861391],[-123.1993467,49.3861246],[-123.1993269,49.3861231],[-123.1992686,49.386102],[-123.1992286,49.3860847],[-123.1991799,49.3860732],[-123.1991405,49.3860598],[-123.1991041,49.3860438],[-123.1989998,49.3860134],[-123.1989455,49.3860015],[-123.198828,49.3859844],[-123.1987456,49.3859706],[-123.1986475,49.3859463]]}},{"type":"Feature","id":"72181220","properties":{"kind":"stream","name":"","osmWayId":"72181220"},"geometry":{"type":"LineString","coordinates":[[-123.1898666,49.4170033],[-123.1888888,49.4171571],[-123.1886117,49.4171671],[-123.1881436,49.4171044],[-123.1877015,49.4169606],[-123.1873022,49.416935],[-123.1869847,49.4168808],[-123.1861167,49.4170261],[-123.1840205,49.4170204],[-123.1838423,49.4169948],[-123.1834555,49.4168694],[-123.1830683,49.4168068],[-123.1825706,49.4166102],[-123.1822532,49.4166102]]}},{"type":"Feature","id":"72181526","properties":{"kind":"stream","name":"","osmWayId":"72181526"},"geometry":{"type":"LineString","coordinates":[[-123.1827591,49.3931592],[-123.1828015,49.3930339],[-123.1827996,49.3929441],[-123.1828275,49.3928444],[-123.1828423,49.3927718],[-123.1829268,49.3926961],[-123.1830027,49.3926087],[-123.1830889,49.3924841],[-123.1832066,49.3923488],[-123.1833029,49.3922094],[-123.1833821,49.3920764],[-123.1834998,49.3918988],[-123.1837735,49.3916737],[-123.183815,49.3916196],[-123.1838977,49.391547],[-123.1839523,49.3914658],[-123.1840621,49.3913761],[-123.1841592,49.3912778],[-123.1842544,49.3911326],[-123.184309,49.3910784],[-123.1843362,49.3910343],[-123.1843913,49.3909716],[-123.1844887,49.3908263],[-123.18457,49.3907366],[-123.1846382,49.3906198],[-123.1846928,49.3905387],[-123.1847759,49.3904575],[-123.1848861,49.390278],[-123.1849407,49.3901698],[-123.1849948,49.3900971],[-123.185063,49.3899804],[-123.1850914,49.3898992],[-123.1852142,49.3897012],[-123.1852824,49.3895844],[-123.1853365,49.3894847],[-123.1854047,49.389395],[-123.1855433,49.3892156],[-123.1856526,49.3891073],[-123.1857624,49.3889364],[-123.1858039,49.3888823],[-123.1859542,49.3887285],[-123.1860509,49.3886388],[-123.1861607,49.388549],[-123.1862428,49.3884849],[-123.1863531,49.3884408],[-123.1864625,49.3883867],[-123.1866965,49.3883055],[-123.1868207,49.3882599],[-123.1870954,49.3881958],[-123.187207,49.3881688],[-123.1873168,49.3881332],[-123.1875499,49.388042],[-123.1878522,49.3879523],[-123.1879629,49.3879153],[-123.1882389,49.3877985],[-123.1884987,49.3876988],[-123.1885687,49.3876717],[-123.1886654,49.3876361],[-123.1887617,49.3876091],[-123.1888159,49.3875905],[-123.1888579,49.387582],[-123.188941,49.3875549],[-123.1891046,49.3875094],[-123.1893667,49.3874638],[-123.1894629,49.3874638],[-123.1895465,49.3874552],[-123.1896703,49.3874453],[-123.1897666,49.3874453],[-123.1900422,49.3874182],[-123.1901376,49.3874082],[-123.1903996,49.3873627],[-123.1905226,49.3873271],[-123.190744,49.3872915],[-123.1909789,49.387263],[-123.191184,49.3872174],[-123.1914728,49.3871633],[-123.1917484,49.3871362],[-123.1918447,49.3871362],[-123.1919278,49.3871362],[-123.1921759,49.3871348],[-123.1925763,49.3871348],[-123.1927836,49.3871163],[-123.1928663,49.3870978],[-123.1931813,49.3869895],[-123.1933746,49.3868913],[-123.1936081,49.3867645],[-123.1939527,49.3865922],[-123.1940477,49.386548],[-123.1942681,49.3864754],[-123.1945438,49.3864213],[-123.1946395,49.3864027],[-123.1949693,49.386276],[-123.195258,49.3861678],[-123.19537,49.3861321],[-123.1956162,49.386041],[-123.195824,49.3859869],[-123.195947,49.3859513]]}},{"type":"Feature","id":"72181709","properties":{"kind":"stream","name":"","osmWayId":"72181709"},"geometry":{"type":"LineString","coordinates":[[-123.1948585,49.3997333],[-123.1948567,49.3996707],[-123.1948579,49.3996337],[-123.1948569,49.3994727],[-123.1948699,49.3994186],[-123.1948694,49.399373],[-123.1948845,49.3992377],[-123.1949116,49.3991665],[-123.1949247,49.3991124],[-123.194966,49.398923],[-123.1950188,49.3988062],[-123.195034,49.3987521],[-123.1950339,49.3986979],[-123.1950604,49.3985],[-123.1950744,49.3984558],[-123.1951001,49.3983832],[-123.195142,49.3983205],[-123.1951545,49.3981938],[-123.1951405,49.3981411],[-123.1951417,49.398077],[-123.1951401,49.3978975],[-123.1951396,49.3978249],[-123.1951387,49.3977452],[-123.195153,49.3976811],[-123.1951669,49.3976099],[-123.1951668,49.3975557],[-123.1952082,49.3974204],[-123.1952069,49.3973492],[-123.1952744,49.3971327],[-123.1953294,49.3969889],[-123.1953572,49.3968621],[-123.1953425,49.3966827],[-123.1953429,49.39662],[-123.1953405,49.3964847],[-123.1953278,49.3964221],[-123.1953259,49.3962782],[-123.1953391,49.3960532],[-123.1952201,49.3958806],[-123.1952382,49.3958627],[-123.1952376,49.3958303],[-123.1952373,49.3957879],[-123.1952349,49.3957412],[-123.1952501,49.3957136],[-123.1952529,49.395687],[-123.1952627,49.3956638],[-123.1952905,49.3956412],[-123.1953289,49.395627],[-123.1953484,49.3956105],[-123.1953547,49.3955891],[-123.1953664,49.3955273],[-123.1953601,49.3954638],[-123.1953732,49.3954389],[-123.195406,49.395398],[-123.1954003,49.3953524],[-123.1953967,49.3953372],[-123.1953492,49.3952835],[-123.1952974,49.3952092],[-123.1952352,49.3951617],[-123.1952197,49.3951276],[-123.195219,49.3950661],[-123.1952071,49.3950294],[-123.1951672,49.3949962],[-123.1951175,49.3949841],[-123.1950717,49.3949528],[-123.1950214,49.3948746],[-123.1949832,49.3948275],[-123.1949976,49.3947359],[-123.1949969,49.3946804],[-123.1950131,49.3946347]]}},{"type":"Feature","id":"72181842","properties":{"kind":"stream","name":"","osmWayId":"72181842"},"geometry":{"type":"LineString","coordinates":[[-123.2201566,49.3930359],[-123.2202053,49.3929795],[-123.2202346,49.392945],[-123.2202746,49.3929054],[-123.2203073,49.3928952],[-123.2203186,49.3928888],[-123.2203343,49.392859],[-123.2203774,49.3928376],[-123.2204006,49.3928045],[-123.2204427,49.3927655],[-123.2204641,49.3927353],[-123.2204908,49.3927112],[-123.2205683,49.3926561],[-123.2205918,49.3926345],[-123.2205959,49.3926051],[-123.2206074,49.3925924],[-123.2206363,49.3925666],[-123.2206701,49.3925539],[-123.220697,49.3925328],[-123.2207332,49.3925172],[-123.2208087,49.3924817],[-123.2208667,49.3924376],[-123.2209082,49.3924183],[-123.2209481,49.3923971],[-123.2209958,49.3923774],[-123.2210199,49.3923522],[-123.2210576,49.3923339],[-123.2210855,49.3923073],[-123.2211079,49.3922897],[-123.2211686,49.3922865],[-123.2212046,49.3922818],[-123.2212147,49.3922707],[-123.2212429,49.3922574],[-123.2212788,49.3922538],[-123.2213084,49.3922574],[-123.2213354,49.3922667],[-123.2213755,49.3922824],[-123.2214099,49.3922903],[-123.221428,49.3922965],[-123.2215353,49.3923025],[-123.2216728,49.392335],[-123.2217665,49.3923619],[-123.2218065,49.3924068],[-123.221839,49.3924484],[-123.2218935,49.392488],[-123.2219938,49.3925221],[-123.2222361,49.3926167],[-123.2223214,49.3926493],[-123.2223919,49.3926909],[-123.2225519,49.3927291],[-123.2225913,49.3927241],[-123.2226643,49.3926866],[-123.2226878,49.3926244],[-123.2226875,49.3925607],[-123.2227057,49.3925201],[-123.2227178,49.3925138],[-123.2227503,49.3925079],[-123.2229852,49.3925348]]}},{"type":"Feature","id":"72182179","properties":{"kind":"stream","name":"","osmWayId":"72182179"},"geometry":{"type":"LineString","coordinates":[[-123.1763312,49.3835899],[-123.1762345,49.3836255],[-123.17607,49.3837423],[-123.1759594,49.3837794],[-123.175878,49.3837879]]}},{"type":"Feature","id":"72182293","properties":{"kind":"stream","name":"","osmWayId":"72182293"},"geometry":{"type":"LineString","coordinates":[[-123.2066607,49.4204812],[-123.2071288,49.4204898],[-123.207391,49.4204442],[-123.2078307,49.4203089],[-123.2084102,49.4202092],[-123.2093212,49.4201622],[-123.2096648,49.4201081],[-123.2097737,49.4200896],[-123.2105193,49.4198816],[-123.2110826,49.419799],[-123.2111942,49.419772],[-123.2115656,49.4196723],[-123.2120205,49.4196267],[-123.2128068,49.4196338],[-123.2129163,49.4196338],[-123.2132745,49.419678],[-123.2140885,49.4196865],[-123.2150663,49.4194045],[-123.2153687,49.4193148],[-123.2156307,49.4192151],[-123.2170362,49.418889],[-123.2177532,49.4188249],[-123.2186773,49.4188049],[-123.2192688,49.4188121],[-123.2197651,49.4188833],[-123.2199859,49.4189459],[-123.2203747,49.4191339],[-123.2206903,49.4192422]]}},{"type":"Feature","id":"72182484","properties":{"kind":"stream","name":"","osmWayId":"72182484"},"geometry":{"type":"LineString","coordinates":[[-123.2204833,49.402588],[-123.2204959,49.402655],[-123.2205638,49.4027397],[-123.2206022,49.4028112],[-123.2206263,49.4028631],[-123.2206512,49.4029264],[-123.2206612,49.4029872],[-123.2207094,49.4030633],[-123.2207169,49.4031373],[-123.2207279,49.403187],[-123.2207623,49.4032516],[-123.2207768,49.4032984],[-123.2207714,49.4033844],[-123.2207035,49.4034164],[-123.2206687,49.4034815],[-123.220603,49.4035321],[-123.2205257,49.4035597],[-123.2204919,49.4035824],[-123.2204737,49.4036131],[-123.2204672,49.4036497],[-123.2204597,49.4036832],[-123.2204664,49.4036969],[-123.2205002,49.4037075],[-123.2205252,49.4037211],[-123.2205505,49.4037632],[-123.2205892,49.4038063],[-123.2206026,49.4038407],[-123.2206066,49.4038817],[-123.2206499,49.403949],[-123.2206902,49.4039887],[-123.2206883,49.4040135],[-123.2207056,49.4040396],[-123.2207418,49.4040697],[-123.220781,49.4040951],[-123.2208054,49.4041219],[-123.2208369,49.4041315],[-123.2208776,49.4041313],[-123.2209602,49.404117],[-123.2210549,49.4041521],[-123.2210882,49.4041856],[-123.2211163,49.4041961],[-123.2211668,49.404251],[-123.2212105,49.4043127],[-123.2212596,49.404347],[-123.2212955,49.4043558],[-123.2213583,49.4043549],[-123.2214737,49.404346],[-123.2215324,49.4043525],[-123.2216569,49.4043437],[-123.2217113,49.4043476],[-123.2217706,49.4043409],[-123.2218315,49.4043258],[-123.2218787,49.4043352],[-123.2218913,49.4043563],[-123.2219019,49.4043989],[-123.2219239,49.4044226],[-123.2219703,49.4044466],[-123.2220097,49.4044709],[-123.2220546,49.4045046],[-123.2221006,49.4045251],[-123.2221843,49.404533],[-123.2223402,49.4045404],[-123.2224221,49.4045302],[-123.2224506,49.4045355],[-123.2224709,49.4045456],[-123.2224921,49.4045663],[-123.2225202,49.4045831],[-123.222647,49.4045811],[-123.2226944,49.4045839],[-123.2227129,49.4046172]]}},{"type":"Feature","id":"72182493","properties":{"kind":"stream","name":"","osmWayId":"72182493"},"geometry":{"type":"LineString","coordinates":[[-123.1847071,49.4124416],[-123.1836455,49.412453],[-123.1835075,49.4124259],[-123.1831334,49.4122279],[-123.1826635,49.4118505],[-123.1824703,49.4117352],[-123.181974,49.4115828],[-123.1815195,49.4114845],[-123.1809947,49.4112509],[-123.1804699,49.4110715]]}},{"type":"Feature","id":"72182536","properties":{"kind":"stream","name":"","osmWayId":"72182536"},"geometry":{"type":"LineString","coordinates":[[-123.1781625,49.402089],[-123.1774714,49.4016774],[-123.1769889,49.4014894],[-123.1768089,49.4014438],[-123.176493,49.4014182],[-123.1753335,49.4014096],[-123.174314,49.4012772],[-123.1735969,49.4010707],[-123.1727255,49.4006221],[-123.1722287,49.4004982],[-123.1721188,49.4005338],[-123.1718024,49.4005437],[-123.171555,49.4004625],[-123.1712494,49.4002831],[-123.1707536,49.3999057],[-123.1704072,49.3995738],[-123.1700616,49.3993488],[-123.1696195,49.3991437],[-123.169481,49.399044],[-123.1694118,49.3988916],[-123.1694116,49.3986752],[-123.1693835,49.3986125],[-123.1692872,49.3985584],[-123.168446,49.3985598],[-123.1681011,49.3984615],[-123.1676471,49.3982194],[-123.1673004,49.3981126],[-123.1670662,49.3980044],[-123.1666516,49.3977622],[-123.1663065,49.3975016],[-123.1658508,49.397278],[-123.1655208,49.3972424],[-123.1648862,49.3972424],[-123.1644034,49.3971441],[-123.1638375,49.3970729],[-123.1631757,49.3970473],[-123.1628326,49.3969846],[-123.1625145,49.396986]]}},{"type":"Feature","id":"72182666","properties":{"kind":"stream","name":"","osmWayId":"72182666"},"geometry":{"type":"LineString","coordinates":[[-123.1928513,49.4116369],[-123.1923944,49.4114845],[-123.1922025,49.4113862],[-123.1920098,49.4113321],[-123.1918027,49.411315],[-123.1914005,49.4111085],[-123.1906007,49.4108308],[-123.1900614,49.4105801],[-123.1895783,49.4104277],[-123.187868,49.4101343],[-123.1873298,49.4100717],[-123.1869302,49.4100817],[-123.1865173,49.4100375],[-123.1862129,49.4099563],[-123.1856742,49.4097242],[-123.1850818,49.4096259],[-123.1843515,49.4095818],[-123.1835369,49.4095746]]}},{"type":"Feature","id":"72182857","properties":{"kind":"stream","name":"","osmWayId":"72182857"},"geometry":{"type":"LineString","coordinates":[[-123.2209986,49.4050435],[-123.2211544,49.4050595],[-123.2212858,49.4050864],[-123.2213926,49.4050856],[-123.2214232,49.4050992],[-123.2214587,49.4051446],[-123.2214715,49.4052041],[-123.221535,49.4052296],[-123.2216101,49.4052637],[-123.2216983,49.4052877],[-123.2217523,49.4053134],[-123.2218052,49.4053574],[-123.2218484,49.4054393],[-123.2218782,49.4054604],[-123.2219876,49.4054807],[-123.2220979,49.4055231],[-123.2222037,49.4055739],[-123.2222859,49.4055841],[-123.2223247,49.4055641],[-123.2223909,49.405503],[-123.2224583,49.4054844],[-123.2225231,49.4054863],[-123.2226043,49.4055186],[-123.2226254,49.4055402],[-123.222652,49.4056012],[-123.2226549,49.4056558],[-123.2226808,49.4056786],[-123.222704,49.4056931],[-123.2227152,49.4057299],[-123.2227432,49.4057644],[-123.2227548,49.4058012],[-123.2227543,49.4058477],[-123.2227717,49.4058797],[-123.2228068,49.4059074],[-123.2228478,49.405925],[-123.2229269,49.4059293],[-123.2229875,49.4059368],[-123.2230319,49.4059526],[-123.2230466,49.4059631],[-123.2230655,49.4059904],[-123.2230797,49.4060188],[-123.2231097,49.4060425],[-123.223157,49.406059],[-123.2232573,49.4060716],[-123.2233683,49.4060793],[-123.2234435,49.4060956],[-123.223535,49.4061293],[-123.2236132,49.406166],[-123.2236467,49.4061728],[-123.2237063,49.4061694],[-123.2238639,49.4061499],[-123.2239315,49.4061583],[-123.2240178,49.406159],[-123.2241814,49.4061678],[-123.2242555,49.4061834],[-123.2243269,49.4061763],[-123.2244325,49.4061386],[-123.2245705,49.406143],[-123.2246403,49.4061585],[-123.2246763,49.4061944],[-123.2246933,49.4062018],[-123.2249381,49.4062426],[-123.2250176,49.406237],[-123.2251216,49.4062138],[-123.2251665,49.4061953],[-123.225269,49.4061974],[-123.2253719,49.4062257],[-123.225465,49.4062251],[-123.2255209,49.4062278],[-123.2255865,49.4062545],[-123.2256585,49.4062898],[-123.2257041,49.4063208],[-123.2258898,49.4063414],[-123.2259339,49.4063533],[-123.2259593,49.4063752],[-123.2260112,49.4064327],[-123.2260886,49.4064897],[-123.2261438,49.4065482],[-123.2261899,49.4065711],[-123.226351,49.406577],[-123.2263812,49.406585],[-123.2263968,49.4066021],[-123.2264366,49.4067007],[-123.2264469,49.406731],[-123.226565,49.4067945],[-123.2266963,49.4068033],[-123.2267395,49.406814],[-123.2267759,49.4068267],[-123.2268684,49.406838],[-123.2269385,49.4068646],[-123.2269883,49.4069279],[-123.2270117,49.4069874],[-123.2270742,49.4070682],[-123.2271496,49.407097],[-123.2271857,49.407127],[-123.2271917,49.407158],[-123.2271919,49.4071928],[-123.2272355,49.407327],[-123.2272636,49.4074245],[-123.2273106,49.4074638],[-123.2274462,49.4075655],[-123.2276786,49.4077165],[-123.227767,49.4077635],[-123.2278454,49.4078197],[-123.227932,49.4078989],[-123.2279475,49.4079437],[-123.2279509,49.4080158],[-123.227969,49.4080715],[-123.2280223,49.4080992],[-123.2281192,49.4081424],[-123.2282554,49.408196],[-123.2284221,49.4082427],[-123.2286828,49.4083084],[-123.2290952,49.4083248],[-123.2292694,49.4083054],[-123.2293954,49.4083263],[-123.2296688,49.4084223],[-123.2298406,49.4084482],[-123.2300101,49.4085054],[-123.2300897,49.4085646],[-123.2301391,49.4086361],[-123.2302651,49.408768],[-123.2305748,49.4088647],[-123.2308385,49.4089624]]}},{"type":"Feature","id":"72183280","properties":{"kind":"stream","name":"","osmWayId":"72183280"},"geometry":{"type":"LineString","coordinates":[[-123.2164886,49.3894512],[-123.2160127,49.389285],[-123.2158206,49.3890356],[-123.2157914,49.388812]]}},{"type":"Feature","id":"72183449","properties":{"kind":"stream","name":"","osmWayId":"72183449"},"geometry":{"type":"LineString","coordinates":[[-123.180703,49.422243],[-123.1798784,49.423126],[-123.179633,49.4234678],[-123.1794394,49.4236672],[-123.178794,49.4241087],[-123.1786409,49.4241899],[-123.1780081,49.4244149],[-123.177733,49.4245687],[-123.1774308,49.4247937],[-123.1773081,49.4249376],[-123.177253,49.4254503],[-123.1774748,49.425775],[-123.1776973,49.4260171],[-123.1780007,49.4262322],[-123.1789546,49.4266993],[-123.1794804,49.4270753],[-123.1797428,49.427363],[-123.1800075,49.4278487],[-123.1804927,49.4284867],[-123.1807418,49.4292601],[-123.1809224,49.4295378],[-123.1809925,49.4297628],[-123.1809364,49.4300409],[-123.1808878,49.4301791],[-123.1808365,49.430278],[-123.1807959,49.4303698],[-123.180653,49.4308965]]}},{"type":"Feature","id":"72183696","properties":{"kind":"stream","name":"","osmWayId":"72183696"},"geometry":{"type":"LineString","coordinates":[[-123.1764775,49.4090634],[-123.1760923,49.4091445],[-123.1755419,49.4093169],[-123.1734203,49.4101201],[-123.1729128,49.4103907],[-123.1720594,49.4109134],[-123.1718941,49.4109775],[-123.1712888,49.4110957]]}},{"type":"Feature","id":"72184046","properties":{"kind":"stream","name":"","osmWayId":"72184046"},"geometry":{"type":"LineString","coordinates":[[-123.1814712,49.413373],[-123.1810566,49.4133744],[-123.1807112,49.4133388],[-123.1801171,49.4130882],[-123.1791513,49.4127478],[-123.1785856,49.4123889],[-123.178074,49.4119303],[-123.177576,49.4117152],[-123.1773141,49.411644]]}},{"type":"Feature","id":"72184223","properties":{"kind":"stream","name":"","osmWayId":"72184223"},"geometry":{"type":"LineString","coordinates":[[-123.2058331,49.3938564],[-123.2057879,49.3938622],[-123.2057437,49.3938615],[-123.2057104,49.3938737],[-123.205677,49.3939036],[-123.2056573,49.3939363],[-123.2056221,49.3939632],[-123.2055738,49.393989],[-123.2055415,49.3940137],[-123.2055293,49.3940424],[-123.2055153,49.3940697],[-123.205516,49.3941228],[-123.2055054,49.3941407],[-123.2054684,49.3941567],[-123.2053934,49.3942106],[-123.2053894,49.3942316],[-123.2053986,49.3942649],[-123.2054015,49.3943486],[-123.2053855,49.3943928],[-123.2053767,49.3944448],[-123.2053473,49.3944997],[-123.2053395,49.3945317],[-123.2053378,49.3945666],[-123.2053494,49.3945878],[-123.2053499,49.3946011],[-123.2053395,49.3946103],[-123.2052865,49.3946385],[-123.2052276,49.3946836],[-123.2052127,49.3947177],[-123.2052145,49.3947535],[-123.2052257,49.3947758],[-123.2052125,49.3948097],[-123.2052271,49.3948238],[-123.2052348,49.3948421],[-123.2052297,49.3948563],[-123.2052046,49.3948691],[-123.2051528,49.394882],[-123.2051097,49.3949075],[-123.2050808,49.3949395],[-123.2050707,49.3949684],[-123.2050506,49.3949809],[-123.2050052,49.394993],[-123.2049286,49.3949944],[-123.2048935,49.3949927],[-123.2048469,49.3949778],[-123.2048022,49.3949696],[-123.2047309,49.3949698],[-123.2047068,49.3949744],[-123.2046416,49.3949557],[-123.2045741,49.3949501],[-123.2045406,49.3949563],[-123.2044949,49.3949714],[-123.2043846,49.3950418],[-123.2043584,49.3950773],[-123.2043311,49.395097],[-123.2043007,49.3951377]]}},{"type":"Feature","id":"72184291","properties":{"kind":"stream","name":"","osmWayId":"72184291"},"geometry":{"type":"LineString","coordinates":[[-123.2101494,49.4173537],[-123.2106334,49.4179476],[-123.2109518,49.4182253],[-123.2114501,49.4185842],[-123.2121012,49.4189787],[-123.2128068,49.4196338]]}},{"type":"Feature","id":"72184707","properties":{"kind":"stream","name":"","osmWayId":"72184707"},"geometry":{"type":"LineString","coordinates":[[-123.18966,49.4204114],[-123.1901568,49.4205282],[-123.1909552,49.4205994],[-123.191673,49.4207319],[-123.1918807,49.4207946],[-123.1929167,49.4212517],[-123.1934546,49.421548],[-123.1938414,49.4218171],[-123.1943134,49.4222031],[-123.1951287,49.4229935]]}},{"type":"Feature","id":"72184871","properties":{"kind":"stream","name":"","osmWayId":"72184871"},"geometry":{"type":"LineString","coordinates":[[-123.2034764,49.4240047],[-123.2029926,49.4238879],[-123.202453,49.4236373],[-123.2014593,49.423361],[-123.2011702,49.4233069],[-123.200206,49.4233083],[-123.1997631,49.42322],[-123.1993494,49.4230491],[-123.1987965,49.4227172],[-123.1983134,49.4225022],[-123.1975812,49.4222515],[-123.1970289,49.4219923],[-123.1968203,49.4219197],[-123.1964629,49.4218584],[-123.1961735,49.421867]]}},{"type":"Feature","id":"72185428","properties":{"kind":"stream","name":"","osmWayId":"72185428"},"geometry":{"type":"LineString","coordinates":[[-123.1944571,49.4030802],[-123.1936104,49.4029635],[-123.1934215,49.4030181]]}},{"type":"Feature","id":"72185955","properties":{"kind":"stream","name":"","osmWayId":"72185955"},"geometry":{"type":"LineString","coordinates":[[-123.1813509,49.4181313],[-123.1810608,49.4179974],[-123.1805476,49.4176926],[-123.1804661,49.4176741],[-123.1802022,49.4174861],[-123.1798855,49.4171087],[-123.1796497,49.4167313],[-123.1794006,49.4164707],[-123.1791916,49.4163368],[-123.1789721,49.4162912]]}},{"type":"Feature","id":"72186168","properties":{"kind":"stream","name":"","osmWayId":"72186168"},"geometry":{"type":"LineString","coordinates":[[-123.1965519,49.4059962],[-123.1966191,49.4059251],[-123.1966754,49.4058726],[-123.1967487,49.4057385],[-123.196834,49.4056959],[-123.1969005,49.4056549],[-123.1969727,49.4056312],[-123.1970148,49.4055796],[-123.1970268,49.4055211],[-123.1969738,49.4054475],[-123.1969589,49.4053008],[-123.1969805,49.4051792],[-123.1970219,49.4050785],[-123.1971422,49.4049634],[-123.1972512,49.4049332],[-123.1974204,49.4048927],[-123.19754,49.404833],[-123.1977938,49.404813],[-123.1979155,49.4047893],[-123.1980243,49.40475],[-123.1981176,49.4047311],[-123.1982482,49.4046851],[-123.1983569,49.4046084],[-123.1985583,49.4045212],[-123.1986806,49.4044465],[-123.1988389,49.4044145],[-123.1990569,49.4043809],[-123.1991315,49.4043976],[-123.1992361,49.4044498],[-123.1993495,49.4044796],[-123.1994992,49.4044882],[-123.1995451,49.4044721],[-123.1996569,49.4043796],[-123.1997342,49.4043583],[-123.1997851,49.4043437],[-123.1998484,49.4043112],[-123.1999055,49.4043004],[-123.2000013,49.4042392],[-123.2000728,49.404213],[-123.2001551,49.4041717],[-123.200249,49.4041065],[-123.2002828,49.4040567],[-123.200367,49.404038],[-123.2004991,49.4040322],[-123.2006821,49.4040134],[-123.2007499,49.4040332],[-123.200879,49.4040246],[-123.2009639,49.403981],[-123.2009974,49.4039352],[-123.2010309,49.4037996],[-123.2010784,49.4037119],[-123.2011399,49.4036742],[-123.2011949,49.4035824],[-123.2012935,49.4034998],[-123.2013343,49.403428],[-123.201391,49.4034188],[-123.2014373,49.4033987],[-123.2014734,49.4033481],[-123.2014991,49.4032785],[-123.2015224,49.4032605],[-123.2016787,49.4032404],[-123.2017704,49.4031979],[-123.2018748,49.403189],[-123.2019639,49.4032096],[-123.2021182,49.4032316],[-123.2021843,49.4032268],[-123.2023313,49.4031615],[-123.2025012,49.4030288],[-123.2025359,49.4029732],[-123.2025475,49.4028927],[-123.2025209,49.4028441],[-123.2025243,49.4028191],[-123.2025572,49.4027909],[-123.2026047,49.4027683],[-123.2027384,49.4027657],[-123.2029056,49.4027539],[-123.2030424,49.4027113],[-123.2032739,49.4025759],[-123.2034014,49.4025339],[-123.2036164,49.4024467],[-123.2037724,49.4024004],[-123.2039481,49.4023164],[-123.2040904,49.4022887]]}},{"type":"Feature","id":"72186446","properties":{"kind":"stream","name":"","osmWayId":"72186446"},"geometry":{"type":"LineString","coordinates":[[-123.1737441,49.4234778],[-123.1733716,49.4235675],[-123.1730001,49.4237213],[-123.1724364,49.4238395],[-123.1718694,49.4239207],[-123.1714145,49.4239392],[-123.1701204,49.4240944],[-123.1689352,49.4244291],[-123.1682046,49.424583],[-123.1671303,49.4249618]]}},{"type":"Feature","id":"72187070","properties":{"kind":"stream","name":"","osmWayId":"72187070"},"geometry":{"type":"LineString","coordinates":[[-123.2098162,49.403011],[-123.2100098,49.4030513],[-123.2101726,49.403122],[-123.2102392,49.4031748],[-123.2103194,49.4032093],[-123.2105158,49.403303],[-123.2105781,49.4033054],[-123.2106849,49.4032878],[-123.210777,49.4032632],[-123.2110427,49.4032583],[-123.2111763,49.4032823],[-123.2112378,49.403301],[-123.2113076,49.4033753],[-123.2113888,49.4034338],[-123.2114667,49.4035067],[-123.2115826,49.4035794],[-123.2116453,49.4035946],[-123.2117261,49.4035931],[-123.2118519,49.4035507],[-123.211952,49.4034946],[-123.2120154,49.40347],[-123.2120784,49.4034678],[-123.2122277,49.4035128],[-123.2123824,49.4035484],[-123.2125272,49.4035501],[-123.2126211,49.403499],[-123.2127122,49.4034923],[-123.2128369,49.4034583],[-123.2129843,49.4034529],[-123.2131079,49.4034206],[-123.213219,49.4034257],[-123.2133059,49.4034186],[-123.2133995,49.4034195],[-123.2135051,49.4033803],[-123.2135243,49.4033644],[-123.2135459,49.4032954],[-123.213581,49.4032667],[-123.2136494,49.4032354]]}},{"type":"Feature","id":"72187944","properties":{"kind":"stream","name":"","osmWayId":"72187944"},"geometry":{"type":"LineString","coordinates":[[-123.1772117,49.3831741],[-123.1769786,49.383184],[-123.1766745,49.3832923]]}},{"type":"Feature","id":"72187985","properties":{"kind":"stream","name":"","osmWayId":"72187985"},"geometry":{"type":"LineString","coordinates":[[-123.1778172,49.3982764],[-123.1775416,49.3983846],[-123.1770743,49.3984216],[-123.1755027,49.3984416],[-123.1750196,49.3985413],[-123.1745537,49.3987848],[-123.1743744,49.3989201],[-123.173453,49.3997761],[-123.1729732,49.4001179],[-123.1727658,49.4002176],[-123.1726705,49.4002276],[-123.172629,49.4002817],[-123.1722287,49.4004982]]}},{"type":"Feature","id":"72188124","properties":{"kind":"stream","name":"","osmWayId":"72188124"},"geometry":{"type":"LineString","coordinates":[[-123.206161,49.3805724],[-123.2060699,49.3805189],[-123.2059641,49.3804076],[-123.2059248,49.3803439],[-123.205873,49.3802399],[-123.2058213,49.3802172],[-123.2057257,49.3801886],[-123.2056615,49.3801036],[-123.2055153,49.3800158],[-123.2054726,49.379963],[-123.2054084,49.3799103],[-123.2053578,49.3798817],[-123.2052914,49.3798751],[-123.2052048,49.3798334],[-123.2051148,49.3798063],[-123.2050383,49.3797558],[-123.2049562,49.3797126],[-123.2048426,49.3796781],[-123.2046615,49.3795379],[-123.2045518,49.3794767],[-123.2044567,49.3794061],[-123.2044033,49.3793896],[-123.2043853,49.3793683],[-123.2043746,49.3793398],[-123.2042818,49.3792885],[-123.2042464,49.3792479],[-123.2042104,49.3792372],[-123.2041615,49.3792142],[-123.2041024,49.3791706],[-123.2040861,49.3791365],[-123.2040866,49.3790992],[-123.2040731,49.3790596],[-123.204054,49.3790307],[-123.2039916,49.3789816],[-123.2039067,49.3789527],[-123.2038099,49.3788912],[-123.2037621,49.3788542],[-123.2037475,49.3788308],[-123.203712,49.3788011],[-123.2036834,49.3787568],[-123.2036423,49.3787209],[-123.2035906,49.3786869],[-123.2035501,49.3786799],[-123.2034938,49.3786517],[-123.2034404,49.3786389],[-123.2034122,49.3786143],[-123.2033695,49.3785909],[-123.2033245,49.3785814],[-123.2033054,49.378566],[-123.203275,49.3785261],[-123.2032227,49.3784781],[-123.203194,49.3784646],[-123.2030939,49.378454],[-123.2030618,49.378454],[-123.2029988,49.3784649],[-123.2029223,49.3784909],[-123.20273,49.3785114],[-123.2026878,49.3785085],[-123.2026271,49.3784898],[-123.2025551,49.378458]]}},{"type":"Feature","id":"72189269","properties":{"kind":"stream","name":"","osmWayId":"72189269"},"geometry":{"type":"LineString","coordinates":[[-123.2179899,49.4129956],[-123.2185398,49.4126609],[-123.2187869,49.4125527],[-123.2193644,49.4122194],[-123.2196935,49.4119929],[-123.2198728,49.4119118],[-123.2200917,49.4117409],[-123.2203957,49.4116056],[-123.2210292,49.4114603],[-123.2216081,49.4113691],[-123.2220622,49.4112509],[-123.2225716,49.4109803],[-123.2227767,49.4107097],[-123.2230204,49.4100717],[-123.2231442,49.4098638],[-123.2237282,49.4095904]]}},{"type":"Feature","id":"72190328","properties":{"kind":"stream","name":"","osmWayId":"72190328"},"geometry":{"type":"LineString","coordinates":[[-123.1835369,49.4095746],[-123.1834134,49.4096188],[-123.1833181,49.4096288],[-123.1827116,49.4098538],[-123.1822856,49.4100617],[-123.1820385,49.410197],[-123.1816799,49.4104676],[-123.1812684,49.4107468],[-123.1804699,49.4110715],[-123.1802215,49.4111626],[-123.1794625,49.4112353],[-123.1786632,49.4112552],[-123.1783191,49.4112908],[-123.1780163,49.4113464],[-123.1773141,49.411644],[-123.177231,49.4116981],[-123.1767917,49.4118249],[-123.1757567,49.4118163],[-123.1739646,49.4118733],[-123.1735645,49.4119189],[-123.1733182,49.41201],[-123.1729728,49.4120285],[-123.172725,49.41201],[-123.1719512,49.411822],[-123.1715388,49.4117964],[-123.1709194,49.4118776],[-123.1703256,49.4120414],[-123.1700928,49.4121396],[-123.16972,49.4122222],[-123.1695952,49.4122222]]}},{"type":"Feature","id":"72190785","properties":{"kind":"stream","name":"","osmWayId":"72190785"},"geometry":{"type":"LineString","coordinates":[[-123.1842765,49.3835409],[-123.1842799,49.3833877],[-123.1842943,49.3832538],[-123.1842947,49.383137],[-123.1842942,49.3830644],[-123.1843352,49.3830188]]}},{"type":"Feature","id":"72191341","properties":{"kind":"stream","name":"","osmWayId":"72191341"},"geometry":{"type":"LineString","coordinates":[[-123.1721307,49.3840542],[-123.1722509,49.3840699],[-123.1723801,49.3840272],[-123.172433,49.3839374]]}},{"type":"Feature","id":"72191445","properties":{"kind":"stream","name":"","osmWayId":"72191445"},"geometry":{"type":"LineString","coordinates":[[-123.1866665,49.4203815],[-123.1865156,49.4202648],[-123.1863343,49.4200312],[-123.1856561,49.4193746],[-123.1851853,49.4187736],[-123.1849506,49.4185842],[-123.1845356,49.4183691],[-123.1838431,49.4177225],[-123.1834027,49.4174633],[-123.1831815,49.4174092],[-123.1820907,49.4168438],[-123.1817988,49.4166202]]}},{"type":"Feature","id":"72191472","properties":{"kind":"stream","name":"","osmWayId":"72191472"},"geometry":{"type":"LineString","coordinates":[[-123.1879214,49.413111],[-123.1878399,49.4133175],[-123.1875779,49.4136963],[-123.1874842,49.4139128],[-123.1863719,49.41529],[-123.1858378,49.4160462]]}},{"type":"Feature","id":"72191755","properties":{"kind":"stream","name":"","osmWayId":"72191755"},"geometry":{"type":"LineString","coordinates":[[-123.1978809,49.4008884],[-123.1979492,49.4008528],[-123.1980597,49.4007616],[-123.1980999,49.4006904],[-123.1981414,49.4006092],[-123.1981557,49.4005722],[-123.198156,49.4004554],[-123.1981695,49.4003928],[-123.1982503,49.4002845],[-123.1982774,49.4002404],[-123.1983464,49.4001492],[-123.1984015,49.4001136],[-123.198485,49.400051],[-123.1985112,49.3999968],[-123.198526,49.3999783],[-123.1985656,49.3998345],[-123.1986071,49.3997803],[-123.1986206,49.3997177],[-123.1987036,49.3996094],[-123.1987162,49.3995368],[-123.1987721,49.3994571],[-123.1988114,49.3994029],[-123.1989645,49.3992947],[-123.1990732,49.3991138],[-123.1991278,49.3990597],[-123.1993211,49.3989344],[-123.1994999,49.3988076],[-123.199555,49.398745],[-123.1995802,49.3987079],[-123.1996091,49.3986723],[-123.1996217,49.3986538],[-123.1996358,49.3986367],[-123.1996903,49.3985285],[-123.1997042,49.3984031],[-123.1997041,49.398349],[-123.1997454,49.3981596],[-123.1997453,49.3981055],[-123.1997846,49.3980514],[-123.1998117,49.3979801],[-123.1998676,49.3979161],[-123.1999507,49.397889],[-123.2000058,49.3978805],[-123.2002521,49.3978434],[-123.2004188,49.3977808],[-123.2005827,49.3975913],[-123.2006106,49.3975458],[-123.2006377,49.3975016],[-123.2006918,49.397429],[-123.2008164,49.3973207],[-123.2009809,49.3972581],[-123.201064,49.397231],[-123.2013109,49.3972396],[-123.2014487,49.3972396],[-123.2017678,49.3972481],[-123.2020968,49.3972467],[-123.2023458,49.3972282],[-123.2025651,49.3972467],[-123.2027453,49.3972182],[-123.2030761,49.3971014],[-123.2032264,49.3970017],[-123.2033646,49.3968849],[-123.2034471,49.3967852],[-123.2035376,49.3967368]]}},{"type":"Feature","id":"72192234","properties":{"kind":"stream","name":"","osmWayId":"72192234"},"geometry":{"type":"LineString","coordinates":[[-123.2074263,49.4223697],[-123.2086495,49.4212603],[-123.2091295,49.420712],[-123.2091699,49.4206208],[-123.2096648,49.4201081]]}},{"type":"Feature","id":"72192250","properties":{"kind":"stream","name":"","osmWayId":"72192250"},"geometry":{"type":"LineString","coordinates":[[-123.1764517,49.3940052],[-123.1755962,49.393521],[-123.1750578,49.3932617],[-123.1746157,49.3931264],[-123.1738848,49.3929755]]}},{"type":"Feature","id":"72192382","properties":{"kind":"stream","name":"","osmWayId":"72192382"},"geometry":{"type":"LineString","coordinates":[[-123.2073432,49.4187622],[-123.2076742,49.4189246],[-123.2078398,49.4189687],[-123.2085715,49.41903],[-123.2088893,49.4191382],[-123.209509,49.419235],[-123.2102281,49.4194857],[-123.2106003,49.4196837],[-123.2110826,49.419799]]}},{"type":"Feature","id":"72192532","properties":{"kind":"stream","name":"","osmWayId":"72192532"},"geometry":{"type":"LineString","coordinates":[[-123.2163122,49.3835192],[-123.2163049,49.3833328],[-123.2162896,49.3833192],[-123.2162596,49.3832769],[-123.2162575,49.383254],[-123.2162729,49.3832229],[-123.2162476,49.3831925],[-123.2162193,49.3831696],[-123.2162281,49.3831523],[-123.2162439,49.3831312],[-123.2162488,49.3831098],[-123.2162741,49.3830745],[-123.2163028,49.3830514],[-123.2163186,49.3830309],[-123.2163204,49.3829802],[-123.2163338,49.3829458],[-123.2163363,49.3829043],[-123.2163476,49.3828836],[-123.2163889,49.3828419],[-123.2163991,49.3828145],[-123.2164205,49.3827797],[-123.2164179,49.3827532],[-123.2164042,49.3827337],[-123.2164049,49.3827121],[-123.2164155,49.3826827],[-123.2164224,49.3826184],[-123.2164485,49.3825623],[-123.2165005,49.3825347],[-123.2165652,49.38249],[-123.2166606,49.3824643],[-123.2167273,49.3824636],[-123.2167785,49.3824362],[-123.2168602,49.3824084],[-123.2169218,49.3823659],[-123.2170207,49.3822829],[-123.2171343,49.3821588],[-123.2172181,49.3820941],[-123.2172836,49.3820598],[-123.2173053,49.3820405],[-123.2173178,49.3820038],[-123.2173425,49.381987],[-123.2173852,49.3819019],[-123.2174169,49.3818223],[-123.2174056,49.3817772],[-123.2174102,49.3817539],[-123.2174352,49.3817016],[-123.2174134,49.3816223],[-123.2174143,49.381532],[-123.2174271,49.3814695],[-123.2174262,49.3814386],[-123.217437,49.3813737],[-123.2174673,49.3813035],[-123.2174693,49.3812381],[-123.2175001,49.3812076],[-123.2175327,49.3811585],[-123.2175516,49.3810829],[-123.2175498,49.3810471],[-123.2175251,49.3810121],[-123.2175366,49.3809837],[-123.2175618,49.3809658],[-123.2176061,49.380937],[-123.2176307,49.3808892],[-123.2176334,49.3808311],[-123.2176353,49.3807586],[-123.2176341,49.3807131],[-123.2176111,49.3806927],[-123.2176104,49.3806664],[-123.217637,49.3806358],[-123.2176421,49.380578],[-123.2176981,49.3805101],[-123.217727,49.3803911],[-123.2177205,49.3803585],[-123.2177199,49.3803204],[-123.2177689,49.380286],[-123.2178186,49.3802328],[-123.217815,49.3802014],[-123.2178305,49.3801765],[-123.2178337,49.3801519],[-123.2178144,49.3801268],[-123.2177944,49.3800914],[-123.2178027,49.3800234],[-123.2177969,49.3799925],[-123.2177812,49.3799635],[-123.2177267,49.379935],[-123.2177039,49.3799018],[-123.2176429,49.3798319],[-123.2175489,49.3797828],[-123.2174475,49.3797225],[-123.2174295,49.3796807],[-123.2173897,49.3796485],[-123.2173146,49.3796111],[-123.2172834,49.3795817],[-123.2171949,49.3795501],[-123.2171688,49.3795029],[-123.2171522,49.3794479],[-123.2171321,49.3793662],[-123.2171051,49.3792539],[-123.2170524,49.3791738],[-123.2168654,49.3790055],[-123.2168226,49.3788824],[-123.2167834,49.3787681],[-123.2166668,49.3786465],[-123.2166645,49.3785112],[-123.2166382,49.3784571],[-123.2165948,49.3783944],[-123.2164722,49.3782862],[-123.2162788,49.3782064],[-123.2160958,49.3780453],[-123.2160778,49.3779647],[-123.2160407,49.3779186],[-123.2159732,49.3778636],[-123.2158753,49.377805],[-123.2158483,49.3777399],[-123.2157977,49.3777106],[-123.2157077,49.3776937],[-123.2156436,49.3776564],[-123.2155232,49.3775677],[-123.2154466,49.3775286],[-123.2154343,49.3775223],[-123.2154134,49.3774982],[-123.2153815,49.3774593],[-123.2152555,49.3773488],[-123.2151497,49.377247],[-123.2151239,49.3772103],[-123.2151171,49.3771283],[-123.2151385,49.3770953],[-123.2151497,49.3770668],[-123.2151407,49.3770499],[-123.215116,49.3770316],[-123.2150811,49.3770214],[-123.2150012,49.3769891],[-123.2149922,49.3769708],[-123.2149574,49.376932],[-123.2149394,49.3768243],[-123.2149292,49.3767936],[-123.2149281,49.3767833],[-123.2149349,49.3767621],[-123.2149877,49.3766632],[-123.2150057,49.3766024],[-123.2149956,49.3764896],[-123.2150249,49.3764589],[-123.2150879,49.376431],[-123.2151047,49.3763959],[-123.2151452,49.3763593],[-123.2151452,49.3763256],[-123.2151351,49.3762677],[-123.2151419,49.3762428],[-123.21517,49.3762157],[-123.2151925,49.3761461],[-123.2152048,49.3760802],[-123.215224,49.3760333],[-123.2152105,49.375996],[-123.2151598,49.3759337],[-123.215143,49.3759052],[-123.2151463,49.3758553],[-123.2151756,49.3758033],[-123.2152476,49.3757155],[-123.2153005,49.3756737],[-123.2153286,49.3756232],[-123.2153207,49.3755763],[-123.2153342,49.3755426],[-123.2153522,49.3754152],[-123.2153398,49.3753668],[-123.2153173,49.3753434],[-123.2153083,49.375306],[-123.2152577,49.3752269],[-123.2152622,49.3751925],[-123.2152498,49.3751097],[-123.2152667,49.37509],[-123.2152667,49.3750585],[-123.2152386,49.3750196],[-123.2151823,49.3749852],[-123.2151149,49.3749347],[-123.2150395,49.3748984],[-123.2149782,49.3748955],[-123.2149501,49.3748808],[-123.2148038,49.3748523],[-123.2147436,49.3748541],[-123.2147138,49.3748501],[-123.2145968,49.3747776],[-123.2145417,49.3747699],[-123.214418,49.3747658],[-123.2143105,49.3747853],[-123.2142278,49.3747724],[-123.2141722,49.3747754],[-123.2141379,49.3747666],[-123.2140704,49.374704],[-123.2140321,49.374641],[-123.2140152,49.3745904],[-123.2139849,49.3745692],[-123.2139084,49.3745465],[-123.2138212,49.3745417],[-123.2137672,49.3745285],[-123.2136907,49.3745293],[-123.2136479,49.3745179],[-123.2136198,49.3744875],[-123.2135653,49.3744622],[-123.2135551,49.374408],[-123.2135506,49.3743341],[-123.2135236,49.3743018],[-123.2134955,49.3742198],[-123.2134888,49.3741671],[-123.2134426,49.3740997],[-123.2133785,49.3740338],[-123.2133122,49.3739861],[-123.2132345,49.3739451],[-123.2131513,49.3739107],[-123.2130737,49.3738704],[-123.2129882,49.3738147],[-123.2128599,49.3737562],[-123.2127924,49.3737386],[-123.2126833,49.3737312],[-123.2125821,49.3737049],[-123.2125022,49.3737012],[-123.2124268,49.3736697],[-123.212194,49.3736155],[-123.2119757,49.3735218],[-123.2118948,49.3734815],[-123.2118329,49.3734243],[-123.2117778,49.3734053],[-123.2116439,49.3733863],[-123.2115516,49.3733562],[-123.2114774,49.3733496],[-123.2113458,49.3732925],[-123.2112187,49.37325],[-123.2111478,49.3732112],[-123.2110634,49.3731746],[-123.2109903,49.3731563],[-123.2108339,49.3730859],[-123.2107451,49.3730544],[-123.2106742,49.3730508],[-123.2106157,49.3730222],[-123.210492,49.3729849],[-123.210402,49.3729373],[-123.210285,49.3728852],[-123.2101837,49.372875],[-123.2100994,49.3728574],[-123.2100409,49.372834],[-123.2099464,49.3728223],[-123.2098485,49.3727893],[-123.2097675,49.3727519],[-123.2096618,49.3726732],[-123.2095999,49.3726699],[-123.2095645,49.3726574],[-123.2095161,49.3726252],[-123.2094205,49.3725783],[-123.2092787,49.3725505],[-123.2092574,49.3725241],[-123.2092371,49.372508],[-123.2091887,49.3724919],[-123.2091347,49.372486],[-123.2090841,49.3724589],[-123.209047,49.372426],[-123.2089953,49.3723974],[-123.2089154,49.3723615],[-123.2088861,49.3723293],[-123.2087613,49.3722751],[-123.208651,49.3722516],[-123.2085644,49.3722414],[-123.2084879,49.3722209],[-123.2083675,49.3721484],[-123.2083113,49.3720854]]}},{"type":"Feature","id":"72192902","properties":{"kind":"stream","name":"","osmWayId":"72192902"},"geometry":{"type":"LineString","coordinates":[[-123.1757248,49.3951132],[-123.1751181,49.3948626],[-123.1746899,49.3946019],[-123.1741645,49.3942345],[-123.1737081,49.3937759],[-123.1733641,49.3935523],[-123.1731846,49.3934711],[-123.1725219,49.3933814]]}},{"type":"Feature","id":"72192919","properties":{"kind":"stream","name":"","osmWayId":"72192919"},"geometry":{"type":"LineString","coordinates":[[-123.1770103,49.3963622],[-123.1766386,49.3962455],[-123.1757559,49.3961928],[-123.1750939,49.3958965],[-123.1744325,49.3957],[-123.1735614,49.3953596],[-123.1729976,49.3952343],[-123.1724585,49.3951816],[-123.1716041,49.3949936],[-123.1702388,49.3945364],[-123.1695627,49.3944125]]}},{"type":"Feature","id":"72192983","properties":{"kind":"stream","name":"","osmWayId":"72192983"},"geometry":{"type":"LineString","coordinates":[[-123.2157914,49.388812],[-123.2157923,49.3887868],[-123.2158175,49.3887601],[-123.2158141,49.388737],[-123.215825,49.3887156],[-123.2158568,49.3886787],[-123.2158769,49.3886567],[-123.2158777,49.3886464],[-123.2158574,49.388622],[-123.215807,49.3885992],[-123.215783,49.3885812],[-123.2157526,49.3885646],[-123.2157404,49.3885435],[-123.215738,49.3884969],[-123.2157308,49.3884877],[-123.2156861,49.3884542],[-123.2156748,49.3884306],[-123.2156644,49.3884002],[-123.2156732,49.3883798],[-123.2156952,49.3883607],[-123.2157116,49.3883254],[-123.215729,49.3882906],[-123.2157701,49.3882536],[-123.2158206,49.3882151],[-123.2158415,49.3881922],[-123.2158402,49.3881641],[-123.2158501,49.3881456],[-123.2158424,49.3881249],[-123.2158381,49.388098],[-123.2158453,49.3880775],[-123.215854,49.3880492],[-123.2158554,49.3880266],[-123.2158481,49.3880107],[-123.215828,49.3879918],[-123.2157888,49.3879735],[-123.215739,49.3879403],[-123.2157258,49.3879213],[-123.2157335,49.3878998],[-123.2157516,49.3878839],[-123.2157586,49.3878702],[-123.2157401,49.3878443],[-123.2157011,49.3878266],[-123.2156766,49.3878121],[-123.2156601,49.3877901],[-123.2156372,49.3877703],[-123.2156139,49.3877443],[-123.2155994,49.3877052],[-123.2155908,49.3876704],[-123.2154089,49.3874715],[-123.2153854,49.3874594],[-123.2153243,49.3874027],[-123.2152975,49.3873939],[-123.2152613,49.3873879],[-123.2152401,49.387371],[-123.2152194,49.3873604],[-123.2151773,49.3873731],[-123.2151237,49.3873766],[-123.2151015,49.3873831],[-123.2150758,49.3873781],[-123.2150559,49.3873825],[-123.2150296,49.3873865],[-123.2150011,49.3874174],[-123.2149857,49.3874417],[-123.2149857,49.3874662],[-123.2149899,49.3875107],[-123.2149864,49.3875234],[-123.2149675,49.3875371],[-123.214955,49.3875414],[-123.2148839,49.3875268],[-123.2148396,49.3875205],[-123.2148116,49.3875118],[-123.2147574,49.387507],[-123.2147272,49.3875135],[-123.2146972,49.3875191],[-123.2146479,49.387521],[-123.2146127,49.3875286],[-123.2145385,49.3875364],[-123.2144788,49.387548],[-123.2144122,49.3875531],[-123.2142994,49.3875858],[-123.2142772,49.387595],[-123.2142495,49.3876114],[-123.2142256,49.3876445],[-123.2142072,49.3876578],[-123.2141736,49.3876983],[-123.2141269,49.3877238],[-123.2141026,49.3877283],[-123.2140487,49.3877206],[-123.2139721,49.3877104],[-123.2139264,49.3877101],[-123.213864,49.3877201],[-123.2138315,49.3877246],[-123.2137847,49.3877136],[-123.2137121,49.3876875],[-123.2136368,49.3876629],[-123.2135706,49.3876398],[-123.2134947,49.3876273],[-123.213414,49.387594],[-123.2133509,49.3875669],[-123.2133213,49.3875443],[-123.213302,49.3875238],[-123.2133026,49.3875084],[-123.2133152,49.3874947],[-123.2133231,49.3874837],[-123.2133158,49.3874639],[-123.2132836,49.3874376],[-123.2132644,49.3874061],[-123.2132392,49.3873872],[-123.213233,49.3873749],[-123.2132384,49.3873499]]}},{"type":"Feature","id":"72193073","properties":{"kind":"stream","name":"","osmWayId":"72193073"},"geometry":{"type":"LineString","coordinates":[[-123.2116436,49.4098917],[-123.2117172,49.4099934],[-123.2119581,49.4101122],[-123.2121174,49.4102442],[-123.2125577,49.4103675],[-123.2133208,49.4105025]]}},{"type":"Feature","id":"72193737","properties":{"kind":"stream","name":"","osmWayId":"72193737"},"geometry":{"type":"LineString","coordinates":[[-123.1776518,49.3830032],[-123.1775614,49.383016],[-123.1772117,49.3831741]]}},{"type":"Feature","id":"72193805","properties":{"kind":"stream","name":"","osmWayId":"72193805"},"geometry":{"type":"LineString","coordinates":[[-123.2314934,49.3914074],[-123.2312271,49.3918058],[-123.2312423,49.3920165],[-123.2310122,49.3923992],[-123.230972,49.3925377],[-123.2310047,49.3929299],[-123.2309584,49.3930761],[-123.2309657,49.3934449],[-123.2309984,49.3938233],[-123.2310201,49.3942293],[-123.23099,49.3945967],[-123.2309799,49.394634]]}},{"type":"Feature","id":"72194533","properties":{"kind":"stream","name":"Montizambert Creek","osmWayId":"72194533"},"geometry":{"type":"LineString","coordinates":[[-123.1973165,49.4128235],[-123.1973412,49.4128352],[-123.1974317,49.4128425],[-123.1975347,49.4128973],[-123.1976966,49.4129646],[-123.1978521,49.4130369],[-123.1979483,49.4130564],[-123.1980184,49.4131082],[-123.1981364,49.4131833],[-123.1982303,49.413224],[-123.198364,49.4132537],[-123.198458,49.4132527],[-123.1985875,49.4132332],[-123.1986924,49.4132297],[-123.1987999,49.4132372],[-123.1989101,49.4132711],[-123.1990433,49.4132893],[-123.1991912,49.4133523],[-123.1992443,49.4133576],[-123.1993641,49.4133276],[-123.1995267,49.4133054],[-123.1997055,49.4133254],[-123.1998939,49.4133119],[-123.2000848,49.4133042],[-123.2002965,49.4133399],[-123.2004744,49.4133826],[-123.2006395,49.4134186],[-123.2008098,49.413415],[-123.2010209,49.4134048],[-123.2011116,49.4133583],[-123.201263,49.4133684],[-123.2013491,49.4133614],[-123.2014684,49.4133627],[-123.2017031,49.4133869],[-123.2017799,49.4134046],[-123.2019744,49.4134213],[-123.2022024,49.4134485],[-123.2023241,49.4134746],[-123.2025375,49.413432],[-123.2026623,49.4134178],[-123.2027734,49.4133924],[-123.2028686,49.4133836],[-123.2031793,49.4134496],[-123.2032754,49.4134598],[-123.2033338,49.4134863],[-123.203377,49.4134995],[-123.2034393,49.4135282],[-123.2034669,49.4135504],[-123.2034854,49.4135865],[-123.2035067,49.4136191],[-123.2035417,49.4136328],[-123.2035652,49.4136515],[-123.2035944,49.4136537],[-123.2036204,49.4136857],[-123.2036536,49.413697],[-123.203708,49.4136978],[-123.2037716,49.4137113],[-123.2038142,49.4137148],[-123.2038475,49.4137112],[-123.2038975,49.4136989],[-123.2039502,49.413681],[-123.2039994,49.4136716],[-123.2040421,49.4136608],[-123.204092,49.4136464],[-123.2041025,49.4136415],[-123.2041416,49.4136228],[-123.2041697,49.4136071],[-123.204231,49.4135775],[-123.2042776,49.4135621],[-123.2044928,49.4134434],[-123.2046761,49.4133394],[-123.2049172,49.4130573],[-123.205129,49.4130262],[-123.2055049,49.4127423],[-123.2057668,49.4125055],[-123.2060459,49.4123217],[-123.2065271,49.4121278],[-123.2068152,49.4120314],[-123.2072592,49.4119834],[-123.2074769,49.4119925],[-123.2080786,49.412181],[-123.2086569,49.412167],[-123.208976,49.4121824],[-123.2100675,49.4120365],[-123.2101671,49.4119289],[-123.2105211,49.4118176],[-123.2106393,49.4117025],[-123.2112298,49.411491],[-123.2117034,49.4113119],[-123.2121402,49.4111321],[-123.2123956,49.4109568],[-123.2126724,49.4108205],[-123.2127969,49.4107002],[-123.2131642,49.4105544],[-123.2133208,49.4105025],[-123.2136391,49.410408],[-123.2138469,49.4103822],[-123.2142987,49.4103752],[-123.2147543,49.4103035],[-123.2154906,49.4100658],[-123.2158178,49.4100245],[-123.2160579,49.4099361],[-123.2162267,49.4098586],[-123.2163085,49.4097837],[-123.2163767,49.4097157],[-123.216527,49.4096303],[-123.2167181,49.4094784],[-123.2169962,49.4093855],[-123.2171597,49.4093484],[-123.2173015,49.4092593],[-123.2174382,49.4092427],[-123.2177721,49.40923],[-123.2179864,49.409162],[-123.2180203,49.409082],[-123.2180899,49.4090054],[-123.2185951,49.4089403],[-123.2187728,49.408959],[-123.2191024,49.4089487],[-123.2193079,49.4089803],[-123.2197386,49.4090066],[-123.2200862,49.4091517],[-123.2201196,49.4092027],[-123.2204745,49.4093533],[-123.2207657,49.4094055],[-123.220985,49.4094217],[-123.2212145,49.409481],[-123.2214228,49.4096647],[-123.2217649,49.4096798],[-123.221954,49.4096219],[-123.2220718,49.4095458],[-123.2222947,49.4095796],[-123.2226997,49.4096771],[-123.222989,49.4096795],[-123.223496,49.4096374],[-123.2237282,49.4095904],[-123.2239556,49.4095756],[-123.2241402,49.4095427],[-123.2244034,49.4094254],[-123.2254101,49.4091473],[-123.2257602,49.4091217],[-123.2262431,49.4089679],[-123.2264805,49.4089532],[-123.2269247,49.4089362],[-123.2273442,49.4090131],[-123.2277063,49.4091218],[-123.2279547,49.4092016],[-123.2284405,49.409185],[-123.2286033,49.409139],[-123.2291923,49.4090424],[-123.2296944,49.4090014],[-123.2299908,49.4090297],[-123.2306595,49.4089805],[-123.2308385,49.4089624],[-123.2310295,49.4089431],[-123.2313488,49.4089058],[-123.2316175,49.4088849],[-123.2320132,49.4089051],[-123.2322056,49.4088588],[-123.2324052,49.4088384],[-123.2327,49.4088579],[-123.2327494,49.408922],[-123.2328266,49.4089633],[-123.2329802,49.4090041],[-123.2332579,49.4089738],[-123.2335266,49.4089881],[-123.2336454,49.4089558],[-123.2338654,49.4087999],[-123.2339984,49.4087108],[-123.2341462,49.4086639],[-123.234333,49.4087144],[-123.2346132,49.4086675],[-123.2348933,49.4086065],[-123.2351171,49.4085424],[-123.2353428,49.4083976],[-123.2354537,49.4083492],[-123.2355931,49.4083327],[-123.2359671,49.4083749],[-123.2364625,49.4084522],[-123.2369832,49.4084244],[-123.2373378,49.4083661],[-123.2375956,49.4082931],[-123.237866,49.408253],[-123.2382805,49.4081257],[-123.2387772,49.4081123],[-123.2391469,49.4080754],[-123.2395116,49.4080982],[-123.2396438,49.4080808],[-123.2400862,49.4079657],[-123.2404496,49.4078327],[-123.2407005,49.4077816],[-123.2409347,49.4077187],[-123.2410875,49.4076422],[-123.2412713,49.4076119],[-123.2414462,49.4075983],[-123.2415558,49.4075623],[-123.2416673,49.4075661],[-123.2417547,49.4075948],[-123.2418224,49.4076617],[-123.2419418,49.407721],[-123.2420687,49.4077935],[-123.2422597,49.407853],[-123.2423508,49.407903],[-123.2424107,49.4079593],[-123.2424753,49.407976],[-123.2426433,49.4079787],[-123.2428691,49.4079644],[-123.2429831,49.4079696],[-123.243155,49.4080001]]}},{"type":"Feature","id":"72195923","properties":{"kind":"stream","name":"Marr Creek","osmWayId":"72195923"},"geometry":{"type":"LineString","coordinates":[[-123.1819512,49.387008],[-123.1818268,49.3869069],[-123.181772,49.3867289]]}},{"type":"Feature","id":"72196559","properties":{"kind":"stream","name":"","osmWayId":"72196559"},"geometry":{"type":"LineString","coordinates":[[-123.2200209,49.38964],[-123.2201952,49.3896037],[-123.2203932,49.3895773],[-123.2206207,49.3894787]]}},{"type":"Feature","id":"72196673","properties":{"kind":"stream","name":"Marr Creek","osmWayId":"72196673"},"geometry":{"type":"LineString","coordinates":[[-123.1833585,49.3834347],[-123.1834827,49.3834162],[-123.1836477,49.383372],[-123.1839491,49.3832182],[-123.1840737,49.383137],[-123.1842115,49.3830559],[-123.1843352,49.3830188]]}},{"type":"Feature","id":"72197427","properties":{"kind":"stream","name":"","osmWayId":"72197427"},"geometry":{"type":"LineString","coordinates":[[-123.2244698,49.3866961],[-123.2246747,49.3865594],[-123.2247939,49.3863827],[-123.2247487,49.3861576],[-123.2248337,49.386026],[-123.2247949,49.3859874],[-123.2247598,49.3859501],[-123.2247284,49.3859201],[-123.2246876,49.3858888],[-123.2246467,49.3858736],[-123.2246017,49.3858453],[-123.2245588,49.385817],[-123.2245328,49.3857955],[-123.2245291,49.3857773],[-123.2245361,49.3857593],[-123.2245297,49.3857413],[-123.2245189,49.3857293],[-123.2243114,49.3856851],[-123.2238163,49.3855454],[-123.2237236,49.3853347]]}},{"type":"Feature","id":"72197682","properties":{"kind":"stream","name":"Sclufield Creek","osmWayId":"72197682"},"geometry":{"type":"LineString","coordinates":[[-123.2278092,49.4018853],[-123.2282653,49.4021014],[-123.2286572,49.4022449],[-123.2292345,49.4024152],[-123.22945,49.4025638],[-123.2296913,49.4026621],[-123.2299606,49.4029826],[-123.2301699,49.4031578],[-123.2303653,49.4032143],[-123.2305729,49.4033142],[-123.2307696,49.4034588],[-123.2309876,49.4035375],[-123.2311985,49.4037134],[-123.2313852,49.4038103],[-123.2316486,49.4040094],[-123.2317947,49.4042319],[-123.231892,49.4042554],[-123.2320075,49.4042551],[-123.2322986,49.4042049],[-123.2325836,49.4042021],[-123.2327199,49.4042901],[-123.2328501,49.4044058],[-123.2332375,49.4045763],[-123.2333313,49.4048336],[-123.2337122,49.4050598],[-123.2341669,49.4052826],[-123.2343986,49.4054285],[-123.2346848,49.4055388],[-123.2349135,49.4055586],[-123.2352817,49.4055389],[-123.2357168,49.4054839],[-123.2360616,49.4055454],[-123.2364691,49.4056548],[-123.2368485,49.4057713],[-123.237023,49.4057991],[-123.2372096,49.4057874],[-123.2375023,49.4056971],[-123.2376069,49.4056029],[-123.2382343,49.4054548],[-123.2387345,49.4053108],[-123.2392554,49.4050281],[-123.2396112,49.4049262],[-123.2397715,49.4048172],[-123.2399888,49.4047533],[-123.2402608,49.4046902],[-123.2405022,49.4046551],[-123.2408992,49.4046044],[-123.2411229,49.4046326],[-123.2412426,49.4046451],[-123.2413135,49.4046391],[-123.2413634,49.4046281],[-123.2414189,49.4045865],[-123.2414686,49.4045164],[-123.2415108,49.4044689],[-123.2415399,49.4044488]]}},{"type":"Feature","id":"72197716","properties":{"kind":"stream","name":"Strachan Creek","osmWayId":"72197716"},"geometry":{"type":"LineString","coordinates":[[-123.19327,49.4131836],[-123.1932999,49.413786],[-123.1931638,49.4140196],[-123.1929296,49.4142717],[-123.1926961,49.4144526],[-123.1920226,49.4148043],[-123.1914167,49.4150479],[-123.1900116,49.4154196],[-123.1892819,49.4154751],[-123.1879572,49.4154951],[-123.1876132,49.4155848],[-123.1868969,49.4158027],[-123.1863875,49.4158753],[-123.1858378,49.4160462],[-123.1852724,49.4161289],[-123.1850103,49.4162015],[-123.184804,49.41621],[-123.1839219,49.4162214],[-123.1832044,49.416267],[-123.1825021,49.4164835],[-123.1822532,49.4166102],[-123.1817988,49.4166202],[-123.1812342,49.4165034],[-123.1806823,49.4163254],[-123.1798539,49.4162727],[-123.1789721,49.4162912],[-123.178102,49.4161573],[-123.1774821,49.4159252],[-123.1772739,49.4157899],[-123.1769841,49.4155122],[-123.1760296,49.414857],[-123.1755603,49.4145793],[-123.1753113,49.4143728],[-123.1747303,49.4140139],[-123.1746207,49.4139057],[-123.1743577,49.4137433],[-123.1739438,49.4135923],[-123.1731698,49.4132961],[-123.1723421,49.4130639],[-123.1721227,49.4130184],[-123.171515,49.4130013],[-123.1711152,49.4129301],[-123.1704668,49.4125356],[-123.169721,49.4123291],[-123.1691557,49.4122408],[-123.1690174,49.4122493],[-123.1681908,49.4122593],[-123.1676665,49.4123234],[-123.167101,49.412406],[-123.1663424,49.4124159],[-123.1660122,49.4123803],[-123.165337,49.4122465],[-123.1639022,49.4120855],[-123.1630598,49.411926],[-123.162537,49.4118904],[-123.1621499,49.4117736],[-123.1617369,49.4116483],[-123.1608954,49.4115415],[-123.1603708,49.4114161],[-123.1597917,49.4114261],[-123.1594205,49.4114631],[-123.157462,49.4121012],[-123.1573713,49.4121289]]}},{"type":"Feature","id":"72197824","properties":{"kind":"stream","name":"Marr Creek","osmWayId":"72197824"},"geometry":{"type":"LineString","coordinates":[[-123.1843352,49.3830188],[-123.1844039,49.3828935],[-123.1845543,49.3827397],[-123.1846099,49.3826955],[-123.1846628,49.3826329],[-123.1847607,49.3825061],[-123.1848,49.382452],[-123.1848416,49.3823979],[-123.1848687,49.3823537],[-123.1848962,49.3822626],[-123.1849522,49.3821287],[-123.1850064,49.3820561],[-123.1851012,49.3818496],[-123.1851287,49.3817855],[-123.1851838,49.3816416],[-123.1852235,49.3815519],[-123.1852519,49.3813354],[-123.1852925,49.3811474],[-123.1853733,49.380958],[-123.1854153,49.3807871],[-123.1854555,49.3806076],[-123.1854685,49.3803912],[-123.1854815,49.3802559],[-123.1854819,49.3801661],[-123.185439,49.3799867],[-123.1853829,49.3798072],[-123.1853693,49.3797075],[-123.1853417,49.3796363],[-123.1852301,49.3794199],[-123.1851885,49.3793387],[-123.1850366,49.3791507],[-123.1849666,49.3790966],[-123.1846218,49.3789712],[-123.1845544,49.3789356],[-123.1845128,49.3788815],[-123.1844975,49.3788274],[-123.1845662,49.3787021],[-123.1846208,49.3786479],[-123.1846899,49.3785297],[-123.1847039,49.3784585],[-123.1846759,49.3783958],[-123.1845231,49.3782791],[-123.1842606,49.3781708],[-123.1841363,49.3781082],[-123.1838467,49.3779202],[-123.1837789,49.377866],[-123.183585,49.3776866],[-123.183515,49.3776325],[-123.1834874,49.3775342],[-123.1835005,49.3773989],[-123.1834327,49.3773448],[-123.183322,49.3773277],[-123.1831553,49.3772551],[-123.1830867,49.3772024],[-123.1829352,49.3770485],[-123.1829208,49.3769773],[-123.1829475,49.3768912],[-123.1830165,49.3768506],[-123.1833472,49.3766256],[-123.1835374,49.3764361],[-123.1835796,49.3762942],[-123.183914,49.3761983],[-123.1841401,49.3760976]]}},{"type":"Feature","id":"72198072","properties":{"kind":"stream","name":"Lembke Creek","osmWayId":"72198072"},"geometry":{"type":"LineString","coordinates":[[-123.2022507,49.4145978],[-123.2017563,49.4151561],[-123.2006859,49.4161844],[-123.2003702,49.4166159],[-123.200219,49.4167598],[-123.2000013,49.417103],[-123.1999456,49.4172639],[-123.1999196,49.4175972],[-123.19981,49.4177411],[-123.1997148,49.4178322],[-123.1994262,49.4179946],[-123.1993421,49.4180117],[-123.1992595,49.4180572],[-123.1991502,49.4181655],[-123.198654,49.4182922],[-123.198378,49.4184361],[-123.1984358,49.4185899],[-123.1985725,49.4186967],[-123.1985471,49.4188776],[-123.1980784,49.4191923],[-123.1978734,49.419517],[-123.1978052,49.4195797],[-123.1975981,49.4197876],[-123.1975032,49.4200568],[-123.19731,49.4202092],[-123.1970077,49.4202833],[-123.1969248,49.4204186],[-123.1967338,49.420598],[-123.1966515,49.4207789],[-123.1965563,49.4211107],[-123.1961735,49.421867],[-123.1958301,49.4223982],[-123.1953779,49.4228582],[-123.1951287,49.4229935],[-123.1944268,49.4232015],[-123.194247,49.4232912],[-123.1939039,49.4233909],[-123.1920721,49.4240959],[-123.1918669,49.4241685],[-123.1916461,49.4243038],[-123.1913572,49.4245559],[-123.1912609,49.4247539],[-123.1910681,49.4249248],[-123.1907247,49.4250601],[-123.1902288,49.4251512],[-123.1899956,49.4252424],[-123.1897049,49.4254588],[-123.1894306,49.4256112],[-123.1892097,49.4257195],[-123.1890739,49.4258633],[-123.188978,49.4260527],[-123.1888117,49.4261339],[-123.1882474,49.4261795],[-123.1880672,49.4262621],[-123.1878613,49.4264059],[-123.1873669,49.4266224],[-123.1868852,49.4270184],[-123.1862762,49.4272764],[-123.1861761,49.4273172],[-123.1860905,49.4274031],[-123.185919,49.4274914],[-123.1856462,49.4277319],[-123.1854125,49.4277775],[-123.1852062,49.427984],[-123.185082,49.4280295],[-123.1848078,49.4282361],[-123.1843965,49.4287673],[-123.1837897,49.4292373],[-123.1836124,49.4294352],[-123.1830895,49.4296517],[-123.1827849,49.4297414],[-123.1823043,49.4298326],[-123.1817101,49.430059],[-123.1816283,49.4301302],[-123.1814495,49.4304279],[-123.180653,49.4308965],[-123.1803359,49.4310588],[-123.179619,49.4312853],[-123.1795088,49.4313565],[-123.1789996,49.4316185],[-123.1783941,49.4318806],[-123.1778568,49.43208],[-123.17776,49.4320885],[-123.1768647,49.4324759],[-123.1759431,49.4327665],[-123.1751852,49.4330812],[-123.1749366,49.4331453],[-123.174412,49.4331553],[-123.1740531,49.4330655],[-123.1734608,49.4329858],[-123.1727716,49.4330584],[-123.1724411,49.4331667],[-123.1722485,49.4331937],[-123.1719849,49.4331952],[-123.1717635,49.433114]]}},{"type":"Feature","id":"72198490","properties":{"kind":"stream","name":"Cypress Creek","osmWayId":"72198490"},"geometry":{"type":"LineString","coordinates":[[-123.2187644,49.3953368],[-123.2186551,49.395418],[-123.2186005,49.3954721],[-123.2185459,49.3955262],[-123.2184628,49.3955804],[-123.2183251,49.3956615],[-123.2182836,49.3956886],[-123.2180649,49.3957968],[-123.2179683,49.3958324],[-123.2178721,49.3958866],[-123.2177779,49.3960905],[-123.2176778,49.3961937],[-123.2175658,49.3962596],[-123.217354,49.3963033],[-123.2172054,49.3964134],[-123.2171062,49.3964741],[-123.2170112,49.3964953],[-123.2169148,49.3965465],[-123.2167945,49.3966101],[-123.2166145,49.3966985],[-123.2164174,49.3968137],[-123.2161969,49.3969168],[-123.2160452,49.3969908],[-123.2158555,49.3970163],[-123.2157324,49.3970639],[-123.2155353,49.3971394],[-123.2152482,49.3971988],[-123.2151539,49.3971894],[-123.2150661,49.3972575],[-123.215029,49.397278],[-123.2149362,49.3972792],[-123.2148379,49.3973522],[-123.2147838,49.3974216],[-123.2147472,49.397481],[-123.2147522,49.3975739],[-123.2147077,49.397637],[-123.2145989,49.3977412],[-123.2145031,49.3977942],[-123.214406,49.3978116],[-123.2143099,49.3978313],[-123.2142776,49.3978491],[-123.2142632,49.3978696],[-123.2142462,49.397926],[-123.214173,49.3980092],[-123.2140984,49.3981097],[-123.2140294,49.3982391],[-123.2138985,49.3983134],[-123.2135973,49.3984943],[-123.2133215,49.3986922],[-123.2131205,49.3988675]]}},{"type":"Feature","id":"72198648","properties":{"kind":"stream","name":"","osmWayId":"72198648"},"geometry":{"type":"LineString","coordinates":[[-123.2206207,49.3894787],[-123.2209749,49.3890638],[-123.2211803,49.3885198],[-123.2215719,49.3880831],[-123.2215815,49.3880392],[-123.2215852,49.3880232],[-123.2215949,49.3880134]]}},{"type":"Feature","id":"72198658","properties":{"kind":"stream","name":"Marr Creek","osmWayId":"72198658"},"geometry":{"type":"LineString","coordinates":[[-123.1822012,49.3833649],[-123.1826483,49.3833364],[-123.1831109,49.3834546],[-123.1833585,49.3834347]]}},{"type":"Feature","id":"72199058","properties":{"kind":"stream","name":"Marr Creek","osmWayId":"72199058"},"geometry":{"type":"LineString","coordinates":[[-123.181772,49.3867289],[-123.1817706,49.3865494],[-123.1817715,49.3864782],[-123.1817706,49.3864141],[-123.1817425,49.3862974],[-123.1817285,49.3861905],[-123.1817279,49.3860367],[-123.1817135,49.3859655],[-123.1817133,49.3857761],[-123.1816989,49.3856508],[-123.1817123,49.3854799],[-123.181738,49.3853531],[-123.1817388,49.3851737],[-123.1817387,49.3849572],[-123.1817237,49.3848133],[-123.1816825,49.3846695],[-123.1815701,49.3845086],[-123.1814041,49.3843377],[-123.1813494,49.3842835],[-123.1812137,49.3842026]]}},{"type":"Feature","id":"72199122","properties":{"kind":"stream","name":"Charles Creek","osmWayId":"72199122"},"geometry":{"type":"LineString","coordinates":[[-123.20846,49.4285921],[-123.2086649,49.4280965],[-123.2088575,49.4278985],[-123.20949,49.4274485],[-123.2097494,49.4272135],[-123.2102157,49.4266737],[-123.2109313,49.4262393],[-123.2114255,49.4258519],[-123.2121385,49.4248706],[-123.2124688,49.4246186],[-123.2129364,49.4244106],[-123.213266,49.4240588],[-123.2135962,49.4237256],[-123.2147232,49.4230391],[-123.2150141,49.4229309],[-123.2153014,49.4227785],[-123.2156046,49.4227144],[-123.2161,49.4224609],[-123.2166381,49.4222715],[-123.2168716,49.4221447],[-123.2172987,49.4220279],[-123.2179578,49.421783],[-123.2183584,49.421585],[-123.2185761,49.4213229],[-123.219154,49.4207561],[-123.2194973,49.420279],[-123.2196471,49.4199899],[-123.2199223,49.4197463],[-123.2204161,49.4193946],[-123.2206903,49.4192422],[-123.2213536,49.4192578],[-123.2231586,49.4192094],[-123.2234499,49.4192365],[-123.224224,49.4197122],[-123.2246555,49.4198427],[-123.2250058,49.4199483],[-123.2253274,49.4200696],[-123.2259918,49.4202932],[-123.2263762,49.4203103],[-123.2270797,49.4202818],[-123.2275772,49.420316],[-123.2284503,49.4206054],[-123.2294225,49.4207658],[-123.2300266,49.4208389],[-123.230405,49.4209233],[-123.2305002,49.4209625],[-123.2305709,49.4210098],[-123.2307197,49.4211365],[-123.2308198,49.421203],[-123.2309,49.4212244],[-123.2310675,49.4212164],[-123.2311351,49.4211933],[-123.2312503,49.4211156],[-123.2313111,49.4211069],[-123.2313846,49.4211295],[-123.2314425,49.4211385]]}},{"type":"Feature","id":"72199521","properties":{"kind":"stream","name":"Nelson Creek","osmWayId":"72199521"},"geometry":{"type":"LineString","coordinates":[[-123.2281099,49.3885114],[-123.2281549,49.3884968],[-123.2282237,49.3884968],[-123.2282682,49.3884861],[-123.2283387,49.3884631],[-123.2283848,49.3884352],[-123.22843,49.3884124],[-123.2284461,49.3883821],[-123.2284924,49.3883576],[-123.2285501,49.3883111],[-123.2285743,49.3882779],[-123.2286159,49.3882682],[-123.2286735,49.3882413],[-123.2287237,49.3882225],[-123.2287699,49.3882163],[-123.2288111,49.3882129],[-123.2288274,49.3881972],[-123.2288465,49.3881638],[-123.228867,49.3881438],[-123.228905,49.3881303],[-123.2289213,49.3881141],[-123.2289317,49.3880798],[-123.2289782,49.3880414],[-123.2290368,49.3880141],[-123.229067,49.3879701],[-123.2290927,49.3879379],[-123.2291368,49.387922],[-123.229185,49.3878984],[-123.2292283,49.3878593],[-123.2292793,49.3878385],[-123.2293063,49.3878105],[-123.2293272,49.387763],[-123.2294004,49.3877043],[-123.2294426,49.3876818],[-123.2294846,49.3876481],[-123.2295332,49.3876085],[-123.229566,49.3875922],[-123.2296126,49.3875818],[-123.2296663,49.3875705],[-123.229691,49.3875623],[-123.229725,49.3875571],[-123.2297581,49.3875611],[-123.2298414,49.3875378],[-123.2298677,49.3875087],[-123.2299006,49.3874838],[-123.2299428,49.3874598],[-123.230004,49.3874312],[-123.2300397,49.3874149],[-123.2300892,49.3874148],[-123.2301144,49.3874189],[-123.2301666,49.3874043],[-123.230205,49.3873765],[-123.230246,49.3873522],[-123.2302812,49.3873356],[-123.2303182,49.3873253],[-123.2303307,49.3873143],[-123.230337,49.3872755],[-123.2303325,49.3872492],[-123.2303566,49.3872396],[-123.2303945,49.3872265],[-123.2304195,49.387204],[-123.2304554,49.3871862],[-123.2304745,49.3871644],[-123.2305019,49.3871399],[-123.2305374,49.3871112],[-123.2305698,49.3870991],[-123.2305897,49.3870835],[-123.2306164,49.3870799],[-123.2306566,49.387068],[-123.2307046,49.3870682],[-123.230756,49.3870747],[-123.2308142,49.387083],[-123.230918,49.3870835],[-123.2310152,49.3870708],[-123.2310598,49.3870568],[-123.2311294,49.3870593],[-123.2312011,49.3870664],[-123.2312585,49.387081],[-123.2312946,49.3870864],[-123.231317,49.3870792],[-123.2313769,49.3870375],[-123.2314245,49.387009],[-123.2314488,49.3869888],[-123.2314627,49.3869476],[-123.2314864,49.3869274],[-123.2315464,49.3869123],[-123.2316044,49.3869031],[-123.2316839,49.3869017],[-123.2317065,49.3868942],[-123.2317126,49.3868819],[-123.2317183,49.3868305],[-123.2317341,49.3867975],[-123.2317653,49.3867585],[-123.2317934,49.386733],[-123.2318338,49.3867182],[-123.2318779,49.3866767],[-123.2318784,49.386652],[-123.2318648,49.3866229],[-123.2318421,49.3865949],[-123.2318424,49.3865875],[-123.2318546,49.3865737],[-123.2318693,49.3865522],[-123.2318666,49.3865321],[-123.2318518,49.3864961],[-123.2318277,49.3864698],[-123.2318158,49.3864343],[-123.2318322,49.3864128],[-123.231869,49.3863866],[-123.2319072,49.3863735],[-123.2319303,49.3863513],[-123.2319956,49.3863347],[-123.2320457,49.3863274],[-123.2321173,49.3862977],[-123.2321336,49.3862833],[-123.2321554,49.3862417],[-123.2321903,49.3862236],[-123.2322354,49.3861963],[-123.2323617,49.3861285],[-123.2323943,49.3861109],[-123.2324162,49.386093],[-123.2324848,49.3860573],[-123.2325013,49.3860389],[-123.2325261,49.3860283],[-123.2325826,49.3860283],[-123.2326076,49.3860192],[-123.2326847,49.3859805],[-123.2327336,49.3859566],[-123.2327611,49.3859481],[-123.2327971,49.3859198],[-123.2328282,49.3859038],[-123.2329211,49.3858709],[-123.2329338,49.3858573],[-123.2329552,49.3858404],[-123.2329984,49.3858318],[-123.2330298,49.3858113],[-123.233053,49.385789],[-123.2331738,49.3857628],[-123.233297,49.385742],[-123.233344,49.3857307],[-123.233381,49.3857188],[-123.233505,49.3856669],[-123.2335673,49.3856578],[-123.2336085,49.3856435],[-123.2336514,49.3856177],[-123.2336812,49.3855917],[-123.2337317,49.3855645],[-123.2337816,49.3855248],[-123.2338388,49.3854826],[-123.2338995,49.3854449],[-123.2339468,49.3854301],[-123.2339973,49.385422],[-123.2340332,49.3854189],[-123.2342764,49.3853303],[-123.2343594,49.3852762],[-123.2344141,49.3852491],[-123.2344959,49.3852321],[-123.2345803,49.3852221],[-123.2347985,49.3851494],[-123.2348815,49.3850953],[-123.2349918,49.3850512],[-123.2351024,49.3850412],[-123.2351702,49.3850141],[-123.2352384,49.3849785],[-123.2353626,49.384933],[-123.2355983,49.3849144],[-123.2357356,49.3848689],[-123.235817,49.3848603],[-123.2360103,49.3848319],[-123.2360934,49.3848048],[-123.2361748,49.3847692],[-123.2361901,49.3847692],[-123.2362448,49.3847692],[-123.2363826,49.3847692],[-123.2364915,49.3847507],[-123.2365882,49.3847151],[-123.2366992,49.3846965],[-123.2367955,49.3846965],[-123.2368361,49.3846866],[-123.2369324,49.3846866],[-123.2369613,49.384678],[-123.2370019,49.3846681],[-123.2370833,49.3846595],[-123.2371813,49.384641],[-123.2372779,49.3846054],[-123.2373584,49.3845869],[-123.237441,49.3845684],[-123.2376488,49.3845413],[-123.2378545,49.3845413],[-123.2379245,49.3845413],[-123.2380614,49.3845313],[-123.2381309,49.3845399],[-123.2382552,49.3845484],[-123.238516,49.3845669],[-123.2386005,49.384584],[-123.2388346,49.3846111],[-123.2389856,49.3846382],[-123.2390683,49.3846467],[-123.2392469,49.3846909],[-123.2394674,49.3846994],[-123.2396617,49.3847079],[-123.2400336,49.3847079],[-123.2401285,49.3847065],[-123.2401853,49.3847065],[-123.2402804,49.3847165],[-123.2404321,49.3847151],[-123.2404873,49.3847065],[-123.2405699,49.384688],[-123.2407072,49.3846695],[-123.2407913,49.3846524],[-123.2410108,49.3846239],[-123.2411355,49.3845969],[-123.2413283,49.3845342],[-123.2413952,49.3844972],[-123.2414656,49.3844616]]}},{"type":"Feature","id":"72200275","properties":{"kind":"stream","name":"Strip Creek","osmWayId":"72200275"},"geometry":{"type":"LineString","coordinates":[[-123.2238327,49.4137827],[-123.2243447,49.4139059],[-123.2246422,49.4139621],[-123.2249786,49.4139702],[-123.225403,49.4140375],[-123.2255989,49.4140044],[-123.2257789,49.414019],[-123.226061,49.4140136],[-123.2262061,49.4140495],[-123.2263403,49.4140525],[-123.2265185,49.414035],[-123.2267162,49.414054],[-123.2269888,49.4141154],[-123.2271294,49.4141029],[-123.2272252,49.4141283],[-123.2277082,49.4143237],[-123.2277906,49.4144495],[-123.2279971,49.414547],[-123.2282491,49.4145971],[-123.2285325,49.4145957],[-123.228916,49.4146081],[-123.2291803,49.4147026],[-123.2297814,49.415036],[-123.2300964,49.4151154],[-123.2304719,49.4151534],[-123.2307624,49.4151992],[-123.2310718,49.4150472],[-123.2312312,49.41493],[-123.2315685,49.4149012],[-123.2317692,49.4149513],[-123.2321042,49.4149888],[-123.232239,49.4150499],[-123.2323692,49.4151894],[-123.2324855,49.4153819],[-123.2325684,49.4156869],[-123.2327882,49.4158916],[-123.2331007,49.4159281],[-123.2334678,49.4159251],[-123.2339287,49.4160157],[-123.2339534,49.4160456],[-123.2339923,49.4161357],[-123.234039,49.4162047],[-123.2341251,49.4162952],[-123.2342401,49.4163786],[-123.234298,49.416456],[-123.234346,49.416503]]}},{"type":"Feature","id":"72200425","properties":{"kind":"stream","name":"Dick Creek","osmWayId":"72200425"},"geometry":{"type":"LineString","coordinates":[[-123.2237236,49.3853347],[-123.2237462,49.3853188],[-123.2237599,49.3852902],[-123.2238845,49.3852047],[-123.223886,49.3851938],[-123.2238664,49.3851811],[-123.2238527,49.3851671],[-123.2238556,49.3851484],[-123.2238724,49.3851164],[-123.2238705,49.3851],[-123.2238541,49.385082],[-123.2238249,49.3850448],[-123.2237948,49.3850149],[-123.2237541,49.384979],[-123.2236356,49.3849147],[-123.2235784,49.3849099],[-123.223557,49.3849051],[-123.2235226,49.3848908],[-123.2234973,49.38487],[-123.2234618,49.3848435],[-123.2234003,49.3848233],[-123.2233585,49.3847993],[-123.2233474,49.384771],[-123.2233521,49.3847507],[-123.2233385,49.3847278],[-123.2233217,49.384707],[-123.2232923,49.3846784],[-123.2232678,49.3846665],[-123.2232571,49.3846597],[-123.2232454,49.3846488],[-123.223249,49.3846268],[-123.2232413,49.3846032],[-123.223223,49.3845801],[-123.2232227,49.384558],[-123.2232309,49.3845201],[-123.2232144,49.3844929],[-123.2232166,49.3844716],[-123.2232087,49.3844515],[-123.2231649,49.3844237],[-123.223152,49.3844013],[-123.2231394,49.3843904],[-123.2231112,49.3843829],[-123.2230766,49.3843688],[-123.2230291,49.3843484],[-123.2229974,49.3843307],[-123.2229449,49.3843127],[-123.2229,49.3842922],[-123.2228617,49.3842691],[-123.2228496,49.3842396],[-123.2228278,49.3842172],[-123.2227873,49.3841756],[-123.2227642,49.3841664],[-123.2227384,49.384167],[-123.2227191,49.3841621],[-123.2227061,49.3841533],[-123.2227031,49.3841411],[-123.222712,49.3841112],[-123.222769,49.3840439],[-123.2227807,49.3840104],[-123.2228126,49.3839888],[-123.2228256,49.3839623],[-123.2228222,49.3839193],[-123.2228413,49.3838987],[-123.2228424,49.3838726],[-123.2228558,49.3838501],[-123.2228642,49.3838307],[-123.2228819,49.3838156],[-123.2228849,49.3838056],[-123.2228814,49.3837928],[-123.2228677,49.3837793],[-123.2228506,49.3837219],[-123.2228368,49.3836579]]}},{"type":"Feature","id":"72201177","properties":{"kind":"stream","name":"Dick Creek","osmWayId":"72201177"},"geometry":{"type":"LineString","coordinates":[[-123.2215949,49.3880134],[-123.2216496,49.3879789],[-123.221692,49.3879679],[-123.2217279,49.3879651],[-123.2217491,49.3879553],[-123.2217715,49.3879282],[-123.221802,49.3879076],[-123.2218401,49.3878773],[-123.22188,49.3878315],[-123.2218946,49.3878164],[-123.22191,49.3878113],[-123.2219375,49.3878131],[-123.2219675,49.3878182],[-123.2220002,49.3878149],[-123.2220322,49.3878085],[-123.2220546,49.3877971],[-123.2220656,49.3877677],[-123.2220835,49.3877428],[-123.2221214,49.3877213],[-123.2221364,49.3876979],[-123.2221648,49.3876842],[-123.2222195,49.3876652],[-123.2222485,49.3876406],[-123.2223032,49.3876155],[-123.2223423,49.3875994],[-123.2223954,49.3875893],[-123.2224473,49.3875684],[-123.2224999,49.3875191],[-123.2225079,49.3874937],[-123.2225214,49.3874736],[-123.2225464,49.3874528],[-123.222579,49.3874451],[-123.222608,49.3874295],[-123.2226284,49.387413],[-123.2226627,49.3873967],[-123.2227042,49.3873645],[-123.2227612,49.3873283],[-123.2227751,49.3873145],[-123.2227779,49.3872969],[-123.2227726,49.38728],[-123.2227507,49.3872479],[-123.222749,49.3872263],[-123.2227493,49.3872009],[-123.2227471,49.3871672],[-123.2227404,49.3871288],[-123.2227501,49.3871109],[-123.2227761,49.3870932],[-123.2228001,49.3870663],[-123.2228284,49.3870403],[-123.2228587,49.3870217],[-123.2228681,49.3870052],[-123.2228846,49.3869915],[-123.2228999,49.3869801],[-123.2229448,49.3869751],[-123.2229608,49.3869673]]}},{"type":"Feature","id":"72201765","properties":{"kind":"stream","name":"","osmWayId":"72201765"},"geometry":{"type":"LineString","coordinates":[[-123.2195645,49.3893437],[-123.2197832,49.3895688],[-123.2200209,49.38964]]}},{"type":"Feature","id":"72203511","properties":{"kind":"stream","name":"Brothers Creek","osmWayId":"72203511"},"geometry":{"type":"LineString","coordinates":[[-123.177393,49.3873655],[-123.1772538,49.387159],[-123.1772524,49.3870066],[-123.1773075,49.3869169],[-123.1774596,49.3867446],[-123.1777325,49.3863857],[-123.1777478,49.3863315],[-123.1777328,49.3861336],[-123.1776365,49.3860253],[-123.1771922,49.3856579],[-123.1771506,49.3856038],[-123.1770127,49.3854955],[-123.1766683,49.3851722],[-123.1755488,49.3845171],[-123.1753702,49.3843647],[-123.1751353,49.3842308],[-123.1741953,49.3838384],[-123.1740172,49.3837281],[-123.1735477,49.3835757],[-123.1734574,49.3835302],[-123.173356,49.3834774],[-123.1732575,49.3833421],[-123.1731901,49.3832795],[-123.1730645,49.3830915],[-123.1727048,49.3827411],[-123.1725109,49.3825075],[-123.1724273,49.3823808],[-123.1721092,49.3820575],[-123.171903,49.3816715],[-123.1715849,49.3812671],[-123.1714107,49.3811056],[-123.1711005,49.3808355],[-123.1708782,49.3806831],[-123.1706433,49.3804951],[-123.1702032,49.3801904],[-123.1697735,49.3799482],[-123.1694974,49.3797674],[-123.1691662,49.3795794],[-123.1689746,49.379454],[-123.1682413,49.379041],[-123.1681403,49.3789758],[-123.1680865,49.378935],[-123.1680409,49.3788913],[-123.167984,49.3788007],[-123.1679412,49.3787708],[-123.1678977,49.3787538],[-123.1678303,49.3787463],[-123.1677952,49.3787422],[-123.1677663,49.378746],[-123.1677331,49.3787561],[-123.1677011,49.3787755],[-123.1676652,49.3787857],[-123.1675997,49.3787887],[-123.1675376,49.3787797],[-123.1674435,49.3787448],[-123.1673599,49.3787202],[-123.1672834,49.3786761],[-123.1671747,49.3786363],[-123.1670626,49.378602],[-123.1670116,49.3785762],[-123.1669429,49.3785427],[-123.1669038,49.378505],[-123.1668727,49.378469],[-123.1668383,49.3783953],[-123.1668099,49.3783555],[-123.1667375,49.37828],[-123.1667273,49.3782367],[-123.1667015,49.3781756],[-123.1666942,49.3781215],[-123.1667016,49.3780904],[-123.1667253,49.3780697],[-123.1667588,49.3780525],[-123.1667665,49.3780168],[-123.1667604,49.3779742],[-123.1667718,49.3779533],[-123.1667706,49.3778966],[-123.1667641,49.3778442],[-123.1667438,49.3778077],[-123.166712,49.3777683],[-123.1666681,49.3777307],[-123.1666084,49.3776904],[-123.1665328,49.3776571],[-123.1664547,49.3776338],[-123.1664031,49.3776071],[-123.166349,49.377565],[-123.166327,49.3775258],[-123.1663153,49.3774925],[-123.1662961,49.3774623],[-123.166239,49.3773896],[-123.1662064,49.3773626],[-123.1661775,49.3773467],[-123.166122,49.3773335],[-123.1660284,49.3773219],[-123.1659476,49.3773098],[-123.165807,49.3772658],[-123.165771,49.3772419],[-123.1657214,49.377183],[-123.1656945,49.3771297],[-123.1656687,49.3770909],[-123.165571,49.3770277],[-123.1655131,49.3769951],[-123.1654524,49.3769769],[-123.1654054,49.3769756],[-123.1652985,49.3769769],[-123.1652276,49.3769716],[-123.1651771,49.3769569],[-123.1651343,49.3769168],[-123.1650511,49.3768759],[-123.1649391,49.3768243],[-123.1648834,49.3767851],[-123.1648655,49.3767621],[-123.1648659,49.3767253],[-123.1648781,49.3766989],[-123.1649025,49.3766716],[-123.1649106,49.3766472],[-123.1649013,49.3766224],[-123.1648736,49.3765842],[-123.164822,49.3765371],[-123.1647939,49.3764998],[-123.1647797,49.3764617],[-123.164772,49.3764254],[-123.1647301,49.3763889],[-123.1646052,49.3763151],[-123.1645109,49.3762577],[-123.1643901,49.3761913],[-123.1642682,49.3761434],[-123.1642251,49.3761206],[-123.1640828,49.3760404],[-123.1639913,49.3759689],[-123.1639368,49.3759461],[-123.1639063,49.3759133],[-123.1638433,49.3758794],[-123.1637628,49.3758474],[-123.1637035,49.3758072],[-123.1636506,49.3757492],[-123.1636224,49.375702],[-123.1636106,49.3756598],[-123.1635403,49.375609],[-123.1634812,49.375571],[-123.1634137,49.3755557],[-123.1631961,49.3755225],[-123.1630385,49.3754793],[-123.1628846,49.3754209],[-123.1627768,49.3753764],[-123.1627007,49.3753396],[-123.1626478,49.3752938],[-123.1625299,49.3751692],[-123.1624846,49.3751331],[-123.162344,49.3750483],[-123.1622908,49.3750111],[-123.1622305,49.3749577],[-123.1621371,49.3748974],[-123.1620508,49.3748498],[-123.1618371,49.3747758],[-123.1617677,49.3747366],[-123.1617149,49.374709],[-123.1616492,49.3746577],[-123.1615835,49.3746385],[-123.1615311,49.3746179],[-123.1614939,49.3745755],[-123.1613907,49.3745285],[-123.1612534,49.3744602],[-123.1611611,49.3744099],[-123.1610668,49.3743168],[-123.1609657,49.3742292],[-123.1607934,49.3741331],[-123.1607433,49.3740969],[-123.160649,49.3740755],[-123.1605401,49.3740604],[-123.1604513,49.3740525],[-123.1603485,49.3740159],[-123.1602918,49.3739932],[-123.1602251,49.373945],[-123.1601721,49.3739031],[-123.1601561,49.3738726],[-123.1601143,49.3738318],[-123.1600035,49.3737496],[-123.1599162,49.3737096],[-123.1598188,49.3736576],[-123.1597055,49.3736178],[-123.1596626,49.3735828],[-123.1595959,49.3735522],[-123.1595668,49.3735254],[-123.1595067,49.3734547],[-123.1594453,49.373399],[-123.1593364,49.3733336],[-123.1591982,49.3732378],[-123.1591074,49.3731826],[-123.159001,49.3731206],[-123.1589369,49.3730907],[-123.1587988,49.3730144],[-123.1587731,49.3730029],[-123.1587131,49.3729755],[-123.1586013,49.3729141],[-123.1585045,49.3728468],[-123.158393,49.3727894],[-123.1582872,49.3727289],[-123.1581737,49.3726518],[-123.1580903,49.372586],[-123.1579881,49.3724987],[-123.1579183,49.372426],[-123.1578734,49.372385],[-123.1578217,49.3723599],[-123.1577806,49.3723383],[-123.1577311,49.3722917],[-123.1576586,49.3722491],[-123.157489,49.3721647],[-123.1573858,49.3721173],[-123.1573415,49.3720743],[-123.1573018,49.3720273],[-123.1572694,49.3719743],[-123.157193,49.3719052],[-123.1571452,49.3718479],[-123.1571145,49.3718001],[-123.1571044,49.3717547],[-123.1571006,49.3717237],[-123.1570916,49.371694],[-123.1570709,49.3716536],[-123.1570765,49.3716121],[-123.1570801,49.3715497],[-123.1570744,49.3715094],[-123.1570497,49.3714732],[-123.1570316,49.3714389],[-123.1570313,49.3714242],[-123.15706,49.3714014],[-123.1570704,49.3713651],[-123.157072,49.3713612],[-123.1571161,49.371256],[-123.1571309,49.371239],[-123.1571734,49.3712223],[-123.157256,49.3712177],[-123.1573017,49.3712096],[-123.1573323,49.3711934],[-123.1574244,49.371116],[-123.1574436,49.3710869],[-123.157444,49.3710669],[-123.1574218,49.371035],[-123.1573961,49.3710066],[-123.1573492,49.370988],[-123.1573098,49.3709781],[-123.1572964,49.3709574],[-123.1572911,49.3709348],[-123.1572937,49.3709029],[-123.157269,49.3708704],[-123.1572534,49.3708445],[-123.157244,49.3707948],[-123.157191,49.370725],[-123.1571937,49.3706753],[-123.1571915,49.3706388],[-123.1571767,49.3706144],[-123.1571429,49.3705877],[-123.1571356,49.370546],[-123.1571218,49.3704828],[-123.1570411,49.3703234],[-123.1567508,49.369909],[-123.1566683,49.369711],[-123.1566264,49.3695415],[-123.1566124,49.3694233],[-123.1566221,49.3687226],[-123.1565527,49.3683623],[-123.1565537,49.368264],[-123.1566342,49.3680831],[-123.1567035,49.3678681],[-123.1567036,49.3677869],[-123.1566752,49.3677057],[-123.156593,49.3676075],[-123.1562184,49.3673383],[-123.1561091,49.36723],[-123.1559976,49.3670136],[-123.1559566,49.3668697],[-123.155927,49.3666632],[-123.1557623,49.3665293],[-123.155625,49.3664396],[-123.1551401,49.3661605],[-123.1549898,49.3660437],[-123.1549487,49.365981],[-123.1549471,49.3658642],[-123.1550565,49.3656748],[-123.1552762,49.3655495],[-123.1554819,49.3653601],[-123.1554968,49.3652333],[-123.1552343,49.3648473],[-123.1552054,49.3647747],[-123.1552044,49.364487],[-123.1552636,49.3643519],[-123.1552653,49.3643076],[-123.1552587,49.3642653],[-123.1552487,49.3642363],[-123.1552492,49.3642155],[-123.1552612,49.3641987],[-123.1552646,49.3641832],[-123.1552602,49.364164],[-123.1552356,49.3641298],[-123.1552119,49.3640783],[-123.1551865,49.3640339],[-123.1551644,49.3639683],[-123.1551478,49.3639398],[-123.1551263,49.3639162],[-123.1551135,49.3638905],[-123.1551113,49.363831],[-123.1550977,49.3638148],[-123.1550106,49.3637593],[-123.1549736,49.3637502],[-123.1549534,49.3637409],[-123.1549429,49.3637218],[-123.1549248,49.3636781],[-123.1549096,49.3636642],[-123.1548812,49.363658],[-123.1548423,49.3636431],[-123.1547949,49.3636159],[-123.1547468,49.3635843],[-123.1547447,49.3635502],[-123.1547769,49.363514],[-123.1548092,49.3634889],[-123.1548541,49.3634407],[-123.1549139,49.3633801],[-123.1549812,49.3633204],[-123.1550183,49.3632692],[-123.1550463,49.3632171],[-123.1550916,49.3631601],[-123.1551249,49.3631283],[-123.1551924,49.363103],[-123.1552416,49.3630676],[-123.1552592,49.3630431],[-123.1552782,49.3629965],[-123.1552965,49.3629599],[-123.1553274,49.362931],[-123.1553451,49.3628963],[-123.1553954,49.3628786],[-123.1554169,49.3628588],[-123.1554243,49.3628258],[-123.155417,49.3627974],[-123.1554231,49.3627618],[-123.1554409,49.3627393],[-123.1554411,49.3627121],[-123.1553884,49.3626513],[-123.1553407,49.3626016],[-123.1552858,49.3625241],[-123.1552769,49.362483],[-123.155276,49.3624413],[-123.1552793,49.3623993],[-123.1552929,49.3623728],[-123.1553326,49.3623355],[-123.1553619,49.3623048],[-123.1553695,49.3622472],[-123.1553947,49.3622075],[-123.1554272,49.3621642],[-123.1554277,49.3621324],[-123.1554103,49.3620934],[-123.1554178,49.3620447],[-123.155421,49.3619933],[-123.1554905,49.3618796],[-123.1554951,49.3618496],[-123.1555259,49.3618169],[-123.1555759,49.3617949],[-123.1556313,49.3617562],[-123.155652,49.3617201],[-123.1556518,49.36169],[-123.1556413,49.3616678],[-123.1556161,49.3616472],[-123.1555904,49.3616349],[-123.1555543,49.3616326],[-123.1555115,49.3616377],[-123.1554758,49.3616466],[-123.155443,49.3616415],[-123.1554039,49.3616276],[-123.1553845,49.3615987],[-123.1553731,49.3615791],[-123.1553444,49.3615694],[-123.155305,49.361564],[-123.1552514,49.361562],[-123.1551947,49.3615428],[-123.1550631,49.3615024],[-123.1550305,49.3614888],[-123.1549959,49.3614886],[-123.1549617,49.3615],[-123.1548937,49.3614948],[-123.1547313,49.3614073],[-123.1546474,49.3613564],[-123.154607,49.3613407],[-123.1545933,49.3613228],[-123.154599,49.361306],[-123.1546134,49.361281],[-123.1546134,49.3612634],[-123.1546244,49.3612171],[-123.1546512,49.3611858],[-123.1546509,49.3611519],[-123.1546357,49.3611019],[-123.1546424,49.3610752],[-123.1546258,49.3610429],[-123.1546137,49.3610074],[-123.1546226,49.360985],[-123.1546403,49.360953],[-123.1546594,49.3609051],[-123.1546877,49.3608516],[-123.1547206,49.3607808],[-123.1547468,49.3607043],[-123.1547542,49.3606471],[-123.1547496,49.3605448],[-123.154738,49.3605178],[-123.1547387,49.3604408],[-123.1547206,49.3604069],[-123.1547125,49.3603546],[-123.1547146,49.3603168],[-123.1547099,49.3602563],[-123.1546897,49.3601879],[-123.1546999,49.3601133],[-123.1547081,49.3600646],[-123.1547339,49.3600292],[-123.154765,49.3600054],[-123.1547773,49.3599882],[-123.1547774,49.3599749],[-123.154769,49.3599554],[-123.1547455,49.3599358],[-123.1547157,49.3599162],[-123.1545315,49.3598722],[-123.1545028,49.3598582],[-123.1544648,49.3598261],[-123.1544331,49.359803],[-123.1543837,49.3597917],[-123.1543233,49.3597631],[-123.1542455,49.3597363],[-123.1540636,49.3596972],[-123.1540109,49.3596802],[-123.1539834,49.3596587],[-123.1539416,49.3596145],[-123.1539101,49.3595906],[-123.1538063,49.3595543],[-123.1537732,49.3595211],[-123.1537133,49.3594862],[-123.1536329,49.3594695],[-123.153546,49.3594484],[-123.1534935,49.3594165],[-123.1534698,49.3593863],[-123.1534636,49.3593373],[-123.1534769,49.3592794],[-123.1535127,49.3592175],[-123.1535303,49.3591761],[-123.1535624,49.3591267],[-123.153571,49.3590954],[-123.1535652,49.3590526],[-123.1535324,49.3589829],[-123.1535235,49.3589317],[-123.1535238,49.3588685],[-123.1535099,49.3588441],[-123.1534771,49.3588032],[-123.1534729,49.3587729],[-123.1534837,49.3587367],[-123.1535087,49.3586977],[-123.1535437,49.3586287],[-123.1535505,49.3585277],[-123.1535489,49.3584724],[-123.1535325,49.3584085],[-123.1534978,49.358378],[-123.1534194,49.3583387],[-123.1533246,49.3582868],[-123.1532039,49.3582721],[-123.1531662,49.3582531],[-123.1531017,49.3581713],[-123.1530681,49.3581124],[-123.1530324,49.3580299],[-123.1530331,49.3579874],[-123.1530293,49.3579395],[-123.1530076,49.3578938],[-123.153006,49.3578633],[-123.153,49.3578136],[-123.1529718,49.357766],[-123.1529454,49.357715],[-123.1528762,49.3576316],[-123.1527704,49.3575341],[-123.1526957,49.3574775],[-123.1526656,49.3574402],[-123.1526061,49.3573155],[-123.1525715,49.3572656],[-123.1525323,49.3572107],[-123.1524739,49.3571543],[-123.1523069,49.3570826],[-123.1522798,49.3570464],[-123.1522794,49.3570028],[-123.1522868,49.3569394],[-123.1522841,49.3568978],[-123.1522606,49.3568596],[-123.1521791,49.3568349],[-123.152144,49.3568183],[-123.1521315,49.3568005],[-123.1521479,49.356747],[-123.1521033,49.3566321],[-123.1521098,49.3565797],[-123.1521356,49.3565305],[-123.1521747,49.3564819],[-123.1521973,49.3563337],[-123.1521816,49.3562547],[-123.152147,49.356192],[-123.1521125,49.3561586],[-123.1520427,49.3561119],[-123.1520268,49.356059],[-123.1519871,49.355996],[-123.1519597,49.3559535],[-123.1519563,49.3559221],[-123.1519281,49.3558711],[-123.1518851,49.3558149],[-123.151694,49.3556413],[-123.1516093,49.3555786],[-123.1515132,49.3554703],[-123.1511819,49.3552909],[-123.1509202,49.35512],[-123.1507818,49.3550132],[-123.1504937,49.3548964],[-123.1502302,49.3547711],[-123.1500095,49.3546358],[-123.1498308,49.354546],[-123.1495554,49.3544919],[-123.1491749,49.3543994]]}},{"type":"Feature","id":"72204581","properties":{"kind":"stream","name":"Dick Creek","osmWayId":"72204581"},"geometry":{"type":"LineString","coordinates":[[-123.2228368,49.3836579],[-123.2228519,49.3836337],[-123.2228732,49.3836101],[-123.2228717,49.383594],[-123.2228441,49.383576],[-123.2228356,49.3835589],[-123.2228194,49.3835475],[-123.2228137,49.3835344],[-123.2228181,49.3835207],[-123.2228321,49.3835125],[-123.2228435,49.3835],[-123.2228661,49.3834713],[-123.2228751,49.3834537],[-123.2229097,49.383439],[-123.2230115,49.383392],[-123.2231211,49.3832481],[-123.2231893,49.3831584],[-123.2233666,49.3829334],[-123.2234343,49.3828251],[-123.2235168,49.3826984],[-123.2236264,49.3825545],[-123.2236827,49.382509],[-123.2237089,49.3824548],[-123.2237772,49.3824192],[-123.2238186,49.3823651],[-123.2239432,49.3822298],[-123.2240664,49.3821045],[-123.2241074,49.3820319],[-123.2242979,49.3818068],[-123.2243677,49.3816986],[-123.2244228,49.3816359],[-123.224477,49.3815903],[-123.2245455,49.381438],[-123.2246131,49.3813027],[-123.2246262,49.3812485],[-123.2246689,49.3811844],[-123.2248183,49.381005],[-123.2248734,49.3809423],[-123.2250385,49.38077],[-123.2250787,49.3806988],[-123.2251482,49.3806532],[-123.2253523,49.3804467],[-123.2253797,49.3803826],[-123.2254771,49.3802217],[-123.2255307,49.3800764],[-123.2255862,49.3800052],[-123.2256128,49.3799425],[-123.2256543,49.3798884],[-123.225791,49.3797161],[-123.2258863,49.3796093],[-123.2260238,49.3794199],[-123.2260775,49.3793558],[-123.2261331,49.3793116],[-123.226216,49.3792034],[-123.2263248,49.3791037],[-123.2263794,49.3790496],[-123.2264345,49.3789869],[-123.2266968,49.3787975],[-123.2268187,49.3786978],[-123.226942,49.3785995],[-123.2270534,49.3784913],[-123.2271341,49.378356],[-123.2271752,49.3783104],[-123.2272176,49.3782392],[-123.2272297,49.3781751],[-123.2272585,49.3781395],[-123.2272983,49.3780768],[-123.2273808,49.3779501],[-123.2274778,49.3778518],[-123.2276701,49.3777165],[-123.2277654,49.3776795],[-123.2278626,49.3776624],[-123.2280409,49.3775983],[-123.2281082,49.3775527],[-123.2281637,49.3774815],[-123.2282048,49.3774359],[-123.2282729,49.3773462],[-123.2283149,49.3772835],[-123.2283825,49.3771753],[-123.2284389,49.3771297],[-123.2284791,49.3770856],[-123.2285897,49.3769944],[-123.2286583,49.3769503],[-123.2287938,49.376842],[-123.2288633,49.3767694],[-123.2289589,49.3766968],[-123.2290004,49.3766426],[-123.2290405,49.3764903],[-123.2290689,49.3764361],[-123.2290959,49.3763108],[-123.2290949,49.3762467],[-123.2291092,49.3761128],[-123.229107,49.3760587],[-123.2291349,49.3759861],[-123.2292576,49.3758422],[-123.2293271,49.3757696],[-123.2293957,49.3757254],[-123.2294363,49.3756614],[-123.229518,49.3755631],[-123.2295726,49.375509],[-123.2297238,49.375311],[-123.2297512,49.3752469],[-123.2298202,49.375113],[-123.2299022,49.3749407],[-123.2299707,49.3747342],[-123.2300248,49.3746616]]}},{"type":"Feature","id":"72204772","properties":{"kind":"stream","name":"Nickey Creek","osmWayId":"72204772"},"geometry":{"type":"LineString","coordinates":[[-123.1781532,49.3918617],[-123.1779879,49.3919529],[-123.1775478,49.3920967],[-123.1769409,49.3921252],[-123.1766101,49.3921879],[-123.1755505,49.3925682],[-123.1741596,49.3929114],[-123.1738848,49.3929755],[-123.1731694,49.3931108],[-123.1725219,49.3933814],[-123.1711862,49.3937972],[-123.1704434,49.3941049],[-123.1695627,49.3944125],[-123.1691089,49.3945649],[-123.1683923,49.3949266],[-123.1673598,49.3953325],[-123.1664934,49.3956302],[-123.1661903,49.3957755],[-123.1655156,49.3960902],[-123.1652282,49.3961728],[-123.1639867,49.3962825],[-123.1636166,49.3964534],[-123.163424,49.3965346],[-123.1630802,49.3967596],[-123.1625145,49.396986],[-123.1620195,49.3971299],[-123.1615649,49.3971755],[-123.1610822,49.3971854],[-123.1608065,49.3972396],[-123.160214,49.3973663],[-123.1593879,49.3976739],[-123.1590575,49.3977551],[-123.1583276,49.3978733],[-123.157721,49.397936],[-123.1570742,49.397973],[-123.1567446,49.3979559],[-123.1560823,49.3977494],[-123.1557768,49.3976241],[-123.1554052,49.3975344],[-123.1551155,49.3975087],[-123.1546888,49.3975087],[-123.1544398,49.3975543],[-123.1538342,49.3977893],[-123.1530355,49.3979517],[-123.1510644,49.3979545],[-123.1502101,49.3979018],[-123.1489833,49.3979388],[-123.148642,49.3979277],[-123.1484297,49.3978964],[-123.1481996,49.3979724],[-123.1480267,49.3981043],[-123.1476451,49.39827],[-123.1474683,49.3982318],[-123.1463148,49.3974887]]}},{"type":"Feature","id":"74195309","properties":{"kind":"path","name":"West Cypress Creek Trail","osmWayId":"74195309"},"geometry":{"type":"LineString","coordinates":[[-123.1963515,49.3856362],[-123.1963934,49.3856377],[-123.196449,49.3856256],[-123.1965317,49.385593],[-123.197094,49.385354],[-123.197143,49.385309],[-123.197165,49.385218],[-123.197143,49.385034],[-123.197171,49.384973],[-123.197796,49.384541],[-123.198254,49.384162],[-123.198447,49.384055],[-123.198623,49.383993],[-123.19874,49.383974],[-123.198871,49.383977],[-123.199092,49.384038],[-123.199164,49.384099],[-123.199204,49.38422],[-123.199193,49.384332],[-123.199152,49.384407],[-123.199022,49.384518],[-123.198525,49.384734],[-123.198427,49.384828],[-123.198304,49.385029],[-123.198266,49.385127],[-123.198294,49.385219],[-123.198466,49.385418],[-123.198547,49.385548],[-123.198612,49.385708],[-123.198602,49.385897],[-123.198586,49.386073],[-123.1985691,49.3862818],[-123.198537,49.3863707],[-123.19849,49.386442],[-123.198376,49.386603],[-123.198182,49.386788],[-123.197973,49.387072],[-123.1978539,49.3872164],[-123.1977965,49.3873496],[-123.1978008,49.3873781]]}},{"type":"Feature","id":"74822305","properties":{"kind":"connector","name":"","osmWayId":"74822305"},"geometry":{"type":"LineString","coordinates":[[-123.2040439,49.3969206],[-123.2042349,49.3968319]]}},{"type":"Feature","id":"74822306","properties":{"kind":"connector","name":"","osmWayId":"74822306"},"geometry":{"type":"LineString","coordinates":[[-123.205693,49.3969676],[-123.2058659,49.3970146]]}},{"type":"Feature","id":"74822401","properties":{"kind":"path","name":"","osmWayId":"74822401"},"geometry":{"type":"LineString","coordinates":[[-123.2045965,49.3983613],[-123.2044826,49.3981566],[-123.2043395,49.397958],[-123.2040462,49.3975504],[-123.2039963,49.3974388],[-123.2039848,49.3974111],[-123.2039305,49.3972836],[-123.2039619,49.3970809],[-123.2040439,49.3969206]]}},{"type":"Feature","id":"74826179","properties":{"kind":"connector","name":"","osmWayId":"74826179"},"geometry":{"type":"LineString","coordinates":[[-123.2042349,49.3968319],[-123.2046409,49.3966477],[-123.204758,49.3966181],[-123.205166,49.3968056],[-123.2052924,49.3968565],[-123.2054736,49.3969075],[-123.205693,49.3969676]]}},{"type":"Feature","id":"74826184","properties":{"kind":"connector","name":"","osmWayId":"74826184"},"geometry":{"type":"LineString","coordinates":[[-123.2042985,49.4020845],[-123.2043043,49.4018228],[-123.2042969,49.4017027],[-123.204268,49.4015885],[-123.2042441,49.4015322],[-123.2041834,49.4014694],[-123.2040938,49.4013913]]}},{"type":"Feature","id":"74826189","properties":{"kind":"path","name":"","osmWayId":"74826189"},"geometry":{"type":"LineString","coordinates":[[-123.2104034,49.403822],[-123.2104566,49.4038381]]}},{"type":"Feature","id":"74835282","properties":{"kind":"path","name":"East Cypress Creek Trail","osmWayId":"74835282"},"geometry":{"type":"LineString","coordinates":[[-123.1993924,49.374317],[-123.199379,49.374592],[-123.199314,49.374894],[-123.199229,49.375166],[-123.199077,49.375521],[-123.198696,49.376223],[-123.197527,49.378673],[-123.197145,49.379702],[-123.196811,49.380357],[-123.1967275,49.3804518],[-123.1966445,49.3805922],[-123.1966206,49.3807137],[-123.1966182,49.3808978],[-123.1965842,49.3809751],[-123.1965206,49.3810234],[-123.1964186,49.3810633],[-123.1962759,49.3810918],[-123.1960911,49.3811185],[-123.19594,49.38115],[-123.195796,49.3812],[-123.195686,49.381266],[-123.1956412,49.3813632],[-123.195549,49.3815287],[-123.1954676,49.3816297],[-123.1954525,49.3816756],[-123.1954621,49.3817327],[-123.1954918,49.3818017],[-123.1955728,49.3818781],[-123.1956917,49.3819539]]}},{"type":"Feature","id":"74835295","properties":{"kind":"path","name":"Cypress Bowl Road","osmWayId":"74835295"},"geometry":{"type":"LineString","coordinates":[[-123.2110857,49.3599536],[-123.2087621,49.3603123],[-123.2083339,49.3603871],[-123.2080047,49.3604589],[-123.2076989,49.3605469],[-123.2073226,49.3606808],[-123.2073079,49.3606866],[-123.2068239,49.3608782],[-123.2066385,49.3609516],[-123.2062019,49.3611082],[-123.205829,49.3612043],[-123.2056224,49.3612416],[-123.2054114,49.3612695],[-123.205249,49.3612834],[-123.2051028,49.361292],[-123.2049024,49.3612966],[-123.2047247,49.3612923],[-123.2045,49.3612826],[-123.2041655,49.3612464],[-123.2034435,49.3611446],[-123.2030951,49.3611055],[-123.2028005,49.3610848],[-123.2025215,49.3610771],[-123.2022332,49.3610881],[-123.2019839,49.361107],[-123.2016631,49.3611431],[-123.2010118,49.3612379],[-123.2005857,49.361293],[-123.2002853,49.3613161],[-123.2000489,49.3613191],[-123.1997329,49.3613106],[-123.1994661,49.3612928],[-123.1988578,49.3612193],[-123.1985304,49.3611816],[-123.1982681,49.3611608],[-123.1980019,49.3611534],[-123.1977398,49.3611576],[-123.197544,49.3611701],[-123.1973945,49.3611857],[-123.1972115,49.3612136],[-123.1969935,49.3612593],[-123.1968053,49.3613056],[-123.1963732,49.3614303],[-123.1957504,49.3616267],[-123.1954566,49.3617192],[-123.1949437,49.3618683],[-123.1945658,49.3619655],[-123.1941948,49.3620415],[-123.1937516,49.3621216],[-123.193219,49.3622],[-123.192967,49.3622372],[-123.1929081,49.362246],[-123.192441,49.3623156],[-123.1921727,49.3623614],[-123.1918922,49.3624237],[-123.1915961,49.362504],[-123.1911699,49.3626288],[-123.1907643,49.3627432],[-123.1905498,49.3627958],[-123.1903587,49.3628327],[-123.1901377,49.3628671],[-123.1899153,49.3628904],[-123.1897481,49.3628983],[-123.1895717,49.3628995],[-123.189389,49.3628946],[-123.1892408,49.3628852],[-123.1890599,49.3628642],[-123.1888266,49.362832],[-123.1886331,49.3627871],[-123.188311,49.3626952],[-123.1881576,49.3626571],[-123.188063,49.3626488],[-123.1879678,49.3626535],[-123.1878821,49.3626674],[-123.1878202,49.3626864],[-123.187757,49.3627186],[-123.187718,49.3627464],[-123.1876772,49.3627819],[-123.1876361,49.3628272],[-123.1876151,49.3628707],[-123.187604,49.3629164],[-123.1876027,49.3629582],[-123.1876148,49.3630133],[-123.1876427,49.3630628],[-123.1876873,49.363111],[-123.1877454,49.3631528],[-123.1877855,49.3631786],[-123.1878405,49.3631995],[-123.1879195,49.3632191],[-123.1880079,49.3632339],[-123.1881548,49.3632467],[-123.1883844,49.3632662],[-123.1885234,49.3632798],[-123.1886645,49.3632975],[-123.1888574,49.363331],[-123.1890056,49.3633623],[-123.1891695,49.3634068],[-123.1893204,49.3634531],[-123.1894798,49.3635069],[-123.1896635,49.3635791],[-123.189835,49.3636544],[-123.1900078,49.3637425],[-123.1902106,49.3638507],[-123.1903789,49.3639416],[-123.190804,49.3641684],[-123.1909484,49.3642485],[-123.1914419,49.3645015],[-123.1916593,49.3646248],[-123.191852,49.3647422],[-123.1920388,49.3648767],[-123.192209,49.3650125],[-123.1923671,49.365156],[-123.1925103,49.3653057],[-123.1926404,49.3654704],[-123.1927352,49.365612],[-123.192839,49.3657892],[-123.1929352,49.3659641],[-123.1932414,49.3665349],[-123.1934566,49.3669308],[-123.1938526,49.3676675],[-123.1941248,49.3681806],[-123.1942435,49.3684044],[-123.194358,49.3686173],[-123.1952261,49.3702318],[-123.1953421,49.3704605],[-123.1954437,49.3706907],[-123.1955251,49.3709072],[-123.1955927,49.3711413],[-123.1956394,49.371364],[-123.1956736,49.3716062],[-123.1956914,49.37184],[-123.1956886,49.3720604],[-123.1956776,49.3722894],[-123.1956517,49.3725234],[-123.1956157,49.3727489],[-123.1953041,49.3747934],[-123.1949785,49.3769297],[-123.1948393,49.3778453],[-123.1948211,49.3779401],[-123.1947481,49.3782363],[-123.1946173,49.3784831],[-123.1943105,49.3788833],[-123.1939953,49.3791846],[-123.1935505,49.3794982],[-123.193143,49.3797068],[-123.1927392,49.3798933],[-123.1923957,49.3800641],[-123.1923513,49.3800857],[-123.1921484,49.3802114],[-123.1919403,49.3803762],[-123.1917794,49.3805441],[-123.1916646,49.3807],[-123.1915796,49.3808695],[-123.1915046,49.3810985],[-123.191441,49.3813469],[-123.1913563,49.3817279],[-123.1912668,49.3821297],[-123.1911772,49.3824366],[-123.1910554,49.3826112],[-123.1910177,49.3826662],[-123.1906286,49.3831295],[-123.1903646,49.3833972],[-123.1897243,49.3840483],[-123.1890029,49.385121],[-123.1887685,49.3857238],[-123.1886419,49.3862676],[-123.1886228,49.3867554],[-123.188653,49.3872276],[-123.1887757,49.3877174],[-123.1889334,49.3881772],[-123.1891622,49.3886521],[-123.1895553,49.3893223],[-123.190112,49.3900353],[-123.1917557,49.391918],[-123.1926316,49.3928886],[-123.1936458,49.393792],[-123.1937261,49.393858],[-123.1938438,49.3939525],[-123.1939728,49.3940489],[-123.1940807,49.3941219],[-123.1941704,49.3941743],[-123.1942657,49.3942224],[-123.1943434,49.3942558],[-123.1944481,49.3942953],[-123.1945477,49.3943243],[-123.1946429,49.3943488],[-123.1947243,49.3943642],[-123.1948128,49.3943773],[-123.1948879,49.3943836],[-123.194988,49.3943896],[-123.1950942,49.3943911],[-123.1951879,49.3943846],[-123.1953603,49.3943653],[-123.1955499,49.3943338],[-123.195856,49.3942826],[-123.1961575,49.3942441],[-123.1972233,49.3941065],[-123.1977863,49.3940742],[-123.1981577,49.3940823],[-123.1984701,49.3941126],[-123.1988202,49.3941678],[-123.1991863,49.3942472],[-123.1995427,49.3943536],[-123.1998193,49.3944559],[-123.2010535,49.3949809],[-123.2013146,49.3950738],[-123.2017263,49.3951908],[-123.2019414,49.3952209],[-123.20213,49.3952327],[-123.2022697,49.3952185],[-123.2023929,49.3951891],[-123.2025101,49.3951392],[-123.2025731,49.3950809],[-123.2026366,49.395008],[-123.2026611,49.3949211],[-123.20266,49.3948472],[-123.202619,49.3946545],[-123.2025431,49.3944978],[-123.2024369,49.3943623],[-123.2023513,49.3942798],[-123.2022187,49.394152],[-123.2020696,49.3940084],[-123.2019427,49.3938861],[-123.2018977,49.3938428],[-123.2017685,49.3937183],[-123.2016357,49.3935903],[-123.2012026,49.3931729],[-123.2007695,49.3927554]]}},{"type":"Feature","id":"75925516","properties":{"kind":"path","name":"","osmWayId":"75925516"},"geometry":{"type":"LineString","coordinates":[[-123.1739004,49.3827496],[-123.1737954,49.3827472],[-123.1736948,49.3827575],[-123.173594,49.3827989],[-123.1735254,49.3828412],[-123.1734655,49.3829412],[-123.1734012,49.3831389],[-123.1734149,49.38326],[-123.1734635,49.3834249],[-123.1734691,49.3834834],[-123.1734574,49.3835302],[-123.1733571,49.3835843],[-123.1732275,49.3835856],[-123.173001,49.383531],[-123.1727833,49.3834989],[-123.1725829,49.3834789],[-123.1725002,49.3834561],[-123.1724457,49.3833954]]}},{"type":"Feature","id":"79290766","properties":{"kind":"path","name":"Baden Powell Trail","osmWayId":"79290766"},"geometry":{"type":"LineString","coordinates":[[-123.1804745,49.3835814],[-123.180527,49.3834617],[-123.1806858,49.3831243]]}},{"type":"Feature","id":"79290767","properties":{"kind":"path","name":"Baden Powell Trail","osmWayId":"79290767"},"geometry":{"type":"LineString","coordinates":[[-123.1800131,49.3838678],[-123.1799872,49.3838884]]}},{"type":"Feature","id":"79290768","properties":{"kind":"path","name":"Baden Powell Trail","osmWayId":"79290768"},"geometry":{"type":"LineString","coordinates":[[-123.1833131,49.3921472],[-123.1833808,49.3921368]]}},{"type":"Feature","id":"79290769","properties":{"kind":"path","name":"Old Mount Strachan Trail","osmWayId":"79290769"},"geometry":{"type":"LineString","coordinates":[[-123.1834579,49.3921152],[-123.1835204,49.392121],[-123.1835905,49.3920853],[-123.1836231,49.3920636],[-123.1837119,49.3920469],[-123.1840097,49.3919865],[-123.184084,49.3920179],[-123.1841697,49.3919925],[-123.1842553,49.3919267],[-123.1845044,49.3918861],[-123.1846523,49.3919216],[-123.1849092,49.3920128],[-123.1852284,49.3920635],[-123.1855087,49.3922003],[-123.1856099,49.3922003],[-123.1862015,49.3924131],[-123.1864195,49.3924435],[-123.186871,49.3926715],[-123.1870204,49.3927661],[-123.1871455,49.3928774],[-123.1873575,49.3929928],[-123.1874141,49.3931087],[-123.1876083,49.3931279],[-123.1880243,49.3932979],[-123.1882612,49.3934293],[-123.1884727,49.3934613],[-123.1885827,49.3935602],[-123.1886575,49.3936818],[-123.1890063,49.3937872],[-123.1891433,49.3938929],[-123.189324,49.3940827],[-123.1893799,49.3942209],[-123.1896228,49.3945101],[-123.1898148,49.3947642],[-123.1897972,49.3948249],[-123.1901766,49.3950442],[-123.1902073,49.3951529],[-123.1902778,49.3952515],[-123.1904138,49.3954248],[-123.1904387,49.3955991],[-123.190424,49.3957735],[-123.1903351,49.395948],[-123.1903141,49.3961179],[-123.1902394,49.3962233],[-123.1902735,49.3965002],[-123.1901692,49.3966395],[-123.1901174,49.3968909],[-123.1901553,49.3970226],[-123.1901162,49.3971519],[-123.1901196,49.397285],[-123.1900649,49.3973768],[-123.1899724,49.3975178],[-123.1899446,49.3976056]]}},{"type":"Feature","id":"79290772","properties":{"kind":"path","name":"Lower Powerline","osmWayId":"79290772"},"geometry":{"type":"LineString","coordinates":[[-123.1873334,49.3808261],[-123.1875207,49.3808562],[-123.1876755,49.3808009],[-123.1878643,49.380713],[-123.1879255,49.380668]]}},{"type":"Feature","id":"79290773","properties":{"kind":"path","name":"Baden Powell Trail","osmWayId":"79290773"},"geometry":{"type":"LineString","coordinates":[[-123.1799872,49.3838884],[-123.1799597,49.383915],[-123.1799435,49.3839615],[-123.1798701,49.3840359],[-123.1798945,49.3841077],[-123.1799456,49.3841581],[-123.1799374,49.3842073],[-123.1799843,49.3842936],[-123.1800068,49.3844358],[-123.1799701,49.384485],[-123.1799313,49.3845115],[-123.1799517,49.384566],[-123.1799921,49.384602]]}},{"type":"Feature","id":"79290774","properties":{"kind":"stream","name":"","osmWayId":"79290774"},"geometry":{"type":"LineString","coordinates":[[-123.1801593,49.3838151],[-123.1800735,49.3838273],[-123.1799966,49.3838333],[-123.179817,49.3838154],[-123.1795843,49.3836971]]}},{"type":"Feature","id":"79290776","properties":{"kind":"path","name":"Baden Powell Trail","osmWayId":"79290776"},"geometry":{"type":"LineString","coordinates":[[-123.1804745,49.3835814],[-123.1802586,49.3836201],[-123.1801105,49.383664],[-123.1800735,49.3838273],[-123.1800131,49.3838678]]}},{"type":"Feature","id":"79290779","properties":{"kind":"path","name":"Hollyburn-Strachan Trail","osmWayId":"79290779"},"geometry":{"type":"LineString","coordinates":[[-123.1829106,49.4005722],[-123.182805,49.4006219],[-123.1828101,49.4006834],[-123.1828341,49.4007272],[-123.1827214,49.4007836],[-123.182692,49.4008165],[-123.1827198,49.4008495],[-123.1827769,49.400876],[-123.182879,49.4010168],[-123.1829239,49.4010208],[-123.1830729,49.4010221],[-123.1830933,49.4010739],[-123.1830504,49.401135],[-123.1830871,49.4011616],[-123.183144,49.4011846],[-123.1831354,49.4012261],[-123.1832486,49.4012651],[-123.1833727,49.4013873],[-123.1834151,49.4015105],[-123.183358,49.401587],[-123.1834102,49.4016369],[-123.1836029,49.4017198],[-123.1837237,49.4018845],[-123.1838886,49.4019589],[-123.1839245,49.4019939],[-123.1838641,49.402081],[-123.1839784,49.4020863],[-123.1840339,49.4021129],[-123.1840714,49.4021129],[-123.1841416,49.4021522],[-123.1841563,49.4022064],[-123.1841253,49.4022733],[-123.1840894,49.4022861],[-123.1841335,49.40237],[-123.1841368,49.4023934],[-123.1841857,49.4023966],[-123.1842205,49.4024148],[-123.184258,49.4024345],[-123.1842806,49.4024823],[-123.1843057,49.4025362],[-123.1842722,49.4025754],[-123.1842814,49.4025982],[-123.1843366,49.4025601],[-123.1843951,49.4025639],[-123.1844586,49.4025835],[-123.184477,49.4026183],[-123.1845155,49.4026341],[-123.1845606,49.4025966],[-123.1846099,49.4025237],[-123.1847328,49.402466],[-123.1848197,49.4023714],[-123.1848456,49.4023643],[-123.1848507,49.4023017],[-123.1848273,49.4022446],[-123.18465,49.4021788],[-123.1847487,49.4020853],[-123.1847177,49.4020525],[-123.1846646,49.4020644],[-123.1846075,49.4020326],[-123.1846707,49.4020286],[-123.1846973,49.4019808],[-123.1847871,49.4019609],[-123.1848993,49.4019184],[-123.1850075,49.4019024],[-123.1850769,49.4018705],[-123.1851095,49.4018772],[-123.1851503,49.4019064],[-123.1852299,49.4019077],[-123.1852442,49.4019383],[-123.1853564,49.401998],[-123.1854136,49.4019874],[-123.185434,49.4019941],[-123.1853952,49.4020153],[-123.185383,49.4020512]]}},{"type":"Feature","id":"79290781","properties":{"kind":"path","name":"Baden Powell Trail","osmWayId":"79290781"},"geometry":{"type":"LineString","coordinates":[[-123.1787858,49.3872893],[-123.1788967,49.3873715],[-123.1789434,49.3875176],[-123.1789553,49.3876234],[-123.1789744,49.3876794],[-123.1791849,49.3877957],[-123.179204,49.3878911],[-123.1791849,49.3879513],[-123.1791051,49.3880219],[-123.1791202,49.3883565],[-123.1791859,49.3884154],[-123.1792484,49.3884732],[-123.1793076,49.3885104],[-123.179435,49.3887818],[-123.1794933,49.3888119],[-123.1796688,49.3888983],[-123.1798443,49.3889169],[-123.1799956,49.3889805],[-123.1800452,49.3890545],[-123.1800889,49.389119],[-123.1801093,49.3892214],[-123.180151,49.3893216],[-123.1801188,49.3894064],[-123.1801081,49.3894955],[-123.1800245,49.389685],[-123.1798577,49.389788],[-123.1797304,49.3899215],[-123.1796662,49.389986],[-123.1796199,49.3900284],[-123.179557,49.3902109],[-123.1795693,49.390381],[-123.1795853,49.3905021],[-123.1796868,49.3906004]]}},{"type":"Feature","id":"79290783","properties":{"kind":"path","name":"Mount Strachan Trail","osmWayId":"79290783"},"geometry":{"type":"LineString","coordinates":[[-123.1899446,49.3976056],[-123.1898695,49.3977049],[-123.1897953,49.3978077],[-123.1896478,49.3978387],[-123.1895298,49.3979869],[-123.1894788,49.3980981],[-123.1894214,49.3982704],[-123.1893007,49.3985002],[-123.189296,49.398608],[-123.1893092,49.3987],[-123.1892971,49.398785],[-123.1893274,49.3988634],[-123.1894436,49.398999],[-123.1893873,49.3991584],[-123.1892679,49.3992826],[-123.1891632,49.3994802],[-123.1890429,49.3995851],[-123.1889138,49.3998241],[-123.188847,49.400133],[-123.1888004,49.4002794],[-123.1887372,49.400414],[-123.1886724,49.4005518],[-123.1885099,49.4007174],[-123.1884326,49.4008885],[-123.1884296,49.4010067]]}},{"type":"Feature","id":"85235231","properties":{"kind":"path","name":"","osmWayId":"85235231"},"geometry":{"type":"LineString","coordinates":[[-123.201199,49.3937845],[-123.2016357,49.3935903],[-123.2019546,49.3934485]]}},{"type":"Feature","id":"85235232","properties":{"kind":"path","name":"","osmWayId":"85235232"},"geometry":{"type":"LineString","coordinates":[[-123.202711,49.3941198],[-123.2023513,49.3942798]]}},{"type":"Feature","id":"85235236","properties":{"kind":"path","name":"","osmWayId":"85235236"},"geometry":{"type":"LineString","coordinates":[[-123.2032347,49.3951745],[-123.2035717,49.3949419]]}},{"type":"Feature","id":"85235239","properties":{"kind":"path","name":"","osmWayId":"85235239"},"geometry":{"type":"LineString","coordinates":[[-123.2027923,49.3942397],[-123.2024369,49.3943623]]}},{"type":"Feature","id":"85235241","properties":{"kind":"path","name":"","osmWayId":"85235241"},"geometry":{"type":"LineString","coordinates":[[-123.2038503,49.3958462],[-123.2044202,49.3955608]]}},{"type":"Feature","id":"85235242","properties":{"kind":"path","name":"","osmWayId":"85235242"},"geometry":{"type":"LineString","coordinates":[[-123.2045739,49.3956779],[-123.2044202,49.3955608],[-123.2042387,49.3954226],[-123.2040859,49.3953061],[-123.204054,49.3952818],[-123.2039108,49.3951747],[-123.2037522,49.3950559],[-123.2037263,49.3950365],[-123.2036128,49.3949671],[-123.2035717,49.3949419],[-123.2035218,49.3949114],[-123.2032828,49.3948697],[-123.2030832,49.39482],[-123.2030076,49.3948257],[-123.2028448,49.3948513],[-123.20266,49.3948472]]}},{"type":"Feature","id":"85235244","properties":{"kind":"path","name":"","osmWayId":"85235244"},"geometry":{"type":"LineString","coordinates":[[-123.2014768,49.3940299],[-123.2018977,49.3938428]]}},{"type":"Feature","id":"85235247","properties":{"kind":"path","name":"","osmWayId":"85235247"},"geometry":{"type":"LineString","coordinates":[[-123.203539,49.3953811],[-123.2039108,49.3951747]]}},{"type":"Feature","id":"85235249","properties":{"kind":"path","name":"","osmWayId":"85235249"},"geometry":{"type":"LineString","coordinates":[[-123.2013308,49.3939129],[-123.2017685,49.3937183],[-123.2020765,49.3935814]]}},{"type":"Feature","id":"85235252","properties":{"kind":"path","name":"","osmWayId":"85235252"},"geometry":{"type":"LineString","coordinates":[[-123.2029065,49.3950027],[-123.2030076,49.3948257]]}},{"type":"Feature","id":"85235254","properties":{"kind":"path","name":"","osmWayId":"85235254"},"geometry":{"type":"LineString","coordinates":[[-123.2028867,49.3943451],[-123.2025431,49.3944978]]}},{"type":"Feature","id":"85235257","properties":{"kind":"path","name":"","osmWayId":"85235257"},"geometry":{"type":"LineString","coordinates":[[-123.203386,49.3952665],[-123.2037522,49.3950559]]}},{"type":"Feature","id":"85235258","properties":{"kind":"path","name":"","osmWayId":"85235258"},"geometry":{"type":"LineString","coordinates":[[-123.202568,49.3939963],[-123.2022187,49.394152],[-123.20181,49.3943337]]}},{"type":"Feature","id":"85235261","properties":{"kind":"wood","name":"","osmWayId":"85235261"},"geometry":{"type":"Polygon","coordinates":[[[-123.2038074,49.3968345],[-123.203966,49.3967369],[-123.2041329,49.3966351],[-123.2041053,49.3965232],[-123.2039663,49.3964512],[-123.2036544,49.3963641],[-123.2034287,49.3963507],[-123.203393,49.3963657],[-123.2035335,49.3966581],[-123.2036723,49.3968438],[-123.2038074,49.3968345]]]}},{"type":"Feature","id":"85235262","properties":{"kind":"path","name":"","osmWayId":"85235262"},"geometry":{"type":"LineString","coordinates":[[-123.2017025,49.3941716],[-123.2020696,49.3940084],[-123.202417,49.3938538]]}},{"type":"Feature","id":"85235264","properties":{"kind":"path","name":"","osmWayId":"85235264"},"geometry":{"type":"LineString","coordinates":[[-123.2030742,49.395077],[-123.2032828,49.3948697]]}},{"type":"Feature","id":"85235265","properties":{"kind":"building","name":"Eagle Express Quad","osmWayId":"85235265"},"geometry":{"type":"Polygon","coordinates":[[[-123.2132307,49.3916237],[-123.2132348,49.3916456],[-123.2132733,49.3916672],[-123.2133116,49.3916685],[-123.213403,49.3915983],[-123.2134087,49.3915718],[-123.2133989,49.3915592],[-123.2133645,49.3915474],[-123.2133425,49.3915482],[-123.2133212,49.3915552],[-123.2132307,49.3916237]]]}},{"type":"Feature","id":"85235266","properties":{"kind":"wood","name":"","osmWayId":"85235266"},"geometry":{"type":"Polygon","coordinates":[[[-123.203143,49.3964661],[-123.2030996,49.3965697],[-123.2031061,49.3968397],[-123.2031874,49.3969888],[-123.2033451,49.3969776],[-123.2034338,49.3968701],[-123.203281,49.3967531],[-123.203249,49.3965735],[-123.203143,49.3964661]]]}},{"type":"Feature","id":"85235269","properties":{"kind":"building","name":"","osmWayId":"85235269"},"geometry":{"type":"Polygon","coordinates":[[[-123.2132141,49.3915951],[-123.2132667,49.3915541],[-123.2132071,49.3915217],[-123.2131545,49.3915627],[-123.2132141,49.3915951]]]}},{"type":"Feature","id":"85235274","properties":{"kind":"path","name":"","osmWayId":"85235274"},"geometry":{"type":"LineString","coordinates":[[-123.2037131,49.3956891],[-123.2042387,49.3954226]]}},{"type":"Feature","id":"85235275","properties":{"kind":"building","name":"Cypress Creek Lodge","osmWayId":"85235275"},"geometry":{"type":"Polygon","coordinates":[[[-123.2050513,49.3961616],[-123.2049025,49.3960509],[-123.2050195,49.3959842],[-123.204801,49.3958218],[-123.2046763,49.3958929],[-123.2043689,49.3956644],[-123.204078,49.3958301],[-123.2045266,49.3961635],[-123.2047794,49.3963515],[-123.2048327,49.3963211],[-123.204806,49.3963013],[-123.2050513,49.3961616]]]}},{"type":"Feature","id":"85235277","properties":{"kind":"path","name":"","osmWayId":"85235277"},"geometry":{"type":"LineString","coordinates":[[-123.203607,49.3955428],[-123.2040859,49.3953061]]}},{"type":"Feature","id":"85877876","properties":{"kind":"wood","name":"","osmWayId":"85877876"},"geometry":{"type":"Polygon","coordinates":[[[-123.209148,49.3962035],[-123.2092016,49.3961367],[-123.2093266,49.3961774],[-123.2092551,49.3962442],[-123.209148,49.3962035]]]}},{"type":"Feature","id":"85877877","properties":{"kind":"wood","name":"","osmWayId":"85877877"},"geometry":{"type":"Polygon","coordinates":[[[-123.2081566,49.3961221],[-123.2083307,49.3960233],[-123.2084736,49.3960262],[-123.2082638,49.3961425],[-123.2081566,49.3961221]]]}},{"type":"Feature","id":"85877881","properties":{"kind":"wood","name":"","osmWayId":"85877881"},"geometry":{"type":"Polygon","coordinates":[[[-123.2087639,49.3961076],[-123.2084513,49.3962442],[-123.2088666,49.3964447],[-123.2090006,49.3963779],[-123.2089961,49.3962239],[-123.2087639,49.3961076]]]}},{"type":"Feature","id":"85877883","properties":{"kind":"wood","name":"","osmWayId":"85877883"},"geometry":{"type":"Polygon","coordinates":[[[-123.2069241,49.3968226],[-123.2069866,49.3967761],[-123.2069151,49.3967237],[-123.2068705,49.396779],[-123.2069241,49.3968226]]]}},{"type":"Feature","id":"85877884","properties":{"kind":"wood","name":"","osmWayId":"85877884"},"geometry":{"type":"Polygon","coordinates":[[[-123.2078217,49.3959565],[-123.2084245,49.3954885],[-123.2087371,49.3953287],[-123.2089872,49.3951136],[-123.2092105,49.3949538],[-123.2094516,49.3949247],[-123.2102197,49.3950497],[-123.2103448,49.3951485],[-123.2098178,49.3954449],[-123.2092909,49.3955525],[-123.2090095,49.3956775],[-123.2085719,49.3957443],[-123.2084781,49.3956949],[-123.2080717,49.3959071],[-123.2078886,49.3959681],[-123.2078217,49.3959565]]]}},{"type":"Feature","id":"85877885","properties":{"kind":"wood","name":"","osmWayId":"85877885"},"geometry":{"type":"Polygon","coordinates":[[[-123.2088398,49.3960873],[-123.2090006,49.3960524],[-123.2090542,49.3960931],[-123.2089604,49.3961279],[-123.2088398,49.3960873]]]}},{"type":"Feature","id":"85877886","properties":{"kind":"wood","name":"","osmWayId":"85877886"},"geometry":{"type":"Polygon","coordinates":[[[-123.2062894,49.3961472],[-123.2063746,49.3961314],[-123.2064121,49.3961406],[-123.2064841,49.3962266],[-123.2065505,49.3962968],[-123.206656,49.3964021],[-123.2067514,49.3964835],[-123.2067631,49.396513],[-123.2067256,49.3965486],[-123.2065177,49.3966424],[-123.2063723,49.396814],[-123.2063703,49.396872],[-123.2061872,49.3968894],[-123.206022,49.396686],[-123.2061336,49.3965494],[-123.2061207,49.3963304],[-123.2062894,49.3961472]]]}},{"type":"Feature","id":"85877887","properties":{"kind":"wood","name":"","osmWayId":"85877887"},"geometry":{"type":"Polygon","coordinates":[[[-123.2075894,49.3967499],[-123.207978,49.3962529],[-123.2082638,49.3962791],[-123.2086612,49.3964273],[-123.2087193,49.396529],[-123.2085362,49.3966104],[-123.2083129,49.3964622],[-123.2082906,49.3966104],[-123.2081253,49.3967644],[-123.2075894,49.3967499]]]}},{"type":"Feature","id":"85877888","properties":{"kind":"wood","name":"","osmWayId":"85877888"},"geometry":{"type":"Polygon","coordinates":[[[-123.2075716,49.3958111],[-123.2079467,49.3954711],[-123.2085451,49.3950613],[-123.2088175,49.3949305],[-123.2088756,49.3949508],[-123.2083352,49.3953403],[-123.2076922,49.3958693],[-123.2075716,49.3958111]]]}},{"type":"Feature","id":"85877892","properties":{"kind":"wood","name":"","osmWayId":"85877892"},"geometry":{"type":"Polygon","coordinates":[[[-123.2071845,49.3970116],[-123.2071837,49.3969927],[-123.2072118,49.3969683],[-123.2072861,49.3969261],[-123.2074331,49.39684],[-123.2080226,49.3968371],[-123.2077547,49.3969766],[-123.2071518,49.3970522],[-123.2071845,49.3970116]]]}},{"type":"Feature","id":"85877893","properties":{"kind":"wood","name":"","osmWayId":"85877893"},"geometry":{"type":"Polygon","coordinates":[[[-123.2088488,49.3959332],[-123.2089024,49.3959158],[-123.2089693,49.3959332],[-123.2089247,49.3959826],[-123.2088488,49.3959332]]]}},{"type":"Feature","id":"85877894","properties":{"kind":"wood","name":"","osmWayId":"85877894"},"geometry":{"type":"Polygon","coordinates":[[[-123.2091212,49.3959332],[-123.2094248,49.3958867],[-123.2095677,49.3958983],[-123.2094382,49.3960785],[-123.2092507,49.3960524],[-123.2091212,49.3959332]]]}},{"type":"Feature","id":"87661832","properties":{"kind":"path","name":"","osmWayId":"87661832"},"geometry":{"type":"LineString","coordinates":[[-123.193647,49.3933734],[-123.1929444,49.3927674],[-123.1927443,49.3925657],[-123.1924691,49.3923469],[-123.1921635,49.3919597],[-123.1918108,49.3916038],[-123.1912656,49.3909932],[-123.1910589,49.3904879],[-123.1905002,49.3897065],[-123.1899611,49.3889445],[-123.1897096,49.3886481],[-123.1894631,49.3886149],[-123.1892231,49.3885646],[-123.1890346,49.3882033],[-123.1888434,49.3876502],[-123.1887531,49.3873114],[-123.1887504,49.3869675],[-123.1889655,49.3868275],[-123.1889894,49.3867272],[-123.1889576,49.3866252],[-123.1889708,49.386423],[-123.1889522,49.3863694],[-123.1888274,49.3863227],[-123.1887292,49.386276],[-123.1887823,49.3859182],[-123.1889602,49.3854412],[-123.1892975,49.3854152],[-123.1894462,49.3853011],[-123.189478,49.3850954],[-123.189494,49.3848949],[-123.1896612,49.3844835],[-123.1896798,49.3842484],[-123.1901631,49.3836503],[-123.1907685,49.3830038],[-123.1911695,49.3825319],[-123.1913501,49.3820928],[-123.191528,49.3814134],[-123.1915864,49.3811368],[-123.1916342,49.3809034],[-123.191759,49.3806925],[-123.191913,49.3804972],[-123.192237,49.3802413],[-123.1924489,49.3801429]]}},{"type":"Feature","id":"87661833","properties":{"kind":"wood","name":"","osmWayId":"87661833"},"geometry":{"type":"Polygon","coordinates":[[[-123.1998172,49.3914568],[-123.1998582,49.3912893],[-123.1999091,49.3912146],[-123.1998634,49.3911627],[-123.1997456,49.3910279],[-123.1993972,49.3909339],[-123.1993204,49.3909654],[-123.1992591,49.3909906],[-123.1993101,49.3910915],[-123.1994864,49.39118],[-123.1996216,49.3913358],[-123.1998172,49.3914568]]]}},{"type":"Feature","id":"87661834","properties":{"kind":"wood","name":"","osmWayId":"87661834"},"geometry":{"type":"Polygon","coordinates":[[[-123.1999057,49.3919679],[-123.1998799,49.3920404],[-123.1998477,49.3921163],[-123.1998011,49.3921604],[-123.1998082,49.3921908],[-123.2001216,49.3922478],[-123.2001618,49.3921994],[-123.200089,49.3921358],[-123.2000437,49.3920484],[-123.1999914,49.3919766],[-123.1999057,49.3919679]]]}},{"type":"Feature","id":"87661837","properties":{"kind":"wood","name":"","osmWayId":"87661837"},"geometry":{"type":"Polygon","coordinates":[[[-123.2030865,49.389771],[-123.2030253,49.3894646],[-123.2019274,49.3892378],[-123.1994751,49.3889944],[-123.1984299,49.3888749],[-123.1982991,49.3889469],[-123.1982668,49.3891847],[-123.1989058,49.3893794],[-123.1994207,49.3893761],[-123.1997521,49.3894823],[-123.2002229,49.3894092],[-123.2004472,49.3894281],[-123.2005322,49.3894026],[-123.200833,49.3894446],[-123.2009808,49.3894214],[-123.2014924,49.3894668],[-123.2018781,49.3895708],[-123.2024152,49.3896703],[-123.2028621,49.38975],[-123.2030865,49.389771]]]}},{"type":"Feature","id":"87661838","properties":{"kind":"path","name":"","osmWayId":"87661838"},"geometry":{"type":"LineString","coordinates":[[-123.191487,49.3795255],[-123.1915958,49.3796833],[-123.1916024,49.3799855],[-123.1916906,49.3800684],[-123.1920044,49.3800259],[-123.1921809,49.380028],[-123.1923513,49.3800857],[-123.1924489,49.3801429]]}},{"type":"Feature","id":"87661839","properties":{"kind":"wood","name":"","osmWayId":"87661839"},"geometry":{"type":"Polygon","coordinates":[[[-123.1996325,49.3918382],[-123.199667,49.3917801],[-123.1996909,49.3917264],[-123.1996496,49.3916939],[-123.1995543,49.3916017],[-123.1995062,49.3916412],[-123.1995087,49.391759],[-123.199577,49.3918354],[-123.1996325,49.3918382]]]}},{"type":"Feature","id":"87661843","properties":{"kind":"wood","name":"","osmWayId":"87661843"},"geometry":{"type":"Polygon","coordinates":[[[-123.2029405,49.390768],[-123.2030149,49.390573],[-123.2029448,49.3902038],[-123.2023415,49.3899757],[-123.2017679,49.3898775],[-123.2010754,49.3898277],[-123.2008757,49.3898637],[-123.200181,49.3898692],[-123.1993547,49.3898084],[-123.1984157,49.389648],[-123.198364,49.3896595],[-123.1984405,49.389836],[-123.1987096,49.3899019],[-123.1988094,49.3900721],[-123.1988455,49.3902852],[-123.1993228,49.3903794],[-123.1994142,49.3906601],[-123.2005337,49.3908385],[-123.2012411,49.3908855],[-123.2017934,49.3908648],[-123.2020398,49.3907334],[-123.2029405,49.390768]]]}},{"type":"Feature","id":"87661845","properties":{"kind":"wood","name":"","osmWayId":"87661845"},"geometry":{"type":"Polygon","coordinates":[[[-123.2032326,49.3897774],[-123.2033255,49.3897231],[-123.2033723,49.3896826],[-123.203415,49.3896563],[-123.2035117,49.3896421],[-123.2035636,49.3896207],[-123.2035934,49.3896028],[-123.2036013,49.3895755],[-123.2035918,49.3895422],[-123.2035395,49.3895253],[-123.2034522,49.3895102],[-123.203336,49.3895091],[-123.2032521,49.3894704],[-123.2031963,49.3894596],[-123.2031789,49.389472],[-123.2031777,49.3895677],[-123.2031502,49.3897041],[-123.2031502,49.389763],[-123.2031792,49.3897785],[-123.2032326,49.3897774]]]}},{"type":"Feature","id":"87661846","properties":{"kind":"wood","name":"","osmWayId":"87661846"},"geometry":{"type":"Polygon","coordinates":[[[-123.2032372,49.3907394],[-123.2032619,49.3905696],[-123.203238,49.3903608],[-123.2032697,49.3903307],[-123.2033228,49.3903667],[-123.2035538,49.3904975],[-123.2036455,49.3905577],[-123.2037082,49.3906225],[-123.2036633,49.3906555],[-123.203393,49.390739],[-123.2032372,49.3907394]]]}},{"type":"Feature","id":"87661847","properties":{"kind":"wood","name":"","osmWayId":"87661847"},"geometry":{"type":"Polygon","coordinates":[[[-123.1983585,49.3886377],[-123.1986669,49.3885924],[-123.1988324,49.388583],[-123.1990789,49.3886291],[-123.1991459,49.388672],[-123.1992113,49.3887603],[-123.19919,49.3888185],[-123.1990395,49.3888424],[-123.1987972,49.388805],[-123.1985924,49.3887844],[-123.198393,49.3887137],[-123.1983534,49.3886515],[-123.1983585,49.3886377]]]}},{"type":"Feature","id":"87661936","properties":{"kind":"wood","name":"","osmWayId":"87661936"},"geometry":{"type":"Polygon","coordinates":[[[-123.2048767,49.386267],[-123.2048032,49.3861671],[-123.2045049,49.3861207],[-123.2044358,49.3861587],[-123.2048767,49.386267]]]}},{"type":"Feature","id":"87661937","properties":{"kind":"wood","name":"","osmWayId":"87661937"},"geometry":{"type":"Polygon","coordinates":[[[-123.2064221,49.3883634],[-123.2064962,49.3883558],[-123.2065837,49.3883321],[-123.2066385,49.3883095],[-123.2066553,49.3882742],[-123.2066513,49.3882285],[-123.2066341,49.3881652],[-123.2066648,49.3881373],[-123.2066862,49.3881367],[-123.2067486,49.3881781],[-123.2068562,49.3882068],[-123.2069477,49.3882393],[-123.207071,49.3882651],[-123.2077925,49.3887518],[-123.2077017,49.3887827],[-123.2065907,49.3884591],[-123.2064221,49.3883634]]]}},{"type":"Feature","id":"87661938","properties":{"kind":"wood","name":"","osmWayId":"87661938"},"geometry":{"type":"Polygon","coordinates":[[[-123.2053393,49.3863233],[-123.2051966,49.3862065],[-123.2051923,49.386132],[-123.2047232,49.3859251],[-123.2037808,49.3856676],[-123.2027066,49.3856634],[-123.2025985,49.3856958],[-123.2029076,49.3855129],[-123.2034869,49.3853229],[-123.2045438,49.3850795],[-123.205175,49.3849909],[-123.2054387,49.3850303],[-123.2060396,49.3855312],[-123.2060914,49.3856536],[-123.206005,49.3859223],[-123.2060698,49.3861291],[-123.2059207,49.3862234],[-123.2055684,49.3862375],[-123.2053393,49.3863233]]]}},{"type":"Feature","id":"87661939","properties":{"kind":"wood","name":"","osmWayId":"87661939"},"geometry":{"type":"Polygon","coordinates":[[[-123.204358,49.3860926],[-123.2044704,49.3860813],[-123.2043428,49.3859617],[-123.2040618,49.3859139],[-123.2040337,49.3859716],[-123.2042283,49.3860278],[-123.204358,49.3860926]]]}},{"type":"Feature","id":"87661940","properties":{"kind":"wood","name":"","osmWayId":"87661940"},"geometry":{"type":"Polygon","coordinates":[[[-123.2063595,49.3883058],[-123.2065583,49.388234],[-123.2066059,49.3879864],[-123.206408,49.3878557],[-123.2060163,49.3877414],[-123.2060325,49.3877733],[-123.2060243,49.3878081],[-123.2059967,49.3878271],[-123.2060461,49.3879287],[-123.2063595,49.3883058]]]}},{"type":"Feature","id":"87661941","properties":{"kind":"wood","name":"","osmWayId":"87661941"},"geometry":{"type":"Polygon","coordinates":[[[-123.2050929,49.3861882],[-123.2050302,49.3862122],[-123.2051707,49.3864077],[-123.205242,49.3863627],[-123.2050929,49.3861882]]]}},{"type":"Feature","id":"87661942","properties":{"kind":"wood","name":"","osmWayId":"87661942"},"geometry":{"type":"Polygon","coordinates":[[[-123.2058017,49.3864619],[-123.2058222,49.3863918],[-123.2058552,49.3863608],[-123.2058683,49.3863417],[-123.2058559,49.3863269],[-123.2058171,49.3863278],[-123.2057291,49.3863479],[-123.2057101,49.3863856],[-123.2056668,49.386428],[-123.2056045,49.3864457],[-123.2055437,49.3864476],[-123.2054851,49.3864304],[-123.2054411,49.3864242],[-123.2054125,49.3864352],[-123.2054067,49.3864609],[-123.2054799,49.386491],[-123.2054931,49.3865206],[-123.20554,49.3865291],[-123.2055679,49.3865449],[-123.2056089,49.3865897],[-123.2056676,49.386606],[-123.2056998,49.386604],[-123.2057218,49.3865869],[-123.2057914,49.3864938],[-123.2058017,49.3864619]]]}},{"type":"Feature","id":"87661943","properties":{"kind":"wood","name":"","osmWayId":"87661943"},"geometry":{"type":"Polygon","coordinates":[[[-123.2063789,49.3877472],[-123.2064286,49.3873772],[-123.2065129,49.3871394],[-123.2065064,49.3866118],[-123.2064049,49.3862895],[-123.2062211,49.3864274],[-123.2060352,49.3866582],[-123.2057153,49.3869086],[-123.205711,49.3871886],[-123.2059077,49.3874025],[-123.2059401,49.3875657],[-123.2062233,49.3876923],[-123.2063789,49.3877472]]]}},{"type":"Feature","id":"87661944","properties":{"kind":"wood","name":"","osmWayId":"87661944"},"geometry":{"type":"Polygon","coordinates":[[[-123.2054689,49.3865639],[-123.2055511,49.386547],[-123.2056375,49.3866835],[-123.205577,49.3867074],[-123.2054689,49.3865639]]]}},{"type":"Feature","id":"87661945","properties":{"kind":"wood","name":"","osmWayId":"87661945"},"geometry":{"type":"Polygon","coordinates":[[[-123.2042419,49.3869137],[-123.2045337,49.3866552],[-123.2049632,49.3865057],[-123.20502,49.3864353],[-123.2038771,49.3861082],[-123.2035853,49.3859657],[-123.2028558,49.3858743],[-123.2025478,49.3859306],[-123.2018778,49.3863456],[-123.2016497,49.3864162],[-123.2016994,49.3864809],[-123.2023089,49.3865864],[-123.2025553,49.3865555],[-123.2028039,49.3866019],[-123.2029119,49.3866821],[-123.2031367,49.3867187],[-123.2033356,49.3867876],[-123.2038587,49.3868594],[-123.2042419,49.3869137]]]}},{"type":"Feature","id":"87661946","properties":{"kind":"wood","name":"","osmWayId":"87661946"},"geometry":{"type":"Polygon","coordinates":[[[-123.2045308,49.3869688],[-123.2045443,49.3868228],[-123.205074,49.386547],[-123.2052929,49.3866358],[-123.2054896,49.3868572],[-123.2052902,49.3871494],[-123.2045308,49.3869688]]]}},{"type":"Feature","id":"87662386","properties":{"kind":"wood","name":"","osmWayId":"87662386"},"geometry":{"type":"Polygon","coordinates":[[[-123.2055239,49.3887815],[-123.2055135,49.3886202],[-123.2055702,49.3885898],[-123.2056542,49.3885853],[-123.2059318,49.3886177],[-123.2061559,49.3886593],[-123.2061891,49.3886806],[-123.2061879,49.388705],[-123.20614,49.3887331],[-123.20605,49.3887524],[-123.2058977,49.3887574],[-123.20585,49.388799],[-123.2057006,49.3888152],[-123.2055613,49.3888042],[-123.2055239,49.3887815]]]}},{"type":"Feature","id":"87662387","properties":{"kind":"wood","name":"","osmWayId":"87662387"},"geometry":{"type":"Polygon","coordinates":[[[-123.2097308,49.3939266],[-123.2100206,49.393697],[-123.2106125,49.3934096],[-123.2106815,49.3934625],[-123.2103886,49.3936521],[-123.2101555,49.3938327],[-123.2099669,49.3940044],[-123.2097308,49.3939266]]]}},{"type":"Feature","id":"87662388","properties":{"kind":"wood","name":"","osmWayId":"87662388"},"geometry":{"type":"Polygon","coordinates":[[[-123.2026845,49.3933315],[-123.2026627,49.3928439],[-123.2024705,49.3929383],[-123.2024669,49.3931426],[-123.2026845,49.3933315]]]}},{"type":"Feature","id":"87662389","properties":{"kind":"wood","name":"","osmWayId":"87662389"},"geometry":{"type":"Polygon","coordinates":[[[-123.2035018,49.387905],[-123.2040255,49.3872896],[-123.2032433,49.3870667],[-123.2024226,49.3869634],[-123.2019488,49.3868424],[-123.2016042,49.3868365],[-123.2013706,49.3867701],[-123.2010668,49.3867627],[-123.2008378,49.3869973],[-123.200627,49.3871095],[-123.2007404,49.3871966],[-123.2010238,49.3872659],[-123.2012731,49.3873043],[-123.2016903,49.3873191],[-123.2024022,49.3874888],[-123.2029146,49.3876201],[-123.2030642,49.3877707],[-123.2035018,49.387905]]]}},{"type":"Feature","id":"87662390","properties":{"kind":"wood","name":"","osmWayId":"87662390"},"geometry":{"type":"Polygon","coordinates":[[[-123.2054516,49.3881499],[-123.2055423,49.3879256],[-123.2053994,49.3876467],[-123.2044993,49.3873161],[-123.204259,49.3872748],[-123.2038555,49.387843],[-123.20369,49.3879227],[-123.2038101,49.3880112],[-123.2042137,49.3881647],[-123.2050843,49.3881765],[-123.2054516,49.3881499]]]}},{"type":"Feature","id":"87662391","properties":{"kind":"wood","name":"","osmWayId":"87662391"},"geometry":{"type":"Polygon","coordinates":[[[-123.2135746,49.3931833],[-123.2130864,49.3933997],[-123.2126372,49.3937583],[-123.2124965,49.3938012],[-123.2124096,49.3939474],[-123.2130265,49.3941189],[-123.2134787,49.3942008],[-123.2135746,49.3940682],[-123.2135027,49.3939376],[-123.2132871,49.3937953],[-123.2136824,49.3935049],[-123.2137453,49.3933529],[-123.2135746,49.3931833]]]}},{"type":"Feature","id":"87662392","properties":{"kind":"wood","name":"","osmWayId":"87662392"},"geometry":{"type":"Polygon","coordinates":[[[-123.208639,49.3937688],[-123.2089385,49.3934277],[-123.2085821,49.3931002],[-123.2084204,49.3929716],[-123.2085582,49.3932893],[-123.2085791,49.3937435],[-123.208639,49.3937688]]]}},{"type":"Feature","id":"87662393","properties":{"kind":"wood","name":"","osmWayId":"87662393"},"geometry":{"type":"Polygon","coordinates":[[[-123.2075106,49.3891034],[-123.2077401,49.3890868],[-123.2080377,49.3891735],[-123.2087717,49.3895941],[-123.2090041,49.3897804],[-123.2080122,49.3897232],[-123.2076013,49.3893469],[-123.2075106,49.3891034]]]}},{"type":"Feature","id":"87662394","properties":{"kind":"wood","name":"","osmWayId":"87662394"},"geometry":{"type":"Polygon","coordinates":[[[-123.2053365,49.3888919],[-123.205396,49.3886761],[-123.2050616,49.3884639],[-123.204798,49.3884473],[-123.2042454,49.3884897],[-123.2039677,49.3884141],[-123.2038572,49.3883514],[-123.2036928,49.3883514],[-123.2034037,49.3882389],[-123.2032932,49.3885543],[-123.2031997,49.3888495],[-123.2036446,49.3888476],[-123.2042142,49.3888734],[-123.2048122,49.3889657],[-123.205175,49.3889472],[-123.2053365,49.3888919]]]}},{"type":"Feature","id":"87662395","properties":{"kind":"wood","name":"","osmWayId":"87662395"},"geometry":{"type":"Polygon","coordinates":[[[-123.2054271,49.3969475],[-123.2052592,49.3969022],[-123.2050999,49.396836],[-123.2048186,49.3967178],[-123.2047475,49.3967486],[-123.2047113,49.3967922],[-123.2046921,49.396837],[-123.2046444,49.3968475],[-123.2045993,49.3968372],[-123.2044773,49.3968592],[-123.2044675,49.3968885],[-123.2044957,49.3969119],[-123.2046585,49.3969089],[-123.2049077,49.3969026],[-123.2050417,49.3969039],[-123.2052072,49.3969417],[-123.2053745,49.3969757],[-123.2054693,49.3969998],[-123.2055318,49.3970249],[-123.2055649,49.3970262],[-123.2055474,49.3969936],[-123.2054271,49.3969475]]]}},{"type":"Feature","id":"87662396","properties":{"kind":"wood","name":"","osmWayId":"87662396"},"geometry":{"type":"Polygon","coordinates":[[[-123.2030041,49.3887904],[-123.2025649,49.3887701],[-123.2022135,49.3888273],[-123.2002325,49.388475],[-123.200037,49.3883864],[-123.1997422,49.3883422],[-123.1996544,49.3883717],[-123.1991669,49.3882684],[-123.1991159,49.3881706],[-123.199371,49.3880618],[-123.1998443,49.3876836],[-123.200071,49.38756],[-123.2003969,49.3875397],[-123.2006264,49.3876061],[-123.2010544,49.3876135],[-123.2016977,49.387702],[-123.2024118,49.3879123],[-123.2028426,49.38813],[-123.2033102,49.3881835],[-123.2030835,49.3886023],[-123.2030041,49.3887904]]]}},{"type":"Feature","id":"87662397","properties":{"kind":"wood","name":"","osmWayId":"87662397"},"geometry":{"type":"Polygon","coordinates":[[[-123.2009929,49.3924004],[-123.2012931,49.3923239],[-123.2012841,49.3923714],[-123.2010642,49.3924346],[-123.2009929,49.3924004]]]}},{"type":"Feature","id":"87662398","properties":{"kind":"wood","name":"","osmWayId":"87662398"},"geometry":{"type":"Polygon","coordinates":[[[-123.2062271,49.38942],[-123.2063729,49.389378],[-123.2064235,49.389326],[-123.2065275,49.3891905],[-123.20654,49.3891318],[-123.2065378,49.3891023],[-123.2065173,49.389087],[-123.206485,49.389087],[-123.2064315,49.3891137],[-123.2062842,49.3892311],[-123.2062579,49.3892807],[-123.2062454,49.389336],[-123.2062088,49.3893689],[-123.2061662,49.3893804],[-123.2061333,49.3894075],[-123.2061003,49.3894524],[-123.2061113,49.3894619],[-123.2061274,49.3894634],[-123.2061699,49.3894419],[-123.2062271,49.38942]]]}},{"type":"Feature","id":"87662399","properties":{"kind":"wood","name":"","osmWayId":"87662399"},"geometry":{"type":"Polygon","coordinates":[[[-123.2112593,49.3938389],[-123.2109296,49.3938427],[-123.2108012,49.393824],[-123.2104638,49.39393],[-123.2104063,49.3940435],[-123.2104677,49.3941059],[-123.2109852,49.3940348],[-123.2112727,49.3939175],[-123.2112593,49.3938389]]]}},{"type":"Feature","id":"87662400","properties":{"kind":"wood","name":"","osmWayId":"87662400"},"geometry":{"type":"Polygon","coordinates":[[[-123.2062315,49.3899776],[-123.2062945,49.389823],[-123.206252,49.3897744],[-123.2061728,49.3897162],[-123.2061128,49.38972],[-123.2060189,49.38974],[-123.2059735,49.3897725],[-123.2059471,49.3898383],[-123.2059984,49.3899804],[-123.2060556,49.3900444],[-123.2060805,49.3901054],[-123.206104,49.3901274],[-123.2061347,49.3901207],[-123.2061391,49.3900911],[-123.2061303,49.3900453],[-123.2061538,49.39001],[-123.2062315,49.3899776]]]}},{"type":"Feature","id":"87662401","properties":{"kind":"wood","name":"","osmWayId":"87662401"},"geometry":{"type":"Polygon","coordinates":[[[-123.2065935,49.3905898],[-123.2066091,49.3904962],[-123.2066357,49.390396],[-123.2066318,49.3902764],[-123.2066482,49.3901823],[-123.2067171,49.3899335],[-123.2067397,49.3897804],[-123.2073122,49.3897509],[-123.2078676,49.3900239],[-123.2076636,49.3900977],[-123.2077259,49.39026],[-123.2082247,49.3905459],[-123.2083097,49.3905607],[-123.207862,49.3907636],[-123.2074879,49.3907654],[-123.207213,49.390865],[-123.2071677,49.3910661],[-123.2072272,49.3913317],[-123.2070608,49.3913027],[-123.2067851,49.3910163],[-123.2065935,49.3905898]]]}},{"type":"Feature","id":"87662402","properties":{"kind":"wood","name":"","osmWayId":"87662402"},"geometry":{"type":"Polygon","coordinates":[[[-123.2099657,49.3928878],[-123.2095944,49.3925038],[-123.2094207,49.3923868],[-123.2090074,49.3922075],[-123.2086899,49.3921568],[-123.2082826,49.3919463],[-123.208058,49.3917845],[-123.2075849,49.391648],[-123.2072435,49.3921704],[-123.2077975,49.3925135],[-123.2083246,49.3928585],[-123.2085791,49.3929891],[-123.2089295,49.3933478],[-123.209226,49.3931139],[-123.2096063,49.3930203],[-123.2099657,49.3928878]]]}},{"type":"Feature","id":"87662403","properties":{"kind":"wood","name":"","osmWayId":"87662403"},"geometry":{"type":"Polygon","coordinates":[[[-123.2086547,49.3941351],[-123.2087136,49.3940808],[-123.2088191,49.3941399],[-123.2087296,49.394179],[-123.2086547,49.3941351]]]}},{"type":"Feature","id":"87662404","properties":{"kind":"wood","name":"","osmWayId":"87662404"},"geometry":{"type":"Polygon","coordinates":[[[-123.2095008,49.3941631],[-123.2095437,49.3941391],[-123.2096097,49.3941441],[-123.2095713,49.39419],[-123.2095008,49.3941631]]]}},{"type":"Feature","id":"87662405","properties":{"kind":"wood","name":"","osmWayId":"87662405"},"geometry":{"type":"Polygon","coordinates":[[[-123.2102729,49.390945],[-123.2105573,49.3910268],[-123.2104437,49.3912983],[-123.2109513,49.3915821],[-123.211225,49.3914826],[-123.211659,49.3917086],[-123.2120082,49.3915759],[-123.2124005,49.3916792],[-123.2127329,49.3915447],[-123.2129395,49.3915447],[-123.2129425,49.3917026],[-123.2123795,49.3921393],[-123.2120201,49.3922543],[-123.2117716,49.3925213],[-123.2111876,49.3926675],[-123.2105407,49.3927221],[-123.2100615,49.3928176],[-123.2096992,49.3924667],[-123.2091122,49.3921451],[-123.2087468,49.3920983],[-123.2083665,49.3918937],[-123.2081209,49.3916987],[-123.2077735,49.3915779],[-123.2076343,49.3915093],[-123.2076192,49.3912833],[-123.2075648,49.3911261],[-123.2076237,49.3909531],[-123.2079483,49.3909246],[-123.208045,49.3908244],[-123.2088784,49.3905708],[-123.2093358,49.3906966],[-123.2097187,49.3909083],[-123.2097969,49.3909572],[-123.2098219,49.3909908],[-123.2098641,49.3910182],[-123.2099282,49.3910371],[-123.2100283,49.3910462],[-123.2101229,49.3910371],[-123.2102112,49.391005],[-123.2102729,49.390945]]]}},{"type":"Feature","id":"87662406","properties":{"kind":"wood","name":"","osmWayId":"87662406"},"geometry":{"type":"Polygon","coordinates":[[[-123.2061828,49.3911587],[-123.205786,49.3914273],[-123.2054641,49.3916427],[-123.204997,49.3919231],[-123.2048565,49.3919969],[-123.2043282,49.3917239],[-123.2041967,49.3917062],[-123.2032468,49.3921105],[-123.2030359,49.3919762],[-123.2030087,49.3917549],[-123.2031266,49.3917047],[-123.2030971,49.3916471],[-123.2030087,49.3916501],[-123.2029362,49.3913225],[-123.2029562,49.3911658],[-123.203766,49.3911115],[-123.2042761,49.3908931],[-123.204428,49.3909137],[-123.204582,49.3908377],[-123.2047499,49.3907706],[-123.2052918,49.3906732],[-123.2055888,49.3905787],[-123.2056341,49.3904504],[-123.2057815,49.3903958],[-123.2059243,49.3904076],[-123.2060082,49.3905669],[-123.2059765,49.3908045],[-123.2060558,49.390809],[-123.2061828,49.3911587]]]}},{"type":"Feature","id":"87662407","properties":{"kind":"wood","name":"","osmWayId":"87662407"},"geometry":{"type":"Polygon","coordinates":[[[-123.2088117,49.3938453],[-123.2089405,49.3937775],[-123.2090558,49.3939411],[-123.2092631,49.3939818],[-123.2090105,49.39408],[-123.208878,49.3939874],[-123.2088117,49.3938453]]]}},{"type":"Feature","id":"87662408","properties":{"kind":"wood","name":"","osmWayId":"87662408"},"geometry":{"type":"Polygon","coordinates":[[[-123.2030769,49.3976067],[-123.2031788,49.3975481],[-123.2032271,49.3974552],[-123.2032724,49.3973909],[-123.2032598,49.3973496],[-123.2032002,49.3973145],[-123.203005,49.397308],[-123.202786,49.3973706],[-123.2027756,49.3974145],[-123.2027608,49.3974589],[-123.2027914,49.3975311],[-123.2029586,49.397616],[-123.2030769,49.3976067]]]}},{"type":"Feature","id":"87662409","properties":{"kind":"wood","name":"","osmWayId":"87662409"},"geometry":{"type":"Polygon","coordinates":[[[-123.2058667,49.392084],[-123.2059384,49.3922411],[-123.2059597,49.3924279],[-123.2061967,49.3928932],[-123.2061737,49.3930519],[-123.2062558,49.3931068],[-123.2063488,49.3931974],[-123.2063824,49.3932381],[-123.2063989,49.3932676],[-123.2063996,49.3932966],[-123.2063957,49.3933327],[-123.2063738,49.3933617],[-123.2063246,49.3933872],[-123.2061526,49.393433],[-123.2061378,49.3934523],[-123.2061409,49.393496],[-123.2062439,49.3936379],[-123.2065638,49.3943228],[-123.2066709,49.3944591],[-123.2068202,49.3946342],[-123.2068397,49.394684],[-123.2068436,49.3947176],[-123.2068241,49.3947491],[-123.2066521,49.3948718],[-123.2066302,49.395062],[-123.2068101,49.3950101],[-123.2076712,49.3944267],[-123.2079926,49.3941791],[-123.2079719,49.3937933],[-123.2081489,49.3934978],[-123.2080191,49.3929892],[-123.2078275,49.3927608],[-123.2071404,49.3925151],[-123.2067393,49.3920756],[-123.2064297,49.3917224],[-123.2061597,49.3916451],[-123.2060103,49.391727],[-123.2059165,49.3918048],[-123.2058814,49.3918461],[-123.2058667,49.392084]]]}},{"type":"Feature","id":"87662410","properties":{"kind":"wood","name":"","osmWayId":"87662410"},"geometry":{"type":"Polygon","coordinates":[[[-123.2114337,49.3935607],[-123.2115238,49.3935096],[-123.211633,49.3935021],[-123.2116253,49.3935645],[-123.2114969,49.3935969],[-123.2114337,49.3935607]]]}},{"type":"Feature","id":"87662411","properties":{"kind":"wood","name":"","osmWayId":"87662411"},"geometry":{"type":"Polygon","coordinates":[[[-123.2091742,49.3935713],[-123.2093413,49.3933138],[-123.2097891,49.3932469],[-123.2100175,49.3934545],[-123.2094993,49.3938108],[-123.2093214,49.3937409],[-123.2091742,49.3935713]]]}},{"type":"Feature","id":"87662412","properties":{"kind":"wood","name":"","osmWayId":"87662412"},"geometry":{"type":"Polygon","coordinates":[[[-123.2107053,49.3933836],[-123.2109104,49.3933175],[-123.21115,49.3933986],[-123.2114088,49.3932938],[-123.2114183,49.3933162],[-123.2112401,49.3934759],[-123.2110599,49.3935283],[-123.210966,49.3935083],[-123.2107053,49.3933836]]]}},{"type":"Feature","id":"87662413","properties":{"kind":"wood","name":"","osmWayId":"87662413"},"geometry":{"type":"Polygon","coordinates":[[[-123.2028772,49.3917372],[-123.2027865,49.3911469],[-123.2019567,49.3912103],[-123.2017731,49.3911395],[-123.200941,49.3911941],[-123.2004022,49.3912046],[-123.2004753,49.3915401],[-123.2004986,49.3916806],[-123.2006534,49.3920892],[-123.2008141,49.3922463],[-123.2011111,49.3922463],[-123.2018411,49.3920426],[-123.2024147,49.3917888],[-123.2025938,49.3918109],[-123.2028772,49.3917372]]]}},{"type":"Feature","id":"87662414","properties":{"kind":"wood","name":"","osmWayId":"87662414"},"geometry":{"type":"Polygon","coordinates":[[[-123.2114107,49.3927998],[-123.2106248,49.3929382],[-123.2102511,49.3930954],[-123.2105175,49.3932626],[-123.2110542,49.3930792],[-123.2114413,49.3928372],[-123.2114107,49.3927998]]]}},{"type":"Feature","id":"87662415","properties":{"kind":"wood","name":"","osmWayId":"87662415"},"geometry":{"type":"Polygon","coordinates":[[[-123.2051454,49.3967554],[-123.2053792,49.3965671],[-123.2057319,49.3965671],[-123.2057644,49.3967978],[-123.2056418,49.3969263],[-123.2051454,49.3967554]]]}},{"type":"Feature","id":"87662416","properties":{"kind":"wood","name":"","osmWayId":"87662416"},"geometry":{"type":"Polygon","coordinates":[[[-123.2040176,49.3938698],[-123.203956,49.393623],[-123.2038072,49.39342],[-123.2036603,49.3931355],[-123.2033538,49.3926952],[-123.2033266,49.392609],[-123.2043912,49.3922097],[-123.2047631,49.3920842],[-123.2048674,49.3921462],[-123.20528,49.3919396],[-123.205543,49.3921285],[-123.2056201,49.3922761],[-123.2056291,49.392707],[-123.2057448,49.3930272],[-123.2056201,49.3933356],[-123.2054616,49.3934575],[-123.2054115,49.3934964],[-123.2052573,49.3935938],[-123.2046293,49.393948],[-123.2045477,49.3939553],[-123.2040176,49.3938698]]]}},{"type":"Feature","id":"87662418","properties":{"kind":"wood","name":"","osmWayId":"87662418"},"geometry":{"type":"Polygon","coordinates":[[[-123.2081539,49.3899132],[-123.2083523,49.3898874],[-123.2091684,49.3899962],[-123.209449,49.3901936],[-123.2094632,49.3902895],[-123.2092195,49.390402],[-123.2089247,49.3904186],[-123.208613,49.3903006],[-123.2082814,49.3901032],[-123.2081539,49.3899132]]]}},{"type":"Feature","id":"87662419","properties":{"kind":"wood","name":"","osmWayId":"87662419"},"geometry":{"type":"Polygon","coordinates":[[[-123.2093441,49.3938964],[-123.209116,49.393625],[-123.2089418,49.3936777],[-123.2091135,49.3939028],[-123.2092546,49.3939363],[-123.2093441,49.3938964]]]}},{"type":"Feature","id":"87662422","properties":{"kind":"wood","name":"","osmWayId":"87662422"},"geometry":{"type":"Polygon","coordinates":[[[-123.2101802,49.3933699],[-123.2102856,49.3932476],[-123.2101476,49.3932439],[-123.2101073,49.393204],[-123.2101054,49.3931591],[-123.2101284,49.3931241],[-123.2100613,49.3930805],[-123.2099828,49.3932389],[-123.2100575,49.3933312],[-123.2101802,49.3933699]]]}},{"type":"Feature","id":"87662423","properties":{"kind":"wood","name":"","osmWayId":"87662423"},"geometry":{"type":"Polygon","coordinates":[[[-123.2118438,49.3930455],[-123.212047,49.3928796],[-123.2122193,49.3927953],[-123.2127326,49.3928876],[-123.2125894,49.3930755],[-123.2122981,49.3933424],[-123.2121946,49.3933013],[-123.2118438,49.3930455]]]}},{"type":"Feature","id":"87662425","properties":{"kind":"wood","name":"","osmWayId":"87662425"},"geometry":{"type":"Polygon","coordinates":[[[-123.202797,49.3935156],[-123.2027371,49.3928108],[-123.2031978,49.3926786],[-123.2034789,49.3930068],[-123.203702,49.3933905],[-123.2038489,49.3936384],[-123.203858,49.3937907],[-123.2037728,49.393819],[-123.2033991,49.3936337],[-123.2031797,49.3936455],[-123.2028641,49.3935487],[-123.202797,49.3935156]]]}},{"type":"Feature","id":"87860750","properties":{"kind":"path","name":"Upper Powerline","osmWayId":"87860750"},"geometry":{"type":"LineString","coordinates":[[-123.185756,49.3820757],[-123.186057,49.3819083],[-123.1862931,49.3817815],[-123.1864866,49.381698],[-123.1866069,49.3815915],[-123.1868678,49.3812363],[-123.1870362,49.381057],[-123.1871825,49.3809244],[-123.1872745,49.3808733],[-123.1873334,49.3808261]]}},{"type":"Feature","id":"87860756","properties":{"kind":"path","name":"Russell's Coaster","osmWayId":"87860756"},"geometry":{"type":"LineString","coordinates":[[-123.185363,49.382355],[-123.1853553,49.3825024],[-123.1853407,49.382605],[-123.1852243,49.3826808],[-123.1850109,49.3826934],[-123.1847805,49.3827297],[-123.1845489,49.3827829]]}},{"type":"Feature","id":"87860762","properties":{"kind":"path","name":"","osmWayId":"87860762"},"geometry":{"type":"LineString","coordinates":[[-123.1862931,49.3817815],[-123.1862902,49.3819014],[-123.186347,49.3820587],[-123.1862703,49.3824154],[-123.186234,49.3824908],[-123.1859732,49.3825685],[-123.1858085,49.3826278],[-123.1854527,49.3828604],[-123.1853359,49.3829128],[-123.1851685,49.3829523],[-123.1850454,49.3829525],[-123.1848751,49.3829349],[-123.1847053,49.3828734],[-123.1845489,49.3827829],[-123.1845432,49.3827811]]}},{"type":"Feature","id":"87860774","properties":{"kind":"wood","name":"","osmWayId":"87860774"},"geometry":{"type":"Polygon","coordinates":[[[-123.1882758,49.380287],[-123.18811,49.3801359],[-123.1880911,49.3796148],[-123.1881953,49.3793465],[-123.1878258,49.3791029],[-123.1875416,49.3787175],[-123.1872953,49.3784122],[-123.1871106,49.3782457],[-123.1872101,49.3779095],[-123.186997,49.3777615],[-123.1868312,49.3777739],[-123.1865849,49.3777122],[-123.1863623,49.3773977],[-123.1859123,49.3770985],[-123.1858602,49.3772219],[-123.185775,49.3776659],[-123.1857276,49.3782919],[-123.1856897,49.3784153],[-123.1861965,49.3782673],[-123.1863718,49.3783073],[-123.1866417,49.3787822],[-123.1870538,49.3790382],[-123.1873048,49.379365],[-123.1872859,49.3795501],[-123.1875038,49.3796796],[-123.1875068,49.3798389],[-123.187877,49.3800838],[-123.1880295,49.3804844],[-123.1882758,49.380287]]]}},{"type":"Feature","id":"87860780","properties":{"kind":"wood","name":"","osmWayId":"87860780"},"geometry":{"type":"Polygon","coordinates":[[[-123.1811227,49.388145],[-123.1812076,49.3880408],[-123.18113,49.3880456],[-123.1810888,49.3881134],[-123.1811227,49.388145]]]}},{"type":"Feature","id":"87860787","properties":{"kind":"wood","name":"","osmWayId":"87860787"},"geometry":{"type":"Polygon","coordinates":[[[-123.1815544,49.387793],[-123.181421,49.3877409],[-123.1812731,49.3878246],[-123.1809869,49.3876241],[-123.1809409,49.3874615],[-123.1806984,49.3873936],[-123.1805122,49.3875021],[-123.1804816,49.3877473],[-123.180421,49.3878335],[-123.1805747,49.3878293],[-123.1809603,49.3879698],[-123.181164,49.3879887],[-123.181358,49.3879335],[-123.1815544,49.387793]]]}},{"type":"Feature","id":"87860793","properties":{"kind":"wood","name":"Sitzmark Glade","osmWayId":"87860793"},"geometry":{"type":"Polygon","coordinates":[[[-123.1879427,49.3805314],[-123.1875896,49.3800275],[-123.1873451,49.3798847],[-123.1871123,49.3795412],[-123.1871899,49.3793631],[-123.1870367,49.3791282],[-123.1865478,49.3788086],[-123.1863033,49.378364],[-123.1861889,49.3783463],[-123.1857069,49.3785116],[-123.1855533,49.3793073],[-123.1857892,49.3793909],[-123.186282,49.3794667],[-123.1866021,49.3795955],[-123.1869435,49.3799466],[-123.1872675,49.3802851],[-123.1876187,49.380496],[-123.1878651,49.3805706],[-123.1879427,49.3805314]]]}},{"type":"Feature","id":"87860805","properties":{"kind":"path","name":"Sitzmark","osmWayId":"87860805"},"geometry":{"type":"LineString","coordinates":[[-123.1879255,49.380668],[-123.1876033,49.380537],[-123.187379,49.3804127],[-123.1872243,49.3803233]]}},{"type":"Feature","id":"87860807","properties":{"kind":"path","name":"","osmWayId":"87860807"},"geometry":{"type":"LineString","coordinates":[[-123.186234,49.3824908],[-123.1862299,49.3825476],[-123.1861676,49.3827897],[-123.1862096,49.3828616]]}},{"type":"Feature","id":"87860818","properties":{"kind":"wood","name":"Sitzmark Island","osmWayId":"87860818"},"geometry":{"type":"Polygon","coordinates":[[[-123.1874111,49.3808042],[-123.1876012,49.3807651],[-123.187836,49.3806362],[-123.1875546,49.3805466],[-123.1872598,49.3803786],[-123.1872268,49.3805794],[-123.1873121,49.3807221],[-123.1874111,49.3808042]]]}},{"type":"Feature","id":"88762634","properties":{"kind":"wood","name":"","osmWayId":"88762634"},"geometry":{"type":"Polygon","coordinates":[[[-123.1941645,49.4034375],[-123.1939882,49.4032533],[-123.1940682,49.4032128],[-123.1941709,49.4032147],[-123.1942802,49.4031977],[-123.1943758,49.40319],[-123.1946728,49.403277],[-123.1944649,49.4036603],[-123.1943659,49.4036603],[-123.1941645,49.4034375]]]}},{"type":"Feature","id":"88762635","properties":{"kind":"wood","name":"","osmWayId":"88762635"},"geometry":{"type":"Polygon","coordinates":[[[-123.1976972,49.402448],[-123.1971896,49.4027028],[-123.1969595,49.4028011],[-123.19691,49.4027702],[-123.1971951,49.4025795],[-123.1973535,49.402461],[-123.1976288,49.402412],[-123.1976972,49.402448]]]}},{"type":"Feature","id":"88762636","properties":{"kind":"wood","name":"","osmWayId":"88762636"},"geometry":{"type":"Polygon","coordinates":[[[-123.1994809,49.4023065],[-123.1995099,49.4021869],[-123.1998628,49.402146],[-123.1999112,49.4021869],[-123.1998,49.4023222],[-123.1994809,49.4023065]]]}},{"type":"Feature","id":"88762637","properties":{"kind":"wood","name":"","osmWayId":"88762637"},"geometry":{"type":"Polygon","coordinates":[[[-123.1965176,49.4023588],[-123.1962899,49.4020866],[-123.1961092,49.4019916],[-123.1961092,49.4022074],[-123.1961934,49.4023829],[-123.1964235,49.4024039],[-123.1965176,49.4023588]]]}},{"type":"Feature","id":"90718278","properties":{"kind":"path","name":"","osmWayId":"90718278"},"geometry":{"type":"LineString","coordinates":[[-123.1971125,49.4101302],[-123.1969181,49.4100589],[-123.1968699,49.4098379],[-123.1971805,49.4096119],[-123.197197,49.4095493],[-123.1971434,49.4094236],[-123.196961,49.409305],[-123.1968322,49.4092142],[-123.1967971,49.4091731],[-123.1967782,49.4091393],[-123.1967649,49.4091135],[-123.1967674,49.4090917],[-123.1967724,49.4090714],[-123.1967878,49.4090484],[-123.1968063,49.4090373],[-123.1968674,49.4090155],[-123.1969263,49.4090069],[-123.1969943,49.4090066],[-123.1970698,49.4090146],[-123.1971889,49.4090495],[-123.1972358,49.409078],[-123.1973724,49.4091316],[-123.1974669,49.4091519],[-123.1975843,49.409163],[-123.1976614,49.4091676],[-123.1977405,49.4091477],[-123.1977906,49.4091124],[-123.1978178,49.4090633],[-123.1978323,49.4089949],[-123.1978107,49.4088673],[-123.1977634,49.4087451],[-123.1977013,49.4086348],[-123.1976292,49.4084924],[-123.1975511,49.4083975],[-123.1974941,49.4083288],[-123.1974173,49.4082555],[-123.1973049,49.4081578],[-123.1972376,49.4081163],[-123.1971995,49.4080803],[-123.1971729,49.4080521],[-123.1971733,49.408008],[-123.1971999,49.4079751],[-123.1972374,49.4079533],[-123.1973118,49.4079337],[-123.1974061,49.407924],[-123.1975973,49.4079253],[-123.1976866,49.4079384],[-123.1978101,49.4079692],[-123.1979928,49.4080275],[-123.1983557,49.4081601],[-123.1986669,49.4082229],[-123.1990638,49.4083346],[-123.1992291,49.4083968],[-123.1993661,49.408417],[-123.1994547,49.4084193],[-123.1995057,49.4084111],[-123.1995487,49.4083933],[-123.1995843,49.4083681],[-123.1996016,49.4083151],[-123.1995936,49.4082644],[-123.1995832,49.408217],[-123.1995237,49.4080908],[-123.1994579,49.4079493],[-123.1993855,49.4078469],[-123.1993151,49.4077292]]}},{"type":"Feature","id":"90718280","properties":{"kind":"path","name":"","osmWayId":"90718280"},"geometry":{"type":"LineString","coordinates":[[-123.1996429,49.4025402],[-123.199482,49.4025122],[-123.1991548,49.4024389],[-123.1988651,49.4023028],[-123.1984306,49.4022749],[-123.19798,49.4023133],[-123.1977386,49.4024773],[-123.1974811,49.402603],[-123.1969983,49.402795],[-123.1966979,49.4029521],[-123.196435,49.4030568],[-123.1962472,49.4031685],[-123.1960059,49.4031022],[-123.1957215,49.4030708],[-123.1953568,49.4030673],[-123.1950617,49.4030987],[-123.1948793,49.4032174],[-123.1947935,49.4033326],[-123.1946487,49.4035316],[-123.1945414,49.4037515],[-123.1944877,49.4039365],[-123.1944555,49.4041634],[-123.1946165,49.404303],[-123.1947064,49.4043804]]}},{"type":"Feature","id":"90745984","properties":{"kind":"wood","name":"","osmWayId":"90745984"},"geometry":{"type":"Polygon","coordinates":[[[-123.1875301,49.3819217],[-123.1873542,49.3820662],[-123.1873686,49.3822296],[-123.1874234,49.3822277],[-123.1874379,49.3820681],[-123.1875734,49.3819498],[-123.1875301,49.3819217]]]}},{"type":"Feature","id":"90745985","properties":{"kind":"wood","name":"","osmWayId":"90745985"},"geometry":{"type":"Polygon","coordinates":[[[-123.1889334,49.3810896],[-123.188795,49.3811685],[-123.188848,49.3812009],[-123.1888775,49.3812189],[-123.1889767,49.3811103],[-123.1889334,49.3810896]]]}},{"type":"Feature","id":"90745986","properties":{"kind":"wood","name":"","osmWayId":"90745986"},"geometry":{"type":"Polygon","coordinates":[[[-123.1885701,49.3813186],[-123.1884287,49.3814125],[-123.1884576,49.3814275],[-123.1886133,49.3813337],[-123.1885701,49.3813186]]]}},{"type":"Feature","id":"90745987","properties":{"kind":"wood","name":"","osmWayId":"90745987"},"geometry":{"type":"Polygon","coordinates":[[[-123.1895275,49.3806728],[-123.1901331,49.380271],[-123.1903981,49.3801067],[-123.190433,49.3800851],[-123.1905167,49.3800851],[-123.1905657,49.3799856],[-123.1906061,49.3799237],[-123.190782,49.3798317],[-123.1908887,49.3798429],[-123.1907791,49.3799481],[-123.19041,49.3802109],[-123.1900754,49.3804175],[-123.1895736,49.3806916],[-123.1895275,49.3806728]]]}},{"type":"Feature","id":"90745988","properties":{"kind":"wood","name":"","osmWayId":"90745988"},"geometry":{"type":"Polygon","coordinates":[[[-123.1883566,49.3814238],[-123.1882817,49.3814613],[-123.1883365,49.3814914],[-123.1883855,49.3814519],[-123.1883566,49.3814238]]]}},{"type":"Feature","id":"90745989","properties":{"kind":"wood","name":"","osmWayId":"90745989"},"geometry":{"type":"Polygon","coordinates":[[[-123.1917296,49.3800194],[-123.1922253,49.3799827],[-123.1929575,49.3796637],[-123.1935376,49.3793337],[-123.1936841,49.3791833],[-123.1940333,49.3789376],[-123.1943544,49.3785416],[-123.1946022,49.3780465],[-123.1947261,49.3773864],[-123.1943037,49.3776321],[-123.1942699,49.3779438],[-123.194298,49.3783876],[-123.1942811,49.3785122],[-123.1939882,49.378868],[-123.1938249,49.378978],[-123.193701,49.3789926],[-123.19347,49.379143],[-123.1931997,49.379198],[-123.1927716,49.379132],[-123.1925519,49.3792127],[-123.192259,49.3792273],[-123.1919237,49.3793207],[-123.1918603,49.3796643],[-123.1917536,49.3797375],[-123.1917296,49.3800194]]]}},{"type":"Feature","id":"90745990","properties":{"kind":"wood","name":"","osmWayId":"90745990"},"geometry":{"type":"Polygon","coordinates":[[[-123.1893545,49.3807911],[-123.1889738,49.3810408],[-123.189043,49.3810727],[-123.189392,49.3808268],[-123.1893545,49.3807911]]]}},{"type":"Feature","id":"90745993","properties":{"kind":"wood","name":"","osmWayId":"90745993"},"geometry":{"type":"Polygon","coordinates":[[[-123.1886479,49.3812698],[-123.1887517,49.3812323],[-123.1887604,49.381271],[-123.1886727,49.381295],[-123.1886479,49.3812698]]]}},{"type":"Feature","id":"91176740","properties":{"kind":"wood","name":"","osmWayId":"91176740"},"geometry":{"type":"Polygon","coordinates":[[[-123.1841881,49.3835769],[-123.1841802,49.3833339],[-123.1838623,49.3834592],[-123.1839448,49.3835756],[-123.1841881,49.3835769]]]}},{"type":"Feature","id":"91176741","properties":{"kind":"wood","name":"","osmWayId":"91176741"},"geometry":{"type":"Polygon","coordinates":[[[-123.1846178,49.38455],[-123.1849038,49.3844963],[-123.1850377,49.384659],[-123.1849476,49.3847378],[-123.184793,49.3847496],[-123.1846255,49.384654],[-123.1846178,49.38455]]]}},{"type":"Feature","id":"91176742","properties":{"kind":"wood","name":"","osmWayId":"91176742"},"geometry":{"type":"Polygon","coordinates":[[[-123.1840767,49.3829768],[-123.1838351,49.3830041],[-123.1836612,49.3830963],[-123.1836419,49.3833039],[-123.1837643,49.3834108],[-123.1838716,49.383387],[-123.1838756,49.383222],[-123.1840167,49.3832469],[-123.1840866,49.3832829],[-123.1840972,49.383252],[-123.1841117,49.3830245],[-123.1840767,49.3829768]]]}},{"type":"Feature","id":"91176744","properties":{"kind":"wood","name":"","osmWayId":"91176744"},"geometry":{"type":"Polygon","coordinates":[[[-123.1851099,49.3845215],[-123.1852825,49.3843336],[-123.1853314,49.3840737],[-123.1849089,49.3840318],[-123.1849089,49.3839412],[-123.1849579,49.3837919],[-123.18486,49.3837634],[-123.1848162,49.3839663],[-123.1848265,49.3840351],[-123.1846358,49.3841542],[-123.1845972,49.3841357],[-123.1846848,49.3839613],[-123.1846796,49.3839177],[-123.1845894,49.3838942],[-123.184422,49.3840603],[-123.1844787,49.3841995],[-123.1845869,49.3842213],[-123.1846307,49.3842615],[-123.1845611,49.3843471],[-123.1846075,49.3844712],[-123.1847981,49.3844259],[-123.1847698,49.3843236],[-123.1849553,49.3843571],[-123.1849888,49.3844829],[-123.1851099,49.3845215]]]}},{"type":"Feature","id":"91176745","properties":{"kind":"wood","name":"","osmWayId":"91176745"},"geometry":{"type":"Polygon","coordinates":[[[-123.1832568,49.3833065],[-123.1828967,49.3832584],[-123.1829231,49.3832911],[-123.1831499,49.3833426],[-123.1832805,49.38334],[-123.1832568,49.3833065]]]}},{"type":"Feature","id":"91176746","properties":{"kind":"wood","name":"","osmWayId":"91176746"},"geometry":{"type":"Polygon","coordinates":[[[-123.1846036,49.3836628],[-123.1845944,49.3834816],[-123.184324,49.3834927],[-123.1843134,49.383552],[-123.1844744,49.3836877],[-123.1846036,49.3836628]]]}},{"type":"Feature","id":"91176747","properties":{"kind":"wood","name":"","osmWayId":"91176747"},"geometry":{"type":"Polygon","coordinates":[[[-123.1815451,49.3869165],[-123.1817019,49.3866613],[-123.1817093,49.3864056],[-123.1816203,49.3863766],[-123.1815345,49.3862832],[-123.1813383,49.3863144],[-123.1813086,49.3864088],[-123.1813845,49.3864947],[-123.1813169,49.3865376],[-123.1812262,49.3865387],[-123.1812756,49.3868317],[-123.1815691,49.3867834],[-123.1815279,49.3869068],[-123.1815451,49.3869165]]]}},{"type":"Feature","id":"91176748","properties":{"kind":"wood","name":"","osmWayId":"91176748"},"geometry":{"type":"Polygon","coordinates":[[[-123.1806717,49.3833932],[-123.1808431,49.3834885],[-123.1809447,49.3834756],[-123.1810423,49.3835478],[-123.1808695,49.38368],[-123.1809183,49.3838723],[-123.1808629,49.3839144],[-123.1807851,49.3839204],[-123.1807139,49.3838818],[-123.1806967,49.3838406],[-123.180768,49.3837015],[-123.1806149,49.3836259],[-123.1806281,49.3835864],[-123.1807468,49.3835881],[-123.180735,49.3835417],[-123.1806321,49.3835323],[-123.1806717,49.3833932]]]}},{"type":"Feature","id":"91176751","properties":{"kind":"wood","name":"","osmWayId":"91176751"},"geometry":{"type":"Polygon","coordinates":[[[-123.1807953,49.3872491],[-123.1808365,49.387125],[-123.1808288,49.3870546],[-123.1806896,49.3871535],[-123.1805917,49.3871971],[-123.1805969,49.3872424],[-123.1807051,49.3872776],[-123.1807953,49.3872491]]]}},{"type":"Feature","id":"91176752","properties":{"kind":"wood","name":"","osmWayId":"91176752"},"geometry":{"type":"Polygon","coordinates":[[[-123.1851234,49.3837886],[-123.1851459,49.3837131],[-123.185059,49.3837152],[-123.1850493,49.3837697],[-123.1851234,49.3837886]]]}},{"type":"Feature","id":"91176753","properties":{"kind":"wood","name":"","osmWayId":"91176753"},"geometry":{"type":"Polygon","coordinates":[[[-123.183543,49.3832447],[-123.1834823,49.383279],[-123.1835377,49.3833091],[-123.1835813,49.3832576],[-123.183543,49.3832447]]]}},{"type":"Feature","id":"91176754","properties":{"kind":"wood","name":"","osmWayId":"91176754"},"geometry":{"type":"Polygon","coordinates":[[[-123.1832774,49.3830564],[-123.1828169,49.3830355],[-123.1827267,49.3830921],[-123.182965,49.383199],[-123.1832033,49.3832137],[-123.1832935,49.383155],[-123.1832774,49.3830564]]]}},{"type":"Feature","id":"91176758","properties":{"kind":"wood","name":"","osmWayId":"91176758"},"geometry":{"type":"Polygon","coordinates":[[[-123.1841301,49.382857],[-123.1842871,49.3828518],[-123.1843412,49.3828862],[-123.1844441,49.3828244],[-123.1845325,49.3828398],[-123.1845509,49.3829343],[-123.184543,49.3830348],[-123.1848662,49.3829961],[-123.1844889,49.383143],[-123.1842093,49.3832348],[-123.1842264,49.3830957],[-123.1842212,49.3829566],[-123.1842225,49.3828725],[-123.1841235,49.382881],[-123.1841301,49.382857]]]}},{"type":"Feature","id":"91176759","properties":{"kind":"wood","name":"","osmWayId":"91176759"},"geometry":{"type":"Polygon","coordinates":[[[-123.1849173,49.3836062],[-123.1846951,49.3836041],[-123.1847047,49.383755],[-123.1847981,49.3837613],[-123.1849237,49.383646],[-123.1849173,49.3836062]]]}},{"type":"Feature","id":"91176761","properties":{"kind":"wood","name":"","osmWayId":"91176761"},"geometry":{"type":"Polygon","coordinates":[[[-123.1854873,49.3838745],[-123.1853488,49.3837907],[-123.1853263,49.3838473],[-123.1854583,49.3838997],[-123.1854873,49.3838745]]]}},{"type":"Feature","id":"91176762","properties":{"kind":"wood","name":"","osmWayId":"91176762"},"geometry":{"type":"Polygon","coordinates":[[[-123.1821577,49.3831062],[-123.1818279,49.3831196],[-123.1813204,49.3831733],[-123.1811091,49.3830995],[-123.1811066,49.383123],[-123.1812225,49.383185],[-123.1814286,49.383232],[-123.1815909,49.3832521],[-123.181712,49.3832471],[-123.1819851,49.3832075],[-123.182218,49.3831337],[-123.1823416,49.3831015],[-123.1821577,49.3831062]]]}},{"type":"Feature","id":"91176763","properties":{"kind":"wood","name":"","osmWayId":"91176763"},"geometry":{"type":"Polygon","coordinates":[[[-123.1811716,49.3834061],[-123.1811531,49.383285],[-123.1809262,49.3831588],[-123.1808669,49.3832034],[-123.1809249,49.3832764],[-123.1810133,49.3833382],[-123.1809619,49.3834516],[-123.1810911,49.383455],[-123.1811716,49.3834061]]]}},{"type":"Feature","id":"91176765","properties":{"kind":"wood","name":"","osmWayId":"91176765"},"geometry":{"type":"Polygon","coordinates":[[[-123.1848078,49.3835181],[-123.1847337,49.3833001],[-123.1848819,49.3832623],[-123.1848915,49.3832204],[-123.1848432,49.383189],[-123.1846339,49.3832393],[-123.184592,49.3833273],[-123.1845405,49.3832938],[-123.1845791,49.3832603],[-123.1845566,49.383212],[-123.1844691,49.3832179],[-123.1843398,49.3832695],[-123.1843069,49.3833416],[-123.1843253,49.3834034],[-123.1845562,49.3834421],[-123.1847039,49.3834498],[-123.1847633,49.3835331],[-123.1848078,49.3835181]]]}},{"type":"Feature","id":"91176767","properties":{"kind":"wood","name":"","osmWayId":"91176767"},"geometry":{"type":"Polygon","coordinates":[[[-123.1817047,49.3877002],[-123.1817485,49.3875208],[-123.1819031,49.3874722],[-123.1819057,49.3873347],[-123.1820834,49.3872089],[-123.1818954,49.3870848],[-123.1815656,49.3870428],[-123.1813234,49.3869607],[-123.181344,49.3870999],[-123.1811972,49.3870848],[-123.181089,49.3871233],[-123.1809833,49.3871418],[-123.1809035,49.3871418],[-123.1808442,49.3873028],[-123.1809859,49.387333],[-123.1810297,49.3874084],[-123.1812538,49.3874319],[-123.1813492,49.387499],[-123.1814625,49.3875275],[-123.1815707,49.38766],[-123.1817047,49.3877002]]]}},{"type":"Feature","id":"91176768","properties":{"kind":"wood","name":"","osmWayId":"91176768"},"geometry":{"type":"Polygon","coordinates":[[[-123.1823272,49.3831834],[-123.1821314,49.3832692],[-123.1821932,49.3833014],[-123.1824117,49.3832089],[-123.1823272,49.3831834]]]}},{"type":"Feature","id":"91176769","properties":{"kind":"wood","name":"","osmWayId":"91176769"},"geometry":{"type":"Polygon","coordinates":[[[-123.1840816,49.3836196],[-123.1839019,49.3837055],[-123.183953,49.3837355],[-123.1840998,49.3836303],[-123.1840816,49.3836196]]]}},{"type":"Feature","id":"91176771","properties":{"kind":"wood","name":"","osmWayId":"91176771"},"geometry":{"type":"Polygon","coordinates":[[[-123.1809084,49.3864099],[-123.1810259,49.3864219],[-123.1813412,49.3861952],[-123.1812897,49.3859993],[-123.1812691,49.3858169],[-123.1812093,49.3855311],[-123.1811557,49.3854841],[-123.1811557,49.3853915],[-123.1813536,49.3852185],[-123.1814608,49.3852238],[-123.1815391,49.38515],[-123.1816331,49.3851076],[-123.1816595,49.384864],[-123.1818276,49.3847438],[-123.1818013,49.3845345],[-123.181981,49.3844937],[-123.1818903,49.3846525],[-123.1819183,49.3846772],[-123.1821954,49.3845209],[-123.1824685,49.3844102],[-123.182502,49.3842006],[-123.1826334,49.38411],[-123.1827416,49.3839808],[-123.1826875,49.3838836],[-123.1828163,49.3838752],[-123.1828652,49.3837796],[-123.1832259,49.3836622],[-123.1829966,49.3835179],[-123.182873,49.3835649],[-123.1827158,49.383466],[-123.1826102,49.3835683],[-123.182569,49.3835565],[-123.1825303,49.3834609],[-123.1823963,49.3834894],[-123.1824633,49.3835985],[-123.1823629,49.3836068],[-123.1822727,49.3834559],[-123.1821774,49.3834861],[-123.1820898,49.3834861],[-123.182064,49.3834224],[-123.1820357,49.3833469],[-123.1819171,49.383315],[-123.1815513,49.3833251],[-123.1813735,49.3833284],[-123.1812859,49.3833905],[-123.1813967,49.3835247],[-123.1814483,49.383731],[-123.1813735,49.3836924],[-123.181255,49.3834676],[-123.1811752,49.3835481],[-123.1810953,49.3836354],[-123.1809974,49.3837628],[-123.181018,49.3839456],[-123.181103,49.3839154],[-123.1811185,49.3837578],[-123.1811649,49.3838081],[-123.1813066,49.3839792],[-123.1813658,49.3840597],[-123.181523,49.3841955],[-123.1815127,49.3842743],[-123.1814637,49.3842928],[-123.1814019,49.3842693],[-123.1813426,49.3842207],[-123.1812226,49.3842485],[-123.1811424,49.3843389],[-123.1810268,49.3844243],[-123.1808207,49.3845021],[-123.1807176,49.3845678],[-123.1805651,49.3845585],[-123.180493,49.3845169],[-123.1805404,49.3844578],[-123.1804291,49.3843223],[-123.1804332,49.3840553],[-123.1803054,49.3842096],[-123.1803075,49.3843076],[-123.1802415,49.3842968],[-123.1801735,49.3844256],[-123.1801694,49.3845907],[-123.1800725,49.3845866],[-123.1801014,49.3846765],[-123.1803281,49.3847812],[-123.1801817,49.3848],[-123.1800272,49.3846873],[-123.1799571,49.3848067],[-123.1799736,49.3848912],[-123.1799055,49.3848778],[-123.1798623,49.3849569],[-123.1799715,49.3851327],[-123.1797324,49.3852481],[-123.1798417,49.3852816],[-123.1799055,49.3852937],[-123.1797901,49.3853286],[-123.1796871,49.3853259],[-123.1796694,49.3853181],[-123.1794504,49.3855533],[-123.1793304,49.385707],[-123.1791444,49.3859913],[-123.1789096,49.3861106],[-123.1789096,49.386254],[-123.1788093,49.3863107],[-123.1787619,49.3865743],[-123.1787922,49.3867752],[-123.1788779,49.3868061],[-123.1789346,49.3868731],[-123.178812,49.3869203],[-123.178841,49.3869469],[-123.1789663,49.3869538],[-123.1789465,49.3870148],[-123.1788885,49.3871118],[-123.1789096,49.3872123],[-123.1792565,49.38736],[-123.1796113,49.3873952],[-123.1803289,49.3873926],[-123.1804138,49.3873517],[-123.1804653,49.3872484],[-123.1804467,49.3871907],[-123.1805333,49.3871706],[-123.1804983,49.3870941],[-123.1804962,49.3869237],[-123.1803911,49.386909],[-123.1802241,49.3869049],[-123.1798779,49.3868835],[-123.1798016,49.3868741],[-123.1798985,49.3868379],[-123.1803416,49.386854],[-123.1803457,49.3868057],[-123.180253,49.38676],[-123.1804138,49.3867225],[-123.1805683,49.3867574],[-123.1805807,49.3866138],[-123.1808734,49.3865387],[-123.1809084,49.3864099]]]}},{"type":"Feature","id":"91176773","properties":{"kind":"wood","name":"","osmWayId":"91176773"},"geometry":{"type":"Polygon","coordinates":[[[-123.1835157,49.3834407],[-123.183303,49.3835351],[-123.1833343,49.3836124],[-123.1834546,49.3835856],[-123.1835849,49.3834954],[-123.1835157,49.3834407]]]}},{"type":"Feature","id":"91176774","properties":{"kind":"wood","name":"","osmWayId":"91176774"},"geometry":{"type":"Polygon","coordinates":[[[-123.1832977,49.3832335],[-123.1834612,49.3831116],[-123.1835298,49.383018],[-123.1835958,49.3830575],[-123.1835509,49.3831227],[-123.1833689,49.3832687],[-123.1833095,49.3832739],[-123.1832977,49.3832335]]]}},{"type":"Feature","id":"91317017","properties":{"kind":"path","name":"","osmWayId":"91317017"},"geometry":{"type":"LineString","coordinates":[[-123.2000335,49.4019999],[-123.1997889,49.4019657],[-123.1996217,49.4018589],[-123.1994638,49.4016735],[-123.1992254,49.4014076],[-123.1989437,49.4012283],[-123.1988508,49.4011417],[-123.1988539,49.400912]]}},{"type":"Feature","id":"91317022","properties":{"kind":"path","name":"","osmWayId":"91317022"},"geometry":{"type":"LineString","coordinates":[[-123.2028049,49.3972385],[-123.2026974,49.3973637],[-123.2026563,49.3974711],[-123.202659,49.3975512],[-123.2026918,49.3976292],[-123.2027746,49.3977745],[-123.2028391,49.3979431],[-123.2028613,49.3980278],[-123.2028661,49.3980727],[-123.2028733,49.3981394],[-123.2029121,49.3982628],[-123.2029029,49.3983952]]}},{"type":"Feature","id":"91317024","properties":{"kind":"path","name":"","osmWayId":"91317024"},"geometry":{"type":"LineString","coordinates":[[-123.2052328,49.3998362],[-123.2049144,49.3998463],[-123.2046429,49.3997392],[-123.2045858,49.3996889],[-123.2042343,49.3994913],[-123.2039804,49.3994027],[-123.2036708,49.3992052]]}},{"type":"Feature","id":"91317026","properties":{"kind":"path","name":"","osmWayId":"91317026"},"geometry":{"type":"LineString","coordinates":[[-123.2037202,49.4012892],[-123.203761,49.4013613],[-123.2037734,49.4014318],[-123.2036991,49.4014983],[-123.2034328,49.401603],[-123.203129,49.4016455],[-123.2028384,49.4016756],[-123.2027115,49.4016615],[-123.2025195,49.4015305],[-123.2023338,49.4013935],[-123.2021728,49.4012525],[-123.2020211,49.401182],[-123.2018137,49.4009805],[-123.2017548,49.4008999],[-123.2014421,49.4007669],[-123.201309,49.4007568],[-123.2011047,49.400781],[-123.2009034,49.400775],[-123.2007708,49.4007595],[-123.2003957,49.4006964],[-123.2002564,49.4006198],[-123.2001078,49.4005534],[-123.1998446,49.4004627],[-123.1994453,49.4002854]]}},{"type":"Feature","id":"91317032","properties":{"kind":"water","name":"Snowmaking Reservoir","osmWayId":"91317032"},"geometry":{"type":"Polygon","coordinates":[[[-123.2038619,49.3990042],[-123.2039919,49.3989075],[-123.2040569,49.3988087],[-123.2040538,49.3987423],[-123.2039981,49.3986677],[-123.2036916,49.3985508],[-123.203221,49.3984058],[-123.2030724,49.3984259],[-123.2029547,49.3985488],[-123.2029517,49.3987362],[-123.2032551,49.3989659],[-123.2036699,49.3990908],[-123.2038619,49.3990042]]]}},{"type":"Feature","id":"91317039","properties":{"kind":"path","name":"","osmWayId":"91317039"},"geometry":{"type":"LineString","coordinates":[[-123.2040938,49.4013913],[-123.2037202,49.4012892],[-123.2036614,49.4012641],[-123.2033668,49.4010994],[-123.2032352,49.4010071],[-123.2030197,49.4009129],[-123.2026228,49.4007011],[-123.2022614,49.4004807],[-123.2020405,49.4002588],[-123.2016282,49.4000485],[-123.2015026,49.3999489],[-123.2013898,49.3998493],[-123.2012329,49.3996548],[-123.2011501,49.3995636],[-123.201084,49.3995212],[-123.201005,49.3994927],[-123.2006986,49.3993742],[-123.2002568,49.3991657],[-123.1998224,49.3989531],[-123.1996674,49.3988491],[-123.1994407,49.3986909],[-123.1993673,49.3985985],[-123.1992996,49.3985268]]}},{"type":"Feature","id":"91317050","properties":{"kind":"connector","name":"","osmWayId":"91317050"},"geometry":{"type":"LineString","coordinates":[[-123.1979788,49.3966717],[-123.1980949,49.3967422],[-123.1984519,49.396802],[-123.1986928,49.3968587]]}},{"type":"Feature","id":"91317069","properties":{"kind":"path","name":"","osmWayId":"91317069"},"geometry":{"type":"LineString","coordinates":[[-123.2027115,49.4016615],[-123.2026279,49.4016615],[-123.2025536,49.4017138],[-123.202484,49.4018722],[-123.2024174,49.4020785],[-123.2023245,49.402143],[-123.2021325,49.4021651],[-123.202011,49.4021244],[-123.2018013,49.402008],[-123.201696,49.4018387],[-123.2015938,49.4016735],[-123.2014081,49.4016071],[-123.2008415,49.401468],[-123.2006496,49.4014761],[-123.2004842,49.4015196]]}},{"type":"Feature","id":"91327368","properties":{"kind":"path","name":"","osmWayId":"91327368"},"geometry":{"type":"LineString","coordinates":[[-123.2050682,49.403215],[-123.2051276,49.4034183],[-123.2054483,49.4037948],[-123.2056317,49.4039688],[-123.2058696,49.4041937],[-123.2061023,49.4044106],[-123.2061274,49.4045067],[-123.2060928,49.4045477],[-123.2060299,49.4045518],[-123.205879,49.4045252],[-123.2052618,49.4044365],[-123.205181,49.4044249],[-123.2047849,49.4043963],[-123.2047268,49.4044035],[-123.2045082,49.404431],[-123.2043577,49.4044863],[-123.204112,49.4045559],[-123.2038762,49.4047154],[-123.2037976,49.4048546],[-123.2037786,49.4050727]]}},{"type":"Feature","id":"91327369","properties":{"kind":"path","name":"Mount Strachan Trail","osmWayId":"91327369"},"geometry":{"type":"LineString","coordinates":[[-123.1887493,49.4039979],[-123.1886633,49.4040526],[-123.1884898,49.4040901],[-123.1885632,49.404146],[-123.1886472,49.4041664],[-123.1887782,49.4041935],[-123.1888843,49.4041781],[-123.1890136,49.404197],[-123.1890992,49.4042308],[-123.1891869,49.4043367],[-123.1894108,49.4043956],[-123.1895613,49.4044764],[-123.1896679,49.4045149],[-123.1898986,49.4045062],[-123.1901468,49.4045638],[-123.1903163,49.404548],[-123.1904236,49.4045661],[-123.1906506,49.4045466],[-123.1909742,49.4044684],[-123.191093,49.4044684],[-123.1911764,49.4044974],[-123.1912492,49.4045441],[-123.1913143,49.4045735],[-123.1913626,49.4045779],[-123.1914472,49.404555],[-123.1915707,49.4045103],[-123.1917036,49.4044684],[-123.1918265,49.4044148],[-123.1918574,49.4044223],[-123.1919026,49.4044532],[-123.192133,49.4046144],[-123.1922066,49.4046998],[-123.1925973,49.4050916],[-123.1927434,49.4051904],[-123.1927757,49.4052401],[-123.1928144,49.4053443],[-123.1928292,49.4054246],[-123.192859,49.4054825],[-123.1929122,49.4055299],[-123.1929842,49.4055897],[-123.1930427,49.4056956],[-123.1930934,49.4057555],[-123.1931392,49.4057953],[-123.1931978,49.4058336],[-123.1933077,49.405872],[-123.1934299,49.4059131],[-123.1935082,49.4059344],[-123.1935742,49.4059408],[-123.1936402,49.4059375],[-123.193712,49.4059191],[-123.1937633,49.4058866],[-123.1937973,49.4058329],[-123.1938116,49.405809],[-123.1938854,49.4057712],[-123.1940665,49.4057312],[-123.1942322,49.4057324],[-123.1944096,49.4057451],[-123.194529,49.4057935],[-123.1946187,49.4058393],[-123.1947024,49.4059047],[-123.1947266,49.4060694],[-123.1947857,49.4061476],[-123.1948496,49.4062119],[-123.1949411,49.4062547],[-123.1950383,49.4062755],[-123.1951076,49.4062906],[-123.1951697,49.4063209],[-123.1952228,49.4064192],[-123.1953017,49.4064933],[-123.1953941,49.4065395],[-123.1953831,49.4065801],[-123.1952657,49.4066231],[-123.1952899,49.4066754],[-123.1952777,49.4067278],[-123.1952134,49.4067758],[-123.1951745,49.4068382],[-123.1951696,49.4069787],[-123.1950196,49.407084],[-123.1949646,49.4071921],[-123.1949759,49.4072766],[-123.1950285,49.4073272],[-123.1951152,49.4073703],[-123.1951205,49.4074355],[-123.1951476,49.4074837],[-123.1952931,49.4074896],[-123.1953601,49.4075286],[-123.1953528,49.4076383],[-123.1952983,49.4077427],[-123.1953517,49.4078452],[-123.1954943,49.4078708],[-123.1955992,49.4079372],[-123.1955558,49.4080328],[-123.1955347,49.4082089],[-123.1956395,49.4082906],[-123.1955737,49.4084071],[-123.1955487,49.408487],[-123.1955619,49.4085402],[-123.1957574,49.408638],[-123.1957738,49.4087208],[-123.1956737,49.4088433],[-123.1957841,49.4089605],[-123.1958457,49.4094084],[-123.1957004,49.4095942],[-123.1956475,49.4097876],[-123.1956162,49.4099165],[-123.195487,49.4100594],[-123.1955529,49.4101769],[-123.1954971,49.4104532],[-123.1953591,49.4105396],[-123.1955747,49.4107721]]}},{"type":"Feature","id":"91327372","properties":{"kind":"path","name":"","osmWayId":"91327372"},"geometry":{"type":"LineString","coordinates":[[-123.2080773,49.392841],[-123.2083823,49.3929272],[-123.2085223,49.3929856],[-123.2086709,49.3931242],[-123.2089285,49.393387],[-123.2090429,49.3934653],[-123.2090994,49.3935804],[-123.209295,49.3937771],[-123.2093966,49.3938642],[-123.2095031,49.3939367],[-123.2095285,49.3939558],[-123.2095402,49.3940044],[-123.2095031,49.3940157],[-123.2094548,49.3940163],[-123.2093743,49.3939851],[-123.2092777,49.393956],[-123.209139,49.3939351],[-123.2090894,49.393919],[-123.2090325,49.3938432],[-123.2089186,49.3936981],[-123.2088951,49.3936597],[-123.2088418,49.3936675],[-123.2087823,49.3937014],[-123.2087793,49.393751],[-123.2087947,49.3938094],[-123.2087551,49.3938432]]}},{"type":"Feature","id":"91327373","properties":{"kind":"path","name":"T-33","osmWayId":"91327373"},"geometry":{"type":"LineString","coordinates":[[-123.1993151,49.4077292],[-123.1992184,49.4075391],[-123.1985572,49.407159],[-123.1982783,49.4069704],[-123.1980138,49.4066066],[-123.1972924,49.4064139],[-123.196617,49.4061889],[-123.196384,49.406112],[-123.1962925,49.4060674],[-123.1961428,49.405994],[-123.1959432,49.4058499],[-123.1956686,49.4057288],[-123.1953524,49.4056295],[-123.19529,49.4055585],[-123.1953764,49.4053777],[-123.1956933,49.4052238]]}},{"type":"Feature","id":"91327374","properties":{"kind":"path","name":"","osmWayId":"91327374"},"geometry":{"type":"LineString","coordinates":[[-123.2090715,49.4019602],[-123.2089482,49.402],[-123.2085363,49.4022496],[-123.2083351,49.4023007],[-123.2081018,49.4023228],[-123.2079892,49.4023335],[-123.2078226,49.4023335],[-123.2076685,49.402401],[-123.207593,49.4024092],[-123.2075905,49.4024242],[-123.2075773,49.4025013],[-123.2077943,49.4026138],[-123.2079546,49.4026895],[-123.2081496,49.4026915],[-123.2085017,49.4025483],[-123.2088916,49.4023253],[-123.2090928,49.4021575],[-123.2092373,49.4021023]]}},{"type":"Feature","id":"91819212","properties":{"kind":"stream","name":"","osmWayId":"91819212"},"geometry":{"type":"LineString","coordinates":[[-123.1822975,49.3811904],[-123.1823164,49.3806306],[-123.1823631,49.3805238],[-123.1824621,49.3803193],[-123.1827577,49.3799225],[-123.182769,49.3797632],[-123.1828312,49.379358]]}},{"type":"Feature","id":"91820559","properties":{"kind":"stream","name":"","osmWayId":"91820559"},"geometry":{"type":"LineString","coordinates":[[-123.1854724,49.3839759],[-123.1863242,49.3839819]]}},{"type":"Feature","id":"91820560","properties":{"kind":"water","name":"","osmWayId":"91820560"},"geometry":{"type":"Polygon","coordinates":[[[-123.1767821,49.3871728],[-123.1768487,49.3871132],[-123.176957,49.3870706],[-123.1769392,49.3870125],[-123.1768202,49.3870117],[-123.1767321,49.3870667],[-123.1767405,49.3871325],[-123.1767821,49.3871728]]]}},{"type":"Feature","id":"91820563","properties":{"kind":"water","name":"","osmWayId":"91820563"},"geometry":{"type":"Polygon","coordinates":[[[-123.1758206,49.3876487],[-123.1758142,49.3876127],[-123.175794,49.3875655],[-123.1757226,49.3875298],[-123.1757126,49.3874401],[-123.1757528,49.3874144],[-123.1757826,49.3873919],[-123.1757799,49.3873555],[-123.1757163,49.3873482],[-123.1756733,49.3873159],[-123.1756265,49.3873131],[-123.1756239,49.3873929],[-123.1756811,49.3874255],[-123.1756523,49.3874541],[-123.1755876,49.3874679],[-123.1755396,49.3874952],[-123.1754453,49.3875132],[-123.1754706,49.3875836],[-123.1756418,49.3876133],[-123.1757806,49.3876677],[-123.1758206,49.3876487]]]}},{"type":"Feature","id":"91820565","properties":{"kind":"water","name":"Fifth Lake","osmWayId":"91820565"},"geometry":{"type":"Polygon","coordinates":[[[-123.1793333,49.3853324],[-123.1793949,49.3853219],[-123.1793694,49.3852783],[-123.1793909,49.3852407],[-123.1794378,49.385232],[-123.1794434,49.3851276],[-123.1794599,49.3850855],[-123.1792769,49.3849356],[-123.1791771,49.3849595],[-123.1790742,49.3851426],[-123.1790688,49.3852153],[-123.1791661,49.385251],[-123.1792344,49.3852666],[-123.1793333,49.3853324]]]}},{"type":"Feature","id":"91943863","properties":{"kind":"wood","name":"","osmWayId":"91943863"},"geometry":{"type":"Polygon","coordinates":[[[-123.1743151,49.3827796],[-123.1742883,49.382751],[-123.1740585,49.382751],[-123.1741011,49.3828346],[-123.1741849,49.3828891],[-123.1741672,49.3828026],[-123.1743151,49.3827796]]]}},{"type":"Feature","id":"91943865","properties":{"kind":"wood","name":"","osmWayId":"91943865"},"geometry":{"type":"Polygon","coordinates":[[[-123.1798057,49.3896683],[-123.1798954,49.3896322],[-123.179902,49.38944],[-123.1800178,49.3893868],[-123.1800113,49.3893645],[-123.1799395,49.3893667],[-123.1799068,49.3893337],[-123.1799395,49.3892955],[-123.1798334,49.3892381],[-123.179791,49.3892795],[-123.1798367,49.389288],[-123.179822,49.3893167],[-123.1796996,49.3893656],[-123.1797028,49.3894187],[-123.17976,49.3894283],[-123.1797567,49.3894697],[-123.179804,49.3895069],[-123.1798514,49.3895048],[-123.1798269,49.3895611],[-123.1797828,49.3896301],[-123.1798057,49.3896683]]]}},{"type":"Feature","id":"91943870","properties":{"kind":"wood","name":"","osmWayId":"91943870"},"geometry":{"type":"Polygon","coordinates":[[[-123.179467,49.3888679],[-123.1796017,49.3889343],[-123.1796302,49.3890047],[-123.1796833,49.3890405],[-123.1797241,49.3890352],[-123.1797873,49.3890538],[-123.1797118,49.3891215],[-123.179618,49.3891255],[-123.1796261,49.3891653],[-123.1797077,49.389172],[-123.179671,49.3892291],[-123.1795874,49.3892145],[-123.1793997,49.3891773],[-123.1794079,49.389095],[-123.1794446,49.38901],[-123.179467,49.3888679]]]}},{"type":"Feature","id":"91943875","properties":{"kind":"wood","name":"","osmWayId":"91943875"},"geometry":{"type":"Polygon","coordinates":[[[-123.180179,49.3880308],[-123.180297,49.3879845],[-123.1803868,49.3880056],[-123.1803931,49.3880675],[-123.1804871,49.3880702],[-123.1804892,49.3880933],[-123.180438,49.3881083],[-123.1804108,49.3881314],[-123.1803774,49.3881355],[-123.1803398,49.388111],[-123.1802897,49.3881457],[-123.1802719,49.3881253],[-123.1802792,49.3880852],[-123.1801758,49.3880593],[-123.180179,49.3880308]]]}},{"type":"Feature","id":"91943879","properties":{"kind":"wood","name":"","osmWayId":"91943879"},"geometry":{"type":"Polygon","coordinates":[[[-123.1792314,49.3874891],[-123.1793803,49.3874373],[-123.1797802,49.3874679],[-123.1799842,49.3874665],[-123.1799393,49.387594],[-123.1800556,49.3876617],[-123.1802167,49.3876631],[-123.1802086,49.3877401],[-123.1800984,49.3878848],[-123.1800148,49.3877786],[-123.1799617,49.387833],[-123.1800168,49.3878848],[-123.1799821,49.3879247],[-123.1799923,49.3880535],[-123.1800392,49.388076],[-123.1800005,49.3881292],[-123.1799168,49.3880189],[-123.1798454,49.388011],[-123.179876,49.3881185],[-123.1799495,49.3881916],[-123.1799474,49.3882354],[-123.1798781,49.3882726],[-123.1798169,49.3882115],[-123.1797557,49.3881836],[-123.1796965,49.3881478],[-123.1796986,49.388088],[-123.1795986,49.3880654],[-123.1795945,49.3879472],[-123.1795598,49.3879273],[-123.1794599,49.3879632],[-123.1793375,49.3879858],[-123.1791416,49.3879167],[-123.1792497,49.3877388],[-123.179313,49.3876803],[-123.1793803,49.3877056],[-123.1793885,49.387837],[-123.1794966,49.3878384],[-123.1794762,49.3877773],[-123.1794109,49.3877587],[-123.1794333,49.3876817],[-123.1796333,49.3877773],[-123.1796578,49.3878716],[-123.1796986,49.3878941],[-123.1796557,49.3877255],[-123.1795496,49.3877122],[-123.1794782,49.3876777],[-123.1795619,49.3876471],[-123.1794231,49.3876086],[-123.179364,49.387602],[-123.1793742,49.3874997],[-123.1793211,49.3875329],[-123.1792661,49.3876339],[-123.1791681,49.3877441],[-123.1790396,49.3876684],[-123.179009,49.3875953],[-123.1791355,49.387428],[-123.1791947,49.3874426],[-123.1791661,49.3875382],[-123.179211,49.3875542],[-123.1792314,49.3874891]]]}},{"type":"Feature","id":"91943887","properties":{"kind":"wood","name":"","osmWayId":"91943887"},"geometry":{"type":"Polygon","coordinates":[[[-123.1803555,49.3883517],[-123.1804338,49.3883082],[-123.1805122,49.3883136],[-123.180578,49.3882714],[-123.1805926,49.388251],[-123.1806709,49.388264],[-123.1806364,49.3883326],[-123.1804986,49.3883795],[-123.1805236,49.3884401],[-123.1804286,49.388453],[-123.1804307,49.3883999],[-123.1803555,49.3883517]]]}},{"type":"Feature","id":"91943889","properties":{"kind":"wood","name":"","osmWayId":"91943889"},"geometry":{"type":"Polygon","coordinates":[[[-123.1735202,49.3829602],[-123.1736263,49.3829202],[-123.1736519,49.3828329],[-123.1734985,49.3828587],[-123.1734652,49.3829103],[-123.1735202,49.3829602]]]}},{"type":"Feature","id":"91943893","properties":{"kind":"wood","name":"","osmWayId":"91943893"},"geometry":{"type":"Polygon","coordinates":[[[-123.1756832,49.3813283],[-123.1756904,49.3812227],[-123.17564,49.381232],[-123.175623,49.3813373],[-123.1756832,49.3813283]]]}},{"type":"Feature","id":"91943894","properties":{"kind":"wood","name":"","osmWayId":"91943894"},"geometry":{"type":"Polygon","coordinates":[[[-123.1801915,49.3882952],[-123.1802281,49.3882823],[-123.1802918,49.3883109],[-123.1802657,49.3883326],[-123.1801894,49.3883258],[-123.1801915,49.3882952]]]}},{"type":"Feature","id":"91943898","properties":{"kind":"wood","name":"","osmWayId":"91943898"},"geometry":{"type":"Polygon","coordinates":[[[-123.1792579,49.3887121],[-123.1793007,49.3886829],[-123.1794435,49.3886603],[-123.1795149,49.3886351],[-123.1795211,49.3886524],[-123.1793987,49.3887652],[-123.1793742,49.3887095],[-123.1793293,49.388744],[-123.1792579,49.3887121]]]}},{"type":"Feature","id":"91943900","properties":{"kind":"wood","name":"","osmWayId":"91943900"},"geometry":{"type":"Polygon","coordinates":[[[-123.1753468,49.381339],[-123.175354,49.3813075],[-123.1754181,49.3813462],[-123.1753468,49.381339]]]}},{"type":"Feature","id":"91943902","properties":{"kind":"wood","name":"","osmWayId":"91943902"},"geometry":{"type":"Polygon","coordinates":[[[-123.1754463,49.3812687],[-123.1754757,49.3812414],[-123.1755117,49.3812427],[-123.1755516,49.3812717],[-123.1755281,49.38131],[-123.1754646,49.3813083],[-123.1754463,49.3812687]]]}},{"type":"Feature","id":"91943904","properties":{"kind":"wood","name":"","osmWayId":"91943904"},"geometry":{"type":"Polygon","coordinates":[[[-123.1743937,49.3827498],[-123.1743694,49.3827864],[-123.1744002,49.3828022],[-123.1744192,49.3827783],[-123.1743937,49.3827498]]]}},{"type":"Feature","id":"91943905","properties":{"kind":"wood","name":"","osmWayId":"91943905"},"geometry":{"type":"Polygon","coordinates":[[[-123.1797293,49.3885742],[-123.1798014,49.3885627],[-123.179863,49.3885994],[-123.1797544,49.3886191],[-123.1797126,49.3886205],[-123.1797293,49.3885742]]]}},{"type":"Feature","id":"91943911","properties":{"kind":"wood","name":"","osmWayId":"91943911"},"geometry":{"type":"Polygon","coordinates":[[[-123.1801372,49.3880845],[-123.1802093,49.3880892],[-123.1802364,49.3881049],[-123.1802207,49.3881511],[-123.1802677,49.3881967],[-123.1802228,49.3882334],[-123.180203,49.3882708],[-123.1801403,49.3882735],[-123.1801414,49.3882422],[-123.1801027,49.3882205],[-123.1801393,49.3881117],[-123.1801372,49.3880845]]]}},{"type":"Feature","id":"91943913","properties":{"kind":"wood","name":"","osmWayId":"91943913"},"geometry":{"type":"Polygon","coordinates":[[[-123.1806709,49.3883609],[-123.1807427,49.3883514],[-123.1807868,49.3884395],[-123.1806987,49.3884661],[-123.1806497,49.3884374],[-123.1806709,49.3883609]]]}},{"type":"Feature","id":"91943919","properties":{"kind":"wood","name":"","osmWayId":"91943919"},"geometry":{"type":"Polygon","coordinates":[[[-123.1807121,49.3879965],[-123.1807556,49.3879513],[-123.1807698,49.3879388],[-123.180713,49.3879111],[-123.1806787,49.3879421],[-123.1806946,49.3879932],[-123.1807121,49.3879965]]]}},{"type":"Feature","id":"91943931","properties":{"kind":"wood","name":"","osmWayId":"91943931"},"geometry":{"type":"Polygon","coordinates":[[[-123.1799819,49.3890724],[-123.1800537,49.3891032],[-123.1800178,49.3891574],[-123.1800129,49.3891946],[-123.1800798,49.3891956],[-123.1801011,49.3892434],[-123.1800521,49.3892594],[-123.1799819,49.3892243],[-123.1798791,49.3892158],[-123.1798677,49.3891468],[-123.1799068,49.3891106],[-123.179964,49.3891266],[-123.1799819,49.3890724]]]}},{"type":"Feature","id":"91943934","properties":{"kind":"wood","name":"","osmWayId":"91943934"},"geometry":{"type":"Polygon","coordinates":[[[-123.1803617,49.3883265],[-123.1803743,49.3882891],[-123.1804223,49.3882361],[-123.1804443,49.3882075],[-123.1804526,49.3881885],[-123.1805435,49.3881769],[-123.1805424,49.3882171],[-123.1806709,49.3882177],[-123.1806479,49.388162],[-123.1807221,49.3881416],[-123.1806866,49.3881225],[-123.1806448,49.3881395],[-123.1805968,49.3881205],[-123.1805477,49.3881069],[-123.1805111,49.3881389],[-123.1804819,49.3881504],[-123.1804443,49.3881491],[-123.1804307,49.3881681],[-123.1803534,49.3881681],[-123.1803043,49.3881865],[-123.1803346,49.3882116],[-123.1803377,49.3882395],[-123.1802792,49.3882585],[-123.1802897,49.3882939],[-123.1803273,49.3883034],[-123.1803294,49.3883238],[-123.1803617,49.3883265]]]}},{"type":"Feature","id":"91943939","properties":{"kind":"wood","name":"","osmWayId":"91943939"},"geometry":{"type":"Polygon","coordinates":[[[-123.1800797,49.3886263],[-123.1801382,49.3886127],[-123.18025,49.3886488],[-123.1803179,49.3886155],[-123.1802573,49.3885971],[-123.1802688,49.3885182],[-123.1803805,49.3885169],[-123.1804265,49.3884747],[-123.180556,49.3884686],[-123.1805612,49.388506],[-123.1804641,49.3885556],[-123.1803868,49.3885556],[-123.1803743,49.388574],[-123.1804108,49.388593],[-123.1804223,49.3886474],[-123.180368,49.3886637],[-123.1803513,49.3887202],[-123.1803147,49.3887351],[-123.1802824,49.3887895],[-123.1803147,49.3888079],[-123.1802594,49.3888514],[-123.1802792,49.3888867],[-123.1802364,49.3889037],[-123.1802228,49.3888629],[-123.180062,49.3888323],[-123.1800463,49.3887888],[-123.1800703,49.3887616],[-123.1801215,49.3887331],[-123.1800797,49.3886263]]]}},{"type":"Feature","id":"91943945","properties":{"kind":"wood","name":"","osmWayId":"91943945"},"geometry":{"type":"Polygon","coordinates":[[[-123.1799036,49.3886926],[-123.1797506,49.3887298],[-123.1796833,49.3887125],[-123.1796669,49.3886634],[-123.1795527,49.3887232],[-123.1795119,49.388767],[-123.1795058,49.3887882],[-123.1795772,49.3888095],[-123.179618,49.3887816],[-123.1796363,49.3888108],[-123.1796098,49.3888413],[-123.1796261,49.3888945],[-123.1797057,49.3889237],[-123.1797404,49.3889861],[-123.1798322,49.3890326],[-123.1798913,49.3890126],[-123.1797669,49.3888719],[-123.1798301,49.38884],[-123.1799362,49.3888891],[-123.1799648,49.388852],[-123.1798934,49.3888015],[-123.1799505,49.3887232],[-123.1799036,49.3886926]]]}},{"type":"Feature","id":"91943954","properties":{"kind":"wood","name":"","osmWayId":"91943954"},"geometry":{"type":"Polygon","coordinates":[[[-123.180168,49.3890448],[-123.1801533,49.3890097],[-123.1800292,49.3889396],[-123.1799738,49.3889662],[-123.1800341,49.3890214],[-123.1800978,49.3890798],[-123.1801631,49.389066],[-123.180168,49.3890448]]]}},{"type":"Feature","id":"91943959","properties":{"kind":"wood","name":"","osmWayId":"91943959"},"geometry":{"type":"Polygon","coordinates":[[[-123.1800985,49.3885903],[-123.1801675,49.3885808],[-123.1801904,49.3885203],[-123.1802521,49.3884829],[-123.1803127,49.3884876],[-123.1803879,49.3884639],[-123.1803597,49.3884013],[-123.1802855,49.3883714],[-123.180157,49.3883836],[-123.1801017,49.3883755],[-123.1801654,49.3883374],[-123.1801048,49.3882966],[-123.1800484,49.3882796],[-123.1800327,49.3883354],[-123.1800421,49.3883666],[-123.1799534,49.3883795],[-123.1799074,49.388419],[-123.1799178,49.3885033],[-123.1800432,49.388523],[-123.1800985,49.3885903]]]}},{"type":"Feature","id":"91943965","properties":{"kind":"wood","name":"","osmWayId":"91943965"},"geometry":{"type":"Polygon","coordinates":[[[-123.1800535,49.3875993],[-123.1800984,49.3874639],[-123.1802228,49.3874838],[-123.180284,49.3875064],[-123.1803228,49.3876365],[-123.1803126,49.3876657],[-123.1802147,49.387586],[-123.1801657,49.3876352],[-123.1800535,49.3875993]]]}},{"type":"Feature","id":"91943968","properties":{"kind":"wood","name":"","osmWayId":"91943968"},"geometry":{"type":"Polygon","coordinates":[[[-123.1792248,49.3879924],[-123.1794441,49.3882978],[-123.1793982,49.388326],[-123.1792911,49.3883011],[-123.1792758,49.3883509],[-123.179314,49.3884572],[-123.1793395,49.3884522],[-123.1793701,49.3883542],[-123.1794211,49.3883542],[-123.1794543,49.3885816],[-123.1794058,49.3885949],[-123.1793038,49.3886231],[-123.1793676,49.3885236],[-123.1792554,49.3885169],[-123.179212,49.3884123],[-123.1792095,49.3883642],[-123.1791789,49.3883194],[-123.1791687,49.3882663],[-123.1791202,49.3882347],[-123.1791457,49.3880173],[-123.1792248,49.3879924]]]}},{"type":"Feature","id":"91943978","properties":{"kind":"wood","name":"","osmWayId":"91943978"},"geometry":{"type":"Polygon","coordinates":[[[-123.1797261,49.3897709],[-123.1797791,49.3896899],[-123.1797485,49.3896089],[-123.1797747,49.3895154],[-123.1797192,49.3894941],[-123.1796441,49.389697],[-123.1796359,49.389765],[-123.1797261,49.3897709]]]}},{"type":"Feature","id":"92359987","properties":{"kind":"wood","name":"","osmWayId":"92359987"},"geometry":{"type":"Polygon","coordinates":[[[-123.1815188,49.3802982],[-123.1815499,49.3800012],[-123.1815471,49.3796635],[-123.1815783,49.3793627],[-123.1815755,49.3791506],[-123.1816095,49.3790048],[-123.1815755,49.378931],[-123.1815018,49.3789162],[-123.1813204,49.3790048],[-123.1812722,49.3790934],[-123.1812439,49.3790731],[-123.181241,49.3790454],[-123.1811843,49.3790878],[-123.181173,49.3791579],[-123.1812382,49.3791653],[-123.1812807,49.3791376],[-123.1814139,49.3791026],[-123.1814422,49.379169],[-123.1814054,49.3792041],[-123.1813317,49.3792041],[-123.1813204,49.3791801],[-123.181258,49.3792011],[-123.1811968,49.3792528],[-123.1811764,49.3793856],[-123.1810925,49.3793901],[-123.181063,49.3793797],[-123.181122,49.3793325],[-123.1810766,49.3792867],[-123.1811401,49.3792483],[-123.1811537,49.37921],[-123.1811288,49.379176],[-123.1811311,49.3791435],[-123.1810222,49.3791229],[-123.1809678,49.3791775],[-123.1809179,49.3791716],[-123.1809202,49.3791303],[-123.1808907,49.3791258],[-123.1808363,49.3791804],[-123.1806957,49.3791893],[-123.1807615,49.3793369],[-123.1808114,49.3793369],[-123.1808408,49.3793],[-123.1809225,49.3793384],[-123.1808726,49.3794019],[-123.181029,49.3794373],[-123.1812694,49.3795111],[-123.1812898,49.3795687],[-123.1812104,49.3796041],[-123.1811265,49.3795982],[-123.1809769,49.3795436],[-123.1808748,49.3795569],[-123.1808363,49.379607],[-123.1808953,49.3796705],[-123.1808726,49.3798108],[-123.1809361,49.3799023],[-123.180868,49.3799274],[-123.180868,49.3800617],[-123.1809406,49.3802108],[-123.1808476,49.3802536],[-123.180859,49.3802979],[-123.1809179,49.3803082],[-123.180927,49.3804012],[-123.1811016,49.3803333],[-123.1814077,49.3803185],[-123.1815188,49.3802982]]]}},{"type":"Feature","id":"92359988","properties":{"kind":"wood","name":"","osmWayId":"92359988"},"geometry":{"type":"Polygon","coordinates":[[[-123.1816444,49.3862561],[-123.1816954,49.3862254],[-123.1817112,49.3861711],[-123.181695,49.3861265],[-123.1816392,49.3860857],[-123.1816555,49.3860245],[-123.1817054,49.3860767],[-123.1816926,49.3859542],[-123.1816776,49.3859542],[-123.1816102,49.3858424],[-123.1816091,49.3857442],[-123.1816082,49.3856722],[-123.1815879,49.385505],[-123.1815168,49.3855664],[-123.1814936,49.3854748],[-123.1814849,49.3853793],[-123.181405,49.3854048],[-123.1813006,49.3853831],[-123.1812788,49.3854918],[-123.1813586,49.385539],[-123.1813426,49.3856504],[-123.1814399,49.3857392],[-123.1813775,49.3858413],[-123.1815429,49.3858951],[-123.1815908,49.3860226],[-123.181556,49.3860529],[-123.1815023,49.3860188],[-123.181466,49.3860491],[-123.1814225,49.3861936],[-123.1815313,49.386203],[-123.1816444,49.3862561]]]}},{"type":"Feature","id":"92359990","properties":{"kind":"wood","name":"","osmWayId":"92359990"},"geometry":{"type":"Polygon","coordinates":[[[-123.1814607,49.3803892],[-123.1815786,49.3805044],[-123.1815378,49.3806225],[-123.1814403,49.3806726],[-123.1815197,49.380745],[-123.1814879,49.3808601],[-123.1813768,49.3809974],[-123.1812907,49.3810741],[-123.1813043,49.3811288],[-123.1811728,49.3811996],[-123.1811365,49.3811701],[-123.1809415,49.381238],[-123.18081,49.381331],[-123.1809097,49.3814033],[-123.1808531,49.3815052],[-123.180819,49.3814934],[-123.1807896,49.3814048],[-123.1807148,49.3813974],[-123.1806059,49.3813457],[-123.1805787,49.3812956],[-123.180683,49.3812926],[-123.1806603,49.3812395],[-123.1805583,49.3812498],[-123.1805152,49.3811952],[-123.1804427,49.3811775],[-123.1804585,49.381114],[-123.180556,49.3810756],[-123.1804721,49.3808453],[-123.1804313,49.3808749],[-123.1804449,49.3809664],[-123.1804109,49.381145],[-123.1804155,49.3812203],[-123.1805198,49.3812823],[-123.1804268,49.3812808],[-123.1803701,49.3812513],[-123.1803406,49.3813103],[-123.1802636,49.3813295],[-123.1802273,49.3814151],[-123.1802567,49.3815244],[-123.1802976,49.3815096],[-123.1803316,49.3813723],[-123.1804291,49.381328],[-123.1804767,49.3813472],[-123.1805084,49.3814166],[-123.1804608,49.3815303],[-123.1803747,49.3815568],[-123.1803724,49.3816469],[-123.1804336,49.3816572],[-123.1804336,49.3816026],[-123.1804789,49.3815598],[-123.1805175,49.3815435],[-123.180556,49.3815849],[-123.1806082,49.3815716],[-123.1806263,49.381421],[-123.1807034,49.3814284],[-123.1806921,49.3817044],[-123.1807057,49.3817428],[-123.1807918,49.3816882],[-123.1807079,49.3819022],[-123.1806717,49.3821236],[-123.1805923,49.382227],[-123.1805288,49.3822152],[-123.180581,49.3820794],[-123.1805379,49.3819672],[-123.1804948,49.3820115],[-123.1805039,49.3821664],[-123.1804699,49.3822358],[-123.1805311,49.3822949],[-123.1805764,49.382289],[-123.1805311,49.38232],[-123.1804585,49.3823022],[-123.1803474,49.3823406],[-123.1802749,49.382314],[-123.1802567,49.3824188],[-123.180157,49.3824011],[-123.1801525,49.3823377],[-123.1802205,49.3822845],[-123.1802363,49.3821399],[-123.1801411,49.3821797],[-123.1801003,49.3822653],[-123.1801094,49.3823539],[-123.1800209,49.3823362],[-123.1799597,49.3823509],[-123.1799303,49.3823273],[-123.1799507,49.382255],[-123.1799983,49.3821694],[-123.1800028,49.382069],[-123.1799303,49.3821384],[-123.1799053,49.382165],[-123.1798328,49.3821473],[-123.1797783,49.3821133],[-123.1797897,49.3820365],[-123.1798622,49.3819864],[-123.1800844,49.3819701],[-123.1802817,49.3819539],[-123.1803044,49.3819067],[-123.1804449,49.3818934],[-123.1804835,49.3818594],[-123.1804177,49.3818269],[-123.1803112,49.3818417],[-123.1801252,49.381883],[-123.1798849,49.3819229],[-123.1798214,49.381976],[-123.179699,49.3820779],[-123.1796446,49.3820498],[-123.1795743,49.3819701],[-123.1795675,49.3817413],[-123.1796038,49.3816779],[-123.1796332,49.381641],[-123.179699,49.3816911],[-123.1797602,49.3816838],[-123.1797942,49.3817517],[-123.1798373,49.3817458],[-123.1798396,49.3816557],[-123.1797466,49.3816395],[-123.179767,49.3815878],[-123.179826,49.3815775],[-123.1799166,49.3815435],[-123.1799235,49.381669],[-123.179996,49.3816675],[-123.1799189,49.3817354],[-123.1799371,49.381762],[-123.1800096,49.3817458],[-123.1801593,49.3817354],[-123.1802567,49.3816587],[-123.1802477,49.3815908],[-123.1801842,49.3816483],[-123.1801298,49.3816675],[-123.1800867,49.3817015],[-123.18003,49.3817059],[-123.1800504,49.3816498],[-123.1801434,49.3816085],[-123.1801547,49.3815568],[-123.1801139,49.3815362],[-123.1800255,49.3815701],[-123.179996,49.3815509],[-123.1799869,49.3815125],[-123.1801048,49.3814756],[-123.1800368,49.381452],[-123.1800051,49.3814136],[-123.1801162,49.3813767],[-123.1801729,49.3813428],[-123.180055,49.3812926],[-123.1799824,49.3812852],[-123.1800028,49.3813369],[-123.1800255,49.381362],[-123.1799711,49.3814077],[-123.1799779,49.3814387],[-123.1798758,49.3815111],[-123.1798282,49.3815347],[-123.1797081,49.3815494],[-123.1796876,49.3816203],[-123.179572,49.3816129],[-123.1795992,49.3815553],[-123.179665,49.3815347],[-123.1796536,49.3815066],[-123.179699,49.3814446],[-123.1797489,49.3814328],[-123.1797625,49.3812705],[-123.1798078,49.3810062],[-123.179835,49.3809103],[-123.179903,49.3808483],[-123.1799937,49.3808335],[-123.1800323,49.3807966],[-123.1801411,49.380745],[-123.1802069,49.3807465],[-123.1802953,49.3807214],[-123.1803724,49.3806682],[-123.1804268,49.3806077],[-123.1804427,49.380587],[-123.1807079,49.3805295],[-123.1807578,49.3805737],[-123.1808485,49.3805383],[-123.1809506,49.380466],[-123.1812498,49.380404],[-123.1814607,49.3803892]]]}},{"type":"Feature","id":"92359991","properties":{"kind":"wood","name":"","osmWayId":"92359991"},"geometry":{"type":"Polygon","coordinates":[[[-123.1804055,49.3805296],[-123.1803284,49.3805444],[-123.1802196,49.3806167],[-123.1800178,49.3805444],[-123.1800223,49.3805931],[-123.1801402,49.3806359],[-123.1799203,49.3807422],[-123.1798251,49.3807599],[-123.1798024,49.3806256],[-123.1797933,49.380509],[-123.1798931,49.3804972],[-123.1797639,49.3804056],[-123.1797366,49.3800543],[-123.1797434,49.3799362],[-123.1797979,49.3799097],[-123.1798024,49.3798757],[-123.1797661,49.3798654],[-123.179782,49.379827],[-123.1798455,49.3797989],[-123.179757,49.3797458],[-123.1797729,49.3796351],[-123.1798228,49.379607],[-123.1798092,49.3795436],[-123.17985,49.3795126],[-123.17985,49.3793797],[-123.1798908,49.379331],[-123.1799135,49.3793428],[-123.1798999,49.3794166],[-123.1799384,49.379427],[-123.1799702,49.3793989],[-123.1801742,49.379762],[-123.180104,49.3797886],[-123.1801334,49.3798521],[-123.1802355,49.3798358],[-123.1802831,49.379982],[-123.1801085,49.3800041],[-123.1801153,49.3800602],[-123.1803375,49.3800455],[-123.1803012,49.3800986],[-123.18041,49.3801119],[-123.1803035,49.3801916],[-123.1803534,49.3802816],[-123.1804236,49.3803067],[-123.1803647,49.3803348],[-123.1804055,49.3805296]]]}},{"type":"Feature","id":"92359992","properties":{"kind":"wood","name":"","osmWayId":"92359992"},"geometry":{"type":"Polygon","coordinates":[[[-123.1816009,49.3854785],[-123.1816633,49.385454],[-123.1816648,49.3853425],[-123.1816082,49.3852103],[-123.181556,49.3852169],[-123.1815008,49.3853038],[-123.1815081,49.3853227],[-123.1814297,49.3853132],[-123.1814007,49.3853331],[-123.1814137,49.3853605],[-123.1814921,49.3853623],[-123.1815356,49.3854124],[-123.1815618,49.3854795],[-123.1816009,49.3854785]]]}},{"type":"Feature","id":"92359997","properties":{"kind":"water","name":"Triangle Lake","osmWayId":"92359997"},"geometry":{"type":"Polygon","coordinates":[[[-123.1820556,49.3869638],[-123.1818488,49.386782],[-123.1818343,49.3867383],[-123.1817926,49.3867158],[-123.181772,49.3867289],[-123.18174,49.3867383],[-123.1816293,49.3868587],[-123.1815495,49.3869886],[-123.1815696,49.3870101],[-123.1816447,49.3870222],[-123.1817714,49.3869978],[-123.181817,49.3870099],[-123.1818866,49.3869821],[-123.1819888,49.3869899],[-123.1820556,49.3869638]]]}},{"type":"Feature","id":"92773875","properties":{"kind":"water","name":"Emily Lake","osmWayId":"92773875"},"geometry":{"type":"Polygon","coordinates":[[[-123.1915086,49.4049995],[-123.1915426,49.4049534],[-123.191533,49.4049224],[-123.1915882,49.4049049],[-123.1916155,49.4048741],[-123.1916203,49.4048293],[-123.1915801,49.4047956],[-123.1915273,49.4047968],[-123.1914698,49.4048243],[-123.191386,49.4048248],[-123.1913274,49.404844],[-123.1913022,49.4048783],[-123.1913185,49.404925],[-123.191358,49.4049738],[-123.1914042,49.4050145],[-123.1914551,49.4050158],[-123.1915086,49.4049995]]]}},{"type":"Feature","id":"92773881","properties":{"kind":"path","name":"","osmWayId":"92773881"},"geometry":{"type":"LineString","coordinates":[[-123.2109821,49.3956207],[-123.2110306,49.3956523],[-123.2111089,49.3956717],[-123.211247,49.3956693],[-123.2114477,49.3956377]]}},{"type":"Feature","id":"92773883","properties":{"kind":"path","name":"","osmWayId":"92773883"},"geometry":{"type":"LineString","coordinates":[[-123.2106435,49.3967111],[-123.2104335,49.3966578],[-123.2102693,49.3966845],[-123.2100827,49.3967039],[-123.2099035,49.3966991],[-123.2096498,49.3966286],[-123.2093661,49.3965825],[-123.2090937,49.3965461],[-123.2089482,49.3965096],[-123.2088659,49.3964881],[-123.2086011,49.3963712],[-123.2083697,49.3962619],[-123.2082018,49.3962206],[-123.2080227,49.396172],[-123.2078793,49.3960914],[-123.2077129,49.3959971],[-123.2076715,49.3959839],[-123.2072376,49.3958282],[-123.2069015,49.3957229],[-123.2066967,49.3956639],[-123.2065114,49.3956161],[-123.2063996,49.3955972],[-123.2061882,49.3955705],[-123.2062558,49.3954879],[-123.2062996,49.3954243],[-123.2063394,49.3952416],[-123.2064121,49.395033],[-123.2064223,49.3949532],[-123.206452,49.394857],[-123.2065075,49.3947563],[-123.2065294,49.3946779],[-123.2065317,49.3946021],[-123.2065231,49.3944998],[-123.2065005,49.3944195],[-123.2064719,49.3943688],[-123.2064137,49.3942902],[-123.2061284,49.3939656]]}},{"type":"Feature","id":"92773884","properties":{"kind":"path","name":"","osmWayId":"92773884"},"geometry":{"type":"LineString","coordinates":[[-123.2100454,49.3969079],[-123.2100491,49.3968205],[-123.2100827,49.3967039],[-123.2101834,49.3965485],[-123.2102543,49.3964052],[-123.2103029,49.396342]]}},{"type":"Feature","id":"92773885","properties":{"kind":"path","name":"","osmWayId":"92773885"},"geometry":{"type":"LineString","coordinates":[[-123.210712,49.396368],[-123.2104895,49.3963542],[-123.2103029,49.396342],[-123.2100677,49.3963153],[-123.2098998,49.3962716],[-123.2096834,49.3962376],[-123.2096386,49.3961915],[-123.209702,49.3961672],[-123.2098364,49.3961259],[-123.2098998,49.3960846],[-123.2099297,49.395985],[-123.2100827,49.3958879],[-123.2102208,49.3958708],[-123.2105006,49.3958587],[-123.2106014,49.3958198],[-123.210691,49.3957421],[-123.2107246,49.3957057],[-123.210788,49.3956911],[-123.2108888,49.3956668],[-123.2109821,49.3956207],[-123.2109858,49.3955527],[-123.2108925,49.3954919],[-123.2106313,49.3954409],[-123.2103775,49.3954191],[-123.2102028,49.3954372]]}},{"type":"Feature","id":"100604830","properties":{"kind":"building","name":"Lions Express","osmWayId":"100604830"},"geometry":{"type":"Polygon","coordinates":[[[-123.1948374,49.4041843],[-123.1947962,49.404162],[-123.1947954,49.4041615],[-123.194773,49.4041494],[-123.1949339,49.4040307],[-123.194958,49.4040431],[-123.1950359,49.404083],[-123.1949608,49.4041424],[-123.1950305,49.4041843],[-123.19495,49.4042436],[-123.1948374,49.4041843]]]}},{"type":"Feature","id":"100680261","properties":{"kind":"path","name":"","osmWayId":"100680261"},"geometry":{"type":"LineString","coordinates":[[-123.2038814,49.3938774],[-123.2037974,49.393858],[-123.2037237,49.3938356],[-123.203639,49.3938079],[-123.2035722,49.3937764],[-123.2034839,49.3937272],[-123.2034143,49.393705],[-123.2033419,49.3936919],[-123.2031985,49.3936748],[-123.2030944,49.3936628],[-123.2029207,49.3936318],[-123.2028382,49.3936089],[-123.2027844,49.3935868],[-123.2027519,49.3935633],[-123.2027124,49.3935161],[-123.2025528,49.3933485],[-123.2024826,49.3932557],[-123.2024197,49.3931823],[-123.2023887,49.3931306],[-123.2023815,49.3930934],[-123.2023852,49.3929563],[-123.2023476,49.3928862],[-123.2022594,49.3927927],[-123.2021855,49.3927147],[-123.2021035,49.3926557],[-123.2020176,49.3926135],[-123.2019325,49.3925609],[-123.2018151,49.3924302]]}},{"type":"Feature","id":"100680691","properties":{"kind":"path","name":"","osmWayId":"100680691"},"geometry":{"type":"LineString","coordinates":[[-123.1924489,49.3801429],[-123.1933215,49.3797237],[-123.1940242,49.3792854],[-123.1944687,49.3788769],[-123.1947661,49.3784726],[-123.1949263,49.377947],[-123.1950505,49.3771916],[-123.1951714,49.376617],[-123.1952793,49.376351],[-123.1954252,49.3760739],[-123.1954225,49.3758111],[-123.1954181,49.3757878],[-123.1953641,49.3755051],[-123.195404,49.3750573],[-123.1955951,49.3739231],[-123.1957518,49.3728338],[-123.1958262,49.3722062],[-123.1958315,49.3716892],[-123.1957253,49.3712103],[-123.1956005,49.3707797],[-123.1955128,49.3704495],[-123.1953216,49.3701365],[-123.1951623,49.3699722],[-123.1950747,49.3696956],[-123.1948888,49.3693532],[-123.1948543,49.3691872],[-123.1948782,49.3690592],[-123.1950163,49.3689313],[-123.1952287,49.3688708],[-123.1954172,49.3688321]]}},{"type":"Feature","id":"103599463","properties":{"kind":"water","name":"","osmWayId":"103599463"},"geometry":{"type":"Polygon","coordinates":[[[-123.1721215,49.3894555],[-123.1721006,49.3894145],[-123.1719983,49.3894154],[-123.1718643,49.3894376],[-123.1717683,49.3894151],[-123.1717224,49.3894503],[-123.1717938,49.3894864],[-123.1718706,49.3894942],[-123.1720671,49.3894744],[-123.1721215,49.3894555]]]}},{"type":"Feature","id":"118406746","properties":{"kind":"wood","name":"","osmWayId":"118406746"},"geometry":{"type":"Polygon","coordinates":[[[-123.1948866,49.4113707],[-123.1956195,49.4113531],[-123.1960731,49.4112396],[-123.1966702,49.4112219],[-123.1964958,49.4113329],[-123.1965307,49.4114288],[-123.196868,49.4112295],[-123.1969184,49.411068],[-123.1972635,49.4110251],[-123.1972674,49.411121],[-123.1969649,49.411285],[-123.1970192,49.4114212],[-123.1967478,49.4114969],[-123.1964492,49.4115398],[-123.1964105,49.4114237],[-123.196015,49.4116407],[-123.195728,49.4116684],[-123.1955032,49.4117618],[-123.1954217,49.4116533],[-123.1951736,49.411565],[-123.1949138,49.4115599],[-123.1948866,49.4113707]]]}},{"type":"Feature","id":"118406747","properties":{"kind":"wood","name":"","osmWayId":"118406747"},"geometry":{"type":"Polygon","coordinates":[[[-123.1949571,49.4138686],[-123.1948703,49.4136668],[-123.1950843,49.4134549],[-123.1952828,49.4133782],[-123.1954813,49.4133439],[-123.1955279,49.4132874],[-123.1954689,49.4131845],[-123.1955186,49.4128999],[-123.1955275,49.4127268],[-123.1954831,49.4126503],[-123.1953759,49.4126517],[-123.1951712,49.4126739],[-123.1950099,49.4124983],[-123.1947651,49.4124669],[-123.1944453,49.4124256],[-123.1943851,49.4123699],[-123.1944763,49.412238],[-123.1943398,49.4121552],[-123.1941785,49.4122783],[-123.1941072,49.412351],[-123.1942096,49.4125023],[-123.1945384,49.4125871],[-123.1949509,49.4126557],[-123.1949695,49.4130513],[-123.1947462,49.4128616],[-123.194802,49.4127062],[-123.1945818,49.4126436],[-123.1943367,49.4126961],[-123.1944763,49.4129786],[-123.1946376,49.4130835],[-123.1945384,49.4131623],[-123.1944515,49.4130876],[-123.194222,49.4127163],[-123.1941258,49.4126093],[-123.1940545,49.4123631],[-123.1938621,49.412355],[-123.1938652,49.412242],[-123.1936264,49.4121895],[-123.1933844,49.4119958],[-123.1933224,49.4120281],[-123.1935395,49.4123348],[-123.1935395,49.4124902],[-123.1937474,49.4125689],[-123.1937226,49.4127667],[-123.1939924,49.4128454],[-123.1940141,49.4129746],[-123.1939118,49.4130472],[-123.1939304,49.4131986],[-123.1944608,49.4132813],[-123.1945725,49.4133863],[-123.1944856,49.4134831],[-123.1946717,49.413798],[-123.1946469,49.4138948],[-123.1947989,49.4139533],[-123.1949571,49.4138686]]]}},{"type":"Feature","id":"118406754","properties":{"kind":"path","name":"3 Bears","osmWayId":"118406754"},"geometry":{"type":"LineString","coordinates":[[-123.2005612,49.3922095],[-123.2004769,49.3919712],[-123.2003499,49.3916541],[-123.2003115,49.3915344],[-123.2002901,49.3914448],[-123.2002544,49.3912925],[-123.2002232,49.3912542],[-123.2001807,49.3912226],[-123.2001203,49.3911986],[-123.2000721,49.3911932],[-123.2000289,49.3911972],[-123.199998,49.3912127],[-123.1999682,49.3912444],[-123.1999387,49.3913133],[-123.1999192,49.391403],[-123.1998727,49.3915521],[-123.1998601,49.3916057],[-123.1998397,49.3916907],[-123.1998019,49.391924],[-123.199783,49.3919817],[-123.1997599,49.3920082],[-123.1997233,49.3920267],[-123.1996778,49.392036],[-123.1996354,49.3920343],[-123.1995915,49.3920209],[-123.1995503,49.3919951],[-123.1994897,49.3919323],[-123.1994539,49.3918495],[-123.1994129,49.3917715],[-123.1992885,49.3915618],[-123.1991816,49.3913927],[-123.1991331,49.3913228],[-123.1989696,49.3910822],[-123.1989222,49.3910018],[-123.1988833,49.3909095],[-123.1987584,49.3907025],[-123.1987344,49.3906475],[-123.1987115,49.3905832],[-123.1986609,49.3903491],[-123.1986155,49.3902557],[-123.1985319,49.3901574],[-123.1984206,49.3900459],[-123.1983411,49.3899454],[-123.1982055,49.3897179],[-123.1979951,49.3894141],[-123.1979581,49.3893108],[-123.1979376,49.3892307]]}},{"type":"Feature","id":"118407960","properties":{"kind":"wood","name":"","osmWayId":"118407960"},"geometry":{"type":"Polygon","coordinates":[[[-123.1934896,49.4127098],[-123.1933919,49.4128813],[-123.1932079,49.4129049],[-123.1931852,49.4129581],[-123.1934805,49.4129419],[-123.1936123,49.4130454],[-123.193885,49.4130335],[-123.1938759,49.4129626],[-123.1935919,49.412865],[-123.1935623,49.4127379],[-123.1934896,49.4127098]]]}},{"type":"Feature","id":"118407961","properties":{"kind":"wood","name":"","osmWayId":"118407961"},"geometry":{"type":"Polygon","coordinates":[[[-123.1934373,49.4136726],[-123.1936481,49.4135571],[-123.1940254,49.4136798],[-123.1944525,49.4139866],[-123.1944636,49.41425],[-123.1940309,49.4144088],[-123.1940808,49.4142861],[-123.1942084,49.4141526],[-123.1938756,49.4141706],[-123.1937535,49.4139649],[-123.1938201,49.4137881],[-123.1934928,49.4137303],[-123.1934373,49.4136726]]]}},{"type":"Feature","id":"118407971","properties":{"kind":"wood","name":"","osmWayId":"118407971"},"geometry":{"type":"Polygon","coordinates":[[[-123.1871153,49.4158578],[-123.1860779,49.4161754],[-123.1844636,49.4163631],[-123.1834429,49.416345],[-123.1828826,49.4165147],[-123.1828826,49.4166554],[-123.1835095,49.4167998],[-123.1838479,49.4169564],[-123.1840919,49.4169766],[-123.1843715,49.416942],[-123.1844514,49.4168553],[-123.1848553,49.4168005],[-123.1848863,49.4169275],[-123.1851437,49.41689],[-123.1855254,49.4167861],[-123.1860491,49.4164945],[-123.1852369,49.416659],[-123.1845535,49.416737],[-123.1843582,49.4167341],[-123.1846067,49.4164281],[-123.1862798,49.4163328],[-123.1871497,49.4159661],[-123.1871153,49.4158578]]]}},{"type":"Feature","id":"118407977","properties":{"kind":"wood","name":"","osmWayId":"118407977"},"geometry":{"type":"Polygon","coordinates":[[[-123.1953055,49.4226152],[-123.1951502,49.4222342],[-123.1942493,49.4219628],[-123.1950925,49.4225864],[-123.1953055,49.4226152]]]}},{"type":"Feature","id":"118407978","properties":{"kind":"wood","name":"","osmWayId":"118407978"},"geometry":{"type":"Polygon","coordinates":[[[-123.1908997,49.4129594],[-123.1905224,49.4131125],[-123.1905624,49.4131558],[-123.1909707,49.4129652],[-123.1908997,49.4129594]]]}},{"type":"Feature","id":"118407984","properties":{"kind":"wood","name":"","osmWayId":"118407984"},"geometry":{"type":"Polygon","coordinates":[[[-123.1902975,49.4141598],[-123.1907524,49.4138711],[-123.1915845,49.4137664],[-123.1912295,49.4139758],[-123.190647,49.414167],[-123.1902975,49.4141598]]]}},{"type":"Feature","id":"118407989","properties":{"kind":"wood","name":"","osmWayId":"118407989"},"geometry":{"type":"Polygon","coordinates":[[[-123.1889126,49.4156449],[-123.187964,49.4158651],[-123.1872262,49.4162115],[-123.1871818,49.4163559],[-123.1874869,49.4165219],[-123.1882469,49.4161682],[-123.1889126,49.4156449]]]}},{"type":"Feature","id":"118407991","properties":{"kind":"wood","name":"","osmWayId":"118407991"},"geometry":{"type":"Polygon","coordinates":[[[-123.1931238,49.4124008],[-123.1930284,49.4124511],[-123.1930556,49.4127423],[-123.1934101,49.4126699],[-123.1935283,49.4126033],[-123.1931579,49.4125575],[-123.1931238,49.4124008]]]}},{"type":"Feature","id":"119009684","properties":{"kind":"water","name":"","osmWayId":"119009684"},"geometry":{"type":"Polygon","coordinates":[[[-123.2220586,49.3857795],[-123.2220542,49.3856467],[-123.2220509,49.3855925],[-123.2220261,49.3855264],[-123.2220053,49.3855089],[-123.2219613,49.3854967],[-123.2219016,49.3854901],[-123.2218143,49.3854927],[-123.2216928,49.3855544],[-123.2216658,49.3855992],[-123.2216219,49.3856391],[-123.2216172,49.3856599],[-123.221623,49.3856763],[-123.221616,49.3857059],[-123.2216201,49.3857374],[-123.2216998,49.3857863],[-123.2218176,49.3858158],[-123.2219109,49.3858323],[-123.2220032,49.3858338],[-123.2220433,49.3858139],[-123.2220586,49.3857795]]]}},{"type":"Feature","id":"119009699","properties":{"kind":"water","name":"","osmWayId":"119009699"},"geometry":{"type":"Polygon","coordinates":[[[-123.219556,49.3871981],[-123.2196119,49.3871754],[-123.2196664,49.3871444],[-123.2197402,49.3871247],[-123.2198458,49.3870846],[-123.2198598,49.3870617],[-123.2199618,49.386994],[-123.2199861,49.3869699],[-123.2199897,49.3869261],[-123.2199324,49.3868528],[-123.2198991,49.3868379],[-123.2198188,49.3868114],[-123.2197803,49.3868085],[-123.2196199,49.3868488],[-123.2195433,49.3868921],[-123.2195213,49.3869295],[-123.2194813,49.386977],[-123.2194416,49.3870055],[-123.2194224,49.3870446],[-123.2194351,49.3871022],[-123.2194296,49.3871341],[-123.2194543,49.387187],[-123.219476,49.387196],[-123.219556,49.3871981]]]}},{"type":"Feature","id":"119009701","properties":{"kind":"water","name":"","osmWayId":"119009701"},"geometry":{"type":"Polygon","coordinates":[[[-123.2237369,49.3874507],[-123.2237607,49.3874215],[-123.2237569,49.3873977],[-123.2237299,49.3873558],[-123.2237311,49.3873216],[-123.2237581,49.3872575],[-123.2237558,49.3872396],[-123.223721,49.3872025],[-123.2236633,49.3872042],[-123.2236255,49.3871603],[-123.223593,49.3871092],[-123.2235836,49.3870861],[-123.2234703,49.3870723],[-123.2234237,49.3870965],[-123.223412,49.3871042],[-123.2234401,49.3871286],[-123.2234354,49.3871618],[-123.2233952,49.3871325],[-123.2233764,49.3871373],[-123.2234053,49.3871631],[-123.2233764,49.3871867],[-123.2233167,49.3871679],[-123.2233308,49.387219],[-123.2233721,49.3872563],[-123.2234054,49.3872991],[-123.223412,49.3873283],[-123.2234343,49.3873639],[-123.2234684,49.3874045],[-123.2235193,49.3874319],[-123.2235943,49.3874605],[-123.2236283,49.387457],[-123.2236505,49.3874632],[-123.2236724,49.3874857],[-123.2236922,49.3874943],[-123.2237272,49.3874939],[-123.223747,49.3874845],[-123.2237467,49.3874702],[-123.2237369,49.3874507]]]}},{"type":"Feature","id":"119968784","properties":{"kind":"wood","name":"","osmWayId":"119968784"},"geometry":{"type":"Polygon","coordinates":[[[-123.2119884,49.4234184],[-123.2117024,49.4228646],[-123.2112434,49.4227262],[-123.2111703,49.4229512],[-123.2108776,49.4229036],[-123.2105916,49.4232064],[-123.2109508,49.4233665],[-123.2104253,49.4237732],[-123.2104519,49.4239333],[-123.2109109,49.423877],[-123.2101193,49.4242058],[-123.2100395,49.4239852],[-123.2091882,49.4239203],[-123.2093877,49.4240847],[-123.209707,49.4240804],[-123.2098799,49.4242058],[-123.20984,49.4243486],[-123.2102058,49.4245779],[-123.2103854,49.4244568],[-123.210412,49.4242318],[-123.2106315,49.4241409],[-123.210718,49.4242967],[-123.211004,49.4241366],[-123.2110439,49.4239289],[-123.2109175,49.4237732],[-123.2110239,49.4235136],[-123.2119285,49.423479],[-123.2119884,49.4234184]]]}},{"type":"Feature","id":"121960443","properties":{"kind":"path","name":"Baden Powell Trail","osmWayId":"121960443"},"geometry":{"type":"LineString","coordinates":[[-123.234177,49.3828601],[-123.2340433,49.3829148],[-123.2337162,49.3831787],[-123.2335316,49.3832315],[-123.2334226,49.3833243],[-123.2332688,49.383368],[-123.2331513,49.3835246],[-123.2328454,49.3836594],[-123.2326888,49.3838542],[-123.2326329,49.3838724],[-123.2325574,49.3838742],[-123.2323169,49.3840563],[-123.232247,49.3842565],[-123.2322693,49.3844149],[-123.2320373,49.3845823],[-123.231945,49.3846788],[-123.2316318,49.3848335],[-123.2316178,49.38495],[-123.2314556,49.3851084],[-123.2311956,49.3851885],[-123.2310285,49.3852727],[-123.2308197,49.3853182],[-123.2307239,49.3853683],[-123.2306293,49.3854535],[-123.230393,49.3856147],[-123.230253,49.385761],[-123.2301463,49.3858269],[-123.2299838,49.3859413],[-123.2298089,49.3861066],[-123.2297024,49.3861587],[-123.2295862,49.3862007]]}},{"type":"Feature","id":"121960453","properties":{"kind":"wood","name":"","osmWayId":"121960453"},"geometry":{"type":"Polygon","coordinates":[[[-123.202369,49.3990599],[-123.2021913,49.399294],[-123.201983,49.3996361],[-123.2017289,49.3999083],[-123.2017783,49.3999963],[-123.2018935,49.4000452],[-123.201978,49.4001303],[-123.2021249,49.4002437],[-123.202314,49.4004424],[-123.2028035,49.4007569],[-123.2030258,49.4008472],[-123.2030882,49.4007893],[-123.2030807,49.4006822],[-123.2029202,49.4003712],[-123.202977,49.3999191],[-123.202472,49.3990342],[-123.2024205,49.3990363],[-123.202369,49.3990599]]]}},{"type":"Feature","id":"121960456","properties":{"kind":"wood","name":"","osmWayId":"121960456"},"geometry":{"type":"Polygon","coordinates":[[[-123.1996796,49.3972208],[-123.1993209,49.3972814],[-123.1989694,49.397662],[-123.1989012,49.39783],[-123.1991129,49.3979771],[-123.1992599,49.397788],[-123.199407,49.3976199],[-123.1996509,49.3975569],[-123.1996904,49.3974962],[-123.1996688,49.3973608],[-123.19978,49.3972371],[-123.1996796,49.3972208]]]}},{"type":"Feature","id":"121960457","properties":{"kind":"building","name":"Black Mountain Lodge","osmWayId":"121960457"},"geometry":{"type":"Polygon","coordinates":[[[-123.2025339,49.3947506],[-123.2023284,49.3945811],[-123.2023572,49.3945664],[-123.2021136,49.3943655],[-123.2018652,49.394493],[-123.2021169,49.3947006],[-123.2021369,49.3946903],[-123.2023384,49.3948565],[-123.2025339,49.3947506]]]}},{"type":"Feature","id":"121960460","properties":{"kind":"wood","name":"","osmWayId":"121960460"},"geometry":{"type":"Polygon","coordinates":[[[-123.2036476,49.3978895],[-123.2040603,49.3980285],[-123.204079,49.3980849],[-123.2043477,49.3984915],[-123.2044619,49.399003],[-123.20465,49.3992828],[-123.2044484,49.3995056],[-123.2041383,49.3993618],[-123.204009,49.3991662],[-123.2041387,49.3990805],[-123.2042149,49.3989699],[-123.2043508,49.398841],[-123.2043018,49.3987088],[-123.2041405,49.3985922],[-123.2040327,49.3984373],[-123.2038983,49.3983679],[-123.2037418,49.3983614],[-123.2036542,49.3983384],[-123.2034802,49.3981563],[-123.2036288,49.3980248],[-123.2036476,49.3978895]]]}},{"type":"Feature","id":"121960464","properties":{"kind":"wood","name":"","osmWayId":"121960464"},"geometry":{"type":"Polygon","coordinates":[[[-123.2029992,49.3990553],[-123.2030945,49.3991851],[-123.203105,49.3993198],[-123.2031054,49.3994436],[-123.2030694,49.3994906],[-123.2030357,49.3996203],[-123.2031783,49.3998319],[-123.2032399,49.3999839],[-123.2032033,49.4003448],[-123.2032134,49.4004942],[-123.2032863,49.4006818],[-123.203602,49.4001091],[-123.204032,49.3999124],[-123.2043612,49.399602],[-123.2038412,49.3994005],[-123.2037608,49.3993118],[-123.2035126,49.3992572],[-123.2032393,49.3990442],[-123.2031396,49.3990098],[-123.2030506,49.3990354],[-123.2029992,49.3990553]]]}},{"type":"Feature","id":"121960471","properties":{"kind":"wood","name":"","osmWayId":"121960471"},"geometry":{"type":"Polygon","coordinates":[[[-123.1985641,49.3978931],[-123.1982735,49.3980308],[-123.1981767,49.3981242],[-123.1980619,49.3987311],[-123.1980368,49.3988198],[-123.1980296,49.3988991],[-123.1980942,49.3990882],[-123.1982628,49.3991372],[-123.1983254,49.3990843],[-123.1984087,49.3990261],[-123.1985981,49.3989501],[-123.1988474,49.3987801],[-123.1990447,49.3986214],[-123.1990591,49.3985046],[-123.1991192,49.3983717],[-123.1988345,49.3981222],[-123.1986578,49.3979608],[-123.1985641,49.3978931]]]}},{"type":"Feature","id":"121960475","properties":{"kind":"building","name":"","osmWayId":"121960475"},"geometry":{"type":"Polygon","coordinates":[[[-123.2016517,49.3959879],[-123.2016149,49.3958713],[-123.2014726,49.3958952],[-123.2015162,49.3960058],[-123.2016517,49.3959879]]]}},{"type":"Feature","id":"121960477","properties":{"kind":"building","name":"","osmWayId":"121960477"},"geometry":{"type":"Polygon","coordinates":[[[-123.2016769,49.3955808],[-123.201519,49.3956998],[-123.2016195,49.3957563],[-123.2017774,49.3956372],[-123.2016769,49.3955808]]]}},{"type":"Feature","id":"121960482","properties":{"kind":"building","name":"","osmWayId":"121960482"},"geometry":{"type":"Polygon","coordinates":[[[-123.2024507,49.3953871],[-123.2022336,49.3953603],[-123.2022008,49.3954726],[-123.2024244,49.3954962],[-123.2024507,49.3953871]]]}},{"type":"Feature","id":"121960485","properties":{"kind":"wood","name":"","osmWayId":"121960485"},"geometry":{"type":"Polygon","coordinates":[[[-123.2004536,49.3993378],[-123.2001416,49.3997136],[-123.199704,49.400052],[-123.1996538,49.4002458],[-123.2003066,49.3997976],[-123.2006868,49.3994218],[-123.2004536,49.3993378]]]}},{"type":"Feature","id":"121960488","properties":{"kind":"building","name":"","osmWayId":"121960488"},"geometry":{"type":"Polygon","coordinates":[[[-123.2025296,49.3954443],[-123.2025368,49.3956134],[-123.2025156,49.3956138],[-123.2025185,49.3956828],[-123.2026507,49.3956804],[-123.2026407,49.3954423],[-123.2025296,49.3954443]]]}},{"type":"Feature","id":"121960489","properties":{"kind":"wood","name":"","osmWayId":"121960489"},"geometry":{"type":"Polygon","coordinates":[[[-123.2000598,49.3972348],[-123.19978,49.3974028],[-123.1998087,49.3975616],[-123.1998805,49.3975382],[-123.2001818,49.3973188],[-123.2002176,49.3972581],[-123.2000598,49.3972348]]]}},{"type":"Feature","id":"121960496","properties":{"kind":"wood","name":"","osmWayId":"121960496"},"geometry":{"type":"Polygon","coordinates":[[[-123.1995899,49.3976503],[-123.1994429,49.3977366],[-123.1992886,49.3979094],[-123.1993173,49.3979864],[-123.1994536,49.3979327],[-123.1996401,49.397746],[-123.1998876,49.3976946],[-123.1998159,49.3976223],[-123.1997047,49.397669],[-123.1995899,49.3976503]]]}},{"type":"Feature","id":"122885149","properties":{"kind":"path","name":"Baden Powell Trail","osmWayId":"122885149"},"geometry":{"type":"LineString","coordinates":[[-123.1953291,49.3954327],[-123.1952496,49.3954387],[-123.1951158,49.3955125],[-123.1949245,49.3956018],[-123.1947306,49.3957646],[-123.1945207,49.3958359],[-123.1944349,49.3958394],[-123.1943777,49.395873],[-123.1942939,49.3959212],[-123.1941629,49.395898],[-123.1940582,49.3958292],[-123.1939901,49.3957644],[-123.1938978,49.3956137],[-123.1937527,49.3955547],[-123.1936808,49.3955162],[-123.193592,49.3954428],[-123.1935433,49.395373],[-123.1934151,49.3952573],[-123.1934039,49.3951335],[-123.1932719,49.3950459],[-123.1930981,49.3949874],[-123.19296,49.3949505],[-123.1928793,49.3948599],[-123.1927885,49.3947684],[-123.1926626,49.3947081],[-123.192643,49.3946461],[-123.1926505,49.3945691],[-123.1926068,49.3944413],[-123.192584,49.394349],[-123.1924818,49.3942805],[-123.192395,49.3942157],[-123.192328,49.3941249],[-123.1922628,49.3940762],[-123.1920679,49.3940559],[-123.1919006,49.3939725],[-123.191618,49.3938509],[-123.1914671,49.3937301],[-123.191382,49.3936014],[-123.1911555,49.3935283],[-123.191038,49.3934552],[-123.1909276,49.3933288],[-123.1908734,49.3931886],[-123.1907787,49.3931099],[-123.190746,49.3929836],[-123.1906517,49.3928712],[-123.1905209,49.3928109],[-123.1904826,49.3927298],[-123.1903956,49.3926398],[-123.1903097,49.3925161],[-123.1901186,49.3924906],[-123.1899395,49.39237],[-123.18975,49.3923491],[-123.1896274,49.3922966],[-123.1893069,49.3920965],[-123.1889666,49.3920843],[-123.1886798,49.3919899],[-123.1885083,49.3919735],[-123.188219,49.3918679],[-123.1879661,49.3918684],[-123.1876316,49.3918285],[-123.1874746,49.3918223],[-123.1872119,49.3918204],[-123.1869757,49.3917831],[-123.1866315,49.3917984],[-123.1864096,49.3917451],[-123.1861944,49.3917619],[-123.1860221,49.3918078],[-123.1858491,49.3917955],[-123.1855721,49.3917181],[-123.1852739,49.3916924],[-123.1850187,49.391697],[-123.184673,49.3916847],[-123.1843243,49.3917108],[-123.1841003,49.3918087],[-123.1838131,49.3919107],[-123.1836558,49.3919699],[-123.1835272,49.3920771],[-123.1834579,49.3921152],[-123.1833808,49.3921368]]}},{"type":"Feature","id":"147779770","properties":{"kind":"stream","name":"Marr Creek","osmWayId":"147779770"},"geometry":{"type":"LineString","coordinates":[[-123.1809605,49.3834931],[-123.180988,49.3834561],[-123.1810011,49.383429],[-123.1811805,49.3833478],[-123.1812903,49.3833122],[-123.1814692,49.3832937],[-123.1817865,49.3832937],[-123.1819659,49.3832937],[-123.1820481,49.3833108],[-123.1821312,49.3833378],[-123.1822012,49.3833649]]}},{"type":"Feature","id":"147779771","properties":{"kind":"stream","name":"","osmWayId":"147779771"},"geometry":{"type":"LineString","coordinates":[[-123.1801303,49.3851408],[-123.1803715,49.3849534],[-123.1806282,49.3845078],[-123.1806543,49.3844537]]}},{"type":"Feature","id":"147779772","properties":{"kind":"stream","name":"","osmWayId":"147779772"},"geometry":{"type":"LineString","coordinates":[[-123.1803248,49.3869361],[-123.1800058,49.3869235],[-123.179788,49.3867563],[-123.1795274,49.3864955],[-123.1794146,49.3863715]]}},{"type":"Feature","id":"147779773","properties":{"kind":"stream","name":"","osmWayId":"147779773"},"geometry":{"type":"LineString","coordinates":[[-123.1797772,49.3829074],[-123.1792972,49.3828077],[-123.1788227,49.382276],[-123.1785266,49.3819481],[-123.1782758,49.381676],[-123.1778946,49.3815013],[-123.1772722,49.3815216],[-123.1768405,49.3814836],[-123.1765721,49.3813823]]}},{"type":"Feature","id":"240382918","properties":{"kind":"path","name":"","osmWayId":"240382918"},"geometry":{"type":"LineString","coordinates":[[-123.2284741,49.4046871],[-123.2284405,49.4048637]]}},{"type":"Feature","id":"253876962","properties":{"kind":"path","name":"Baden Powell Trail","osmWayId":"253876962"},"geometry":{"type":"LineString","coordinates":[[-123.1804538,49.3908911],[-123.1804851,49.3909254],[-123.1806157,49.3912282],[-123.1806157,49.3914102],[-123.1806912,49.391563],[-123.1806667,49.3917104],[-123.1806279,49.3918233],[-123.1805087,49.391953],[-123.1804627,49.3920588]]}},{"type":"Feature","id":"253876964","properties":{"kind":"path","name":"Hollyburn Peak Trail","osmWayId":"253876964"},"geometry":{"type":"LineString","coordinates":[[-123.180076,49.3925104],[-123.1799277,49.3925202],[-123.1798978,49.3925561],[-123.1799313,49.3926224],[-123.1799087,49.3926782],[-123.1796919,49.3928844],[-123.1796175,49.3930152],[-123.1796066,49.3931128],[-123.1796444,49.3931657],[-123.1798469,49.3931811],[-123.1799704,49.3932345],[-123.1798793,49.3933031],[-123.1799608,49.3934298],[-123.1800546,49.3935197],[-123.1801651,49.3936213],[-123.1803077,49.3938048],[-123.1803643,49.3941653],[-123.1803699,49.3942486],[-123.1803008,49.3943114],[-123.1799537,49.3944703],[-123.1798764,49.3945157],[-123.1798106,49.3945061],[-123.1797691,49.3944589],[-123.1796474,49.394479],[-123.1794095,49.3946231],[-123.1792796,49.3947365],[-123.1791582,49.3947481],[-123.1791217,49.3947987],[-123.1789639,49.3950763],[-123.1789568,49.3951739],[-123.1788499,49.3953135],[-123.1788772,49.3954357],[-123.1789802,49.3955129],[-123.1791239,49.3955517],[-123.1792792,49.3955377],[-123.179435,49.3954905],[-123.179523,49.3954884],[-123.1796672,49.3954057],[-123.1797703,49.3953784],[-123.179837,49.3953663],[-123.1800325,49.3953333],[-123.1801367,49.3952858],[-123.1802994,49.3952589],[-123.1803948,49.3952712],[-123.1803942,49.3953177],[-123.1803042,49.3953676],[-123.1802274,49.3954233],[-123.1802156,49.3954517],[-123.1802395,49.3954808],[-123.1802822,49.3954828],[-123.1805643,49.3953685],[-123.1807437,49.3952725],[-123.1809291,49.395147],[-123.1810162,49.3950931],[-123.1811331,49.3950492],[-123.1812807,49.3949976],[-123.1814268,49.3949883],[-123.1816158,49.3950265],[-123.1821024,49.3951784],[-123.1823887,49.395232],[-123.182648,49.3953539],[-123.1827705,49.3954584],[-123.1829351,49.3955503],[-123.1830253,49.3956347],[-123.182985,49.3956687],[-123.1828992,49.3956085],[-123.1827785,49.3955849],[-123.1826692,49.3955824],[-123.1824503,49.3955798],[-123.1823206,49.3956195],[-123.1822409,49.3956669],[-123.1822755,49.3957064],[-123.1824087,49.3957477],[-123.1824545,49.3958423],[-123.1824075,49.3959021],[-123.1822289,49.3959957],[-123.1820229,49.3962308],[-123.1819709,49.3962564],[-123.1818695,49.3962385],[-123.1816721,49.3963022],[-123.1816262,49.3964397],[-123.1816013,49.3965256],[-123.1815746,49.3966398],[-123.1815591,49.3967292],[-123.1815253,49.3968176],[-123.1814317,49.3969911],[-123.1814044,49.3970481],[-123.1814094,49.3971235],[-123.1816393,49.39702],[-123.1820972,49.3968185],[-123.1822535,49.3968011],[-123.1824245,49.3968131],[-123.1825372,49.3968525],[-123.1827046,49.3969156],[-123.1828073,49.3969964],[-123.1828302,49.3971755],[-123.1828895,49.3972292],[-123.1830829,49.3973791],[-123.1833067,49.3975178],[-123.1834571,49.3975872],[-123.1836647,49.3977653],[-123.1837847,49.3978903],[-123.1839737,49.397948],[-123.1840252,49.3980989],[-123.1838903,49.3982124],[-123.1838552,49.3982647],[-123.1838463,49.3984096],[-123.183787,49.3984608],[-123.1837708,49.398522],[-123.1838903,49.3986475],[-123.1839482,49.3987154],[-123.1840494,49.3987962],[-123.1840672,49.3989935],[-123.1840672,49.3991072],[-123.1840568,49.3992255],[-123.1840655,49.3992877],[-123.1841971,49.3994346],[-123.1842246,49.3996345],[-123.1842743,49.3997492],[-123.1843273,49.3998447],[-123.184358,49.3999583],[-123.1844045,49.4000448],[-123.1843697,49.4001216],[-123.1843838,49.4002552],[-123.1843236,49.400363],[-123.1841709,49.4004437],[-123.1840465,49.4004491],[-123.1839163,49.4003665],[-123.1838892,49.4002766],[-123.1838654,49.4003136],[-123.183805,49.4002677],[-123.1837556,49.4002477],[-123.1837133,49.4002512],[-123.1836571,49.4002915],[-123.1836249,49.400349],[-123.1836078,49.4004208],[-123.1835878,49.4004132],[-123.1835638,49.4003433],[-123.1835011,49.4002415],[-123.1833897,49.400133],[-123.1833551,49.4001303],[-123.1832735,49.4001669],[-123.1832424,49.4002296],[-123.1832599,49.4002972],[-123.1832692,49.4003344],[-123.1832302,49.4003908],[-123.1831934,49.4004333],[-123.1831542,49.4004796],[-123.1829106,49.4005722],[-123.1829552,49.4006338],[-123.183011,49.4006727]]}},{"type":"Feature","id":"253876965","properties":{"kind":"path","name":"Baden Powell Trail","osmWayId":"253876965"},"geometry":{"type":"LineString","coordinates":[[-123.1804627,49.3920588],[-123.1805357,49.3920907],[-123.1805382,49.3921424],[-123.1806238,49.3921973],[-123.1807222,49.3921762],[-123.1808166,49.3921053],[-123.1809489,49.3920771],[-123.1810595,49.3920242],[-123.1812246,49.3919991],[-123.1813184,49.3919956],[-123.1814753,49.3920148],[-123.1816802,49.3920358],[-123.1818653,49.3920972],[-123.1819938,49.3921397],[-123.1820441,49.39217],[-123.1821495,49.3921905],[-123.1822408,49.3922008],[-123.1823448,49.3922114],[-123.1824849,49.3922798],[-123.1825995,49.3923558],[-123.1827074,49.3923576],[-123.1828716,49.3923787],[-123.1830709,49.3922978],[-123.1831542,49.3921981],[-123.1832517,49.3921539],[-123.1833131,49.3921472]]}},{"type":"Feature","id":"257049134","properties":{"kind":"path","name":"Christmas Gully","osmWayId":"257049134"},"geometry":{"type":"LineString","coordinates":[[-123.2040037,49.4137189],[-123.2037899,49.4137806],[-123.2037178,49.4137942],[-123.2036096,49.4138022],[-123.2035823,49.4138253],[-123.2035137,49.4138445],[-123.2034388,49.4138581],[-123.2033542,49.4138466],[-123.2032901,49.4138033],[-123.2032704,49.4137669],[-123.2032488,49.413746],[-123.2032164,49.4137418],[-123.2031323,49.4136865],[-123.2031038,49.4136549],[-123.2030178,49.4136358],[-123.2029715,49.4136167],[-123.2029466,49.413599],[-123.2029243,49.4135956],[-123.202899,49.4135803],[-123.2028171,49.4135697],[-123.2026036,49.4135474],[-123.2025024,49.4135482],[-123.2023903,49.4135337],[-123.2022675,49.4135254],[-123.2021618,49.4135459],[-123.2020963,49.413516],[-123.2018739,49.4135075],[-123.2016307,49.4134478],[-123.2015717,49.4134422],[-123.201532,49.4134286],[-123.2014993,49.4134329],[-123.2014709,49.4134428],[-123.2013754,49.4134582],[-123.2013096,49.4134476],[-123.2012532,49.4134501],[-123.2012174,49.4134659],[-123.2011672,49.4134576],[-123.2011029,49.4134603],[-123.2009981,49.4134778],[-123.2009086,49.4134658],[-123.2008265,49.4134636],[-123.200772,49.4134703],[-123.2007017,49.4134854],[-123.2006256,49.4134724],[-123.2001935,49.4134252],[-123.200053,49.4135313],[-123.1999548,49.4135392],[-123.199895,49.4135302],[-123.199855,49.4135134],[-123.1997927,49.4135167],[-123.1997519,49.4135353],[-123.199715,49.4135696],[-123.1996669,49.4135776],[-123.1996172,49.4135589],[-123.1995269,49.4135703],[-123.199462,49.413566],[-123.1993693,49.4135429],[-123.1992654,49.4135421],[-123.1991756,49.4135574],[-123.1990707,49.4135579],[-123.1989994,49.4135569],[-123.1989296,49.4135705],[-123.198781,49.4135832],[-123.1985892,49.4135373],[-123.1983046,49.4134705],[-123.1981901,49.4134523],[-123.1980675,49.4134755],[-123.1979619,49.413482],[-123.1978042,49.4134513],[-123.1977196,49.4133368],[-123.1975477,49.4132264],[-123.197263,49.4131616],[-123.1971056,49.4131367],[-123.1970132,49.4131154],[-123.19692,49.4130045],[-123.1968134,49.412955],[-123.1966548,49.4128166],[-123.1965281,49.41273],[-123.1963065,49.4126421],[-123.196036,49.4125828],[-123.1957817,49.4126674],[-123.1955941,49.412625],[-123.195465,49.412562],[-123.1952617,49.4124107],[-123.1950819,49.4123375],[-123.1949735,49.4123283],[-123.1949605,49.4123272],[-123.1948783,49.4123247],[-123.194851,49.4123207],[-123.1947983,49.412313],[-123.1947285,49.4122922],[-123.1945041,49.4121943],[-123.1942956,49.4121641],[-123.1941966,49.4121703],[-123.1940986,49.4121431],[-123.1939421,49.4120828],[-123.1938072,49.4120681],[-123.193639,49.412014],[-123.1935352,49.4119998]]}},{"type":"Feature","id":"258201046","properties":{"kind":"lift","name":"","osmWayId":"258201046"},"geometry":{"type":"LineString","coordinates":[[-123.2039022,49.396069],[-123.2037125,49.3961604]]}},{"type":"Feature","id":"366720857","properties":{"kind":"path","name":"West Cypress Creek Trail","osmWayId":"366720857"},"geometry":{"type":"LineString","coordinates":[[-123.1986061,49.3872194],[-123.1986369,49.3871916],[-123.198787,49.387091],[-123.198918,49.386989],[-123.199247,49.386626],[-123.1995149,49.3861732],[-123.199618,49.385999],[-123.200056,49.385531],[-123.2001015,49.3854417],[-123.200145,49.385271],[-123.2001618,49.3851955],[-123.2002115,49.3851335],[-123.200306,49.385056],[-123.200694,49.384759],[-123.201252,49.384259],[-123.20137,49.38412],[-123.2017,49.383826],[-123.20192,49.383513],[-123.202149,49.383263],[-123.2027227,49.3826912],[-123.2029647,49.3825123],[-123.203086,49.382449],[-123.203268,49.382355],[-123.2035106,49.382225],[-123.2039526,49.3820437],[-123.204097,49.381978],[-123.204261,49.381871],[-123.2043934,49.3817144],[-123.2045324,49.3816051],[-123.2046847,49.3815044],[-123.2051148,49.3812721],[-123.205566,49.381053],[-123.206113,49.380691],[-123.2062405,49.3805472],[-123.206568,49.380166],[-123.2067534,49.3797887],[-123.2069178,49.3796438],[-123.207136,49.379497],[-123.2073372,49.379232],[-123.2075381,49.3790998],[-123.2077882,49.378962],[-123.2080981,49.3788033],[-123.2082593,49.3787382],[-123.2084752,49.3786861],[-123.2087234,49.3786564],[-123.208842,49.378622],[-123.208942,49.378564],[-123.209046,49.378471],[-123.209286,49.3781519],[-123.2093866,49.3780699],[-123.2095859,49.377966],[-123.2098541,49.3778523],[-123.2099897,49.3778237],[-123.2101172,49.3778318],[-123.2102162,49.3778593],[-123.210462,49.378012],[-123.21058,49.378057],[-123.2108,49.378095],[-123.210978,49.378097],[-123.2111407,49.3780825],[-123.2112615,49.378051],[-123.2113771,49.377985],[-123.2114991,49.3778441],[-123.2116378,49.3776679],[-123.2117534,49.3774766],[-123.2117959,49.3774063],[-123.2118739,49.3773372],[-123.2120371,49.3772583],[-123.2127873,49.3769752],[-123.2129074,49.3769502],[-123.2130184,49.3769495],[-123.213115,49.3769666],[-123.2136037,49.3771197],[-123.2137881,49.3772064],[-123.2139119,49.3773112],[-123.214055,49.377494],[-123.214172,49.377589],[-123.214235,49.37762],[-123.2143891,49.3776531],[-123.214398,49.377655],[-123.2151566,49.3776024],[-123.2152628,49.3775888],[-123.2153855,49.3775607],[-123.2154466,49.3775286],[-123.2154972,49.3775005],[-123.2155339,49.3774369],[-123.2155466,49.3773327],[-123.2155471,49.3770995],[-123.2155673,49.3769062],[-123.215569,49.37689],[-123.21561,49.376779],[-123.215743,49.376609],[-123.215987,49.376458],[-123.216148,49.376392],[-123.21684,49.376187],[-123.216963,49.376135],[-123.217061,49.376053],[-123.217127,49.375936],[-123.2171254,49.3758185],[-123.2171115,49.3757543],[-123.2171013,49.3757073]]}},{"type":"Feature","id":"375889403","properties":{"kind":"path","name":"Collins","osmWayId":"375889403"},"geometry":{"type":"LineString","coordinates":[[-123.1947064,49.4043804],[-123.1947255,49.404468],[-123.1947949,49.4046492],[-123.1944775,49.4047912],[-123.1943918,49.404889],[-123.1942857,49.4049937],[-123.1941475,49.405016],[-123.1940011,49.4049795],[-123.193797,49.4047458],[-123.1937001,49.4045359],[-123.1936623,49.4044534],[-123.1934713,49.4042097],[-123.1932063,49.4040362],[-123.1928174,49.4039018],[-123.1923829,49.403722],[-123.1922327,49.4036924],[-123.1916191,49.4037353],[-123.1912858,49.4038495],[-123.1910315,49.4039503],[-123.1909009,49.4040148],[-123.1908176,49.4040559],[-123.1905278,49.4041474],[-123.19017,49.4042428],[-123.1900034,49.4042613],[-123.1896764,49.4042203],[-123.1894186,49.4041385],[-123.1892079,49.4040833],[-123.1887493,49.4039979],[-123.1886144,49.403914],[-123.1884816,49.4036741],[-123.188432,49.4035004],[-123.1884695,49.4033642],[-123.1886594,49.4032314],[-123.188969,49.4030991],[-123.1891262,49.4029866],[-123.189257,49.4028504],[-123.1893542,49.4026747],[-123.1893903,49.4024575],[-123.1894783,49.4022009],[-123.1895121,49.4018547],[-123.1894973,49.4014715],[-123.1895754,49.401083],[-123.1899028,49.4006766],[-123.1902499,49.400295],[-123.1905159,49.4000787],[-123.1906932,49.3999762],[-123.191309,49.3996218],[-123.1918696,49.3992897],[-123.1921475,49.3991781],[-123.1928874,49.3988758],[-123.1937315,49.398437],[-123.1938069,49.3983983],[-123.1942537,49.3982067],[-123.1949772,49.3981001],[-123.1957301,49.3980339],[-123.1962271,49.3979559],[-123.1963961,49.3979227],[-123.1968162,49.3977677],[-123.1974789,49.3976535],[-123.1976379,49.3975891],[-123.1979158,49.3974995],[-123.1983059,49.3972184],[-123.1983241,49.3972007],[-123.1984645,49.3970709],[-123.1986928,49.3968587],[-123.1992178,49.3968683],[-123.1998758,49.3968803],[-123.2004398,49.3969726],[-123.2009559,49.3971298],[-123.2010238,49.3971505],[-123.201151,49.3972034],[-123.2012587,49.3972501],[-123.2013719,49.3972815],[-123.2014792,49.3972926],[-123.2017103,49.3973013],[-123.2020505,49.3972977],[-123.2028049,49.3972385],[-123.2032428,49.3971515]]}},{"type":"Feature","id":"393305097","properties":{"kind":"stream","name":"Disbrow Creek","osmWayId":"393305097"},"geometry":{"type":"LineString","coordinates":[[-123.2202975,49.3910517],[-123.2203281,49.3910406],[-123.220352,49.3910411],[-123.220385,49.3910531],[-123.2204065,49.3910737],[-123.2204507,49.3910803],[-123.2205184,49.3910973],[-123.220583,49.3911205],[-123.2206692,49.3911305],[-123.2207348,49.3911246],[-123.2208419,49.3911092],[-123.220942,49.3911152],[-123.2210344,49.3911001],[-123.2210846,49.3910921],[-123.2211995,49.3910784],[-123.2212653,49.39105],[-123.2213301,49.3910348],[-123.2213999,49.3910093],[-123.2214407,49.3910158],[-123.2215941,49.3909955],[-123.2216704,49.3910065],[-123.2217448,49.3910038],[-123.2220952,49.3909502],[-123.2222068,49.3910148],[-123.2222153,49.3910252],[-123.2222144,49.391046],[-123.2222317,49.3910648],[-123.2222814,49.3910948],[-123.2223327,49.3911163],[-123.2223701,49.3911427],[-123.2223861,49.3911587],[-123.2225665,49.3913364],[-123.2226252,49.3913916],[-123.2226452,49.3914094],[-123.2226853,49.391425],[-123.2227284,49.3914702],[-123.2227792,49.3914968],[-123.222858,49.3915248],[-123.2229087,49.3915531],[-123.2229315,49.3915986],[-123.2229297,49.3916258],[-123.2229134,49.391647],[-123.2229037,49.3916939],[-123.2228999,49.3918034],[-123.2229328,49.3918478],[-123.222967,49.3918619],[-123.2229876,49.3918896],[-123.2230625,49.3919504],[-123.2231261,49.3919869],[-123.2231853,49.3920381],[-123.223192,49.3920624],[-123.2231764,49.3920928],[-123.2231464,49.3921251],[-123.2229889,49.3923458],[-123.2229852,49.3925348],[-123.2231374,49.3928249],[-123.2231578,49.3928925],[-123.2233143,49.3929238],[-123.2233409,49.3929287],[-123.2233805,49.3929459],[-123.2234124,49.3929543],[-123.2234193,49.3929619],[-123.2234304,49.3929922],[-123.2234578,49.393023],[-123.2234675,49.3930539],[-123.2235013,49.3930725],[-123.2235329,49.3930807],[-123.2235615,49.393089],[-123.2236137,49.393091],[-123.2236677,49.3931117],[-123.2237125,49.3931171],[-123.2237416,49.3931325],[-123.2237989,49.3931422],[-123.2238357,49.393144],[-123.2239068,49.3931528],[-123.2239931,49.3931659],[-123.2240287,49.3931591],[-123.2240791,49.3931502],[-123.2240942,49.3931379],[-123.2241175,49.3931173],[-123.2241411,49.3931097],[-123.2242179,49.393104],[-123.2242343,49.3930972],[-123.2242949,49.3930912],[-123.2243545,49.3930861],[-123.2243996,49.3930799],[-123.2244318,49.3930834],[-123.2245403,49.3931173],[-123.2245639,49.3931441],[-123.2245881,49.3931849],[-123.2246266,49.3932122],[-123.2246633,49.3932237],[-123.2247089,49.3932273],[-123.2247354,49.3932487],[-123.2247863,49.3932783],[-123.2248406,49.3933015],[-123.2249203,49.3933202],[-123.2249496,49.3933394],[-123.2249704,49.3933415],[-123.2250114,49.393363],[-123.2252313,49.3934268],[-123.225374,49.3934919],[-123.2254681,49.3935211],[-123.2255873,49.3935414],[-123.2256591,49.3935704],[-123.225751,49.3935974],[-123.2257847,49.3935896],[-123.2258204,49.3935792],[-123.2258626,49.3935713],[-123.2259094,49.3935816],[-123.2259791,49.3936047],[-123.2260552,49.3936098],[-123.2261516,49.3936579],[-123.2262216,49.3936649],[-123.2263412,49.3936668],[-123.2264134,49.3936596],[-123.2264984,49.393656],[-123.2266251,49.3936541],[-123.2266562,49.3936435],[-123.2266771,49.3936326],[-123.2267628,49.3936385],[-123.2268906,49.3936539],[-123.2269747,49.3936958],[-123.2270279,49.3937173],[-123.2271347,49.3937612],[-123.2272194,49.3937905],[-123.2272746,49.393802],[-123.22738,49.3938587],[-123.2274402,49.3938814],[-123.2275402,49.3938964],[-123.2276224,49.3939259],[-123.2276647,49.3939445],[-123.2277941,49.3939642],[-123.2278514,49.3939899],[-123.22797,49.3940453],[-123.2280711,49.394076],[-123.2281511,49.3941055],[-123.2281662,49.3941286],[-123.2281852,49.3941684],[-123.2282253,49.3941991],[-123.2282778,49.3942212],[-123.2283456,49.3942414],[-123.2284948,49.3942707],[-123.2286346,49.3942611],[-123.2286799,49.3942654],[-123.2292431,49.3944279],[-123.2294628,49.3944404],[-123.229777,49.3943848],[-123.2299773,49.3944115],[-123.2301755,49.3945132],[-123.2309799,49.394634],[-123.2312535,49.3947372],[-123.2313673,49.3947457],[-123.2318946,49.3947308],[-123.2321381,49.3948118],[-123.2323458,49.3949094],[-123.2333484,49.3951729],[-123.2336416,49.3952172],[-123.2340533,49.3953206],[-123.234208,49.3953872],[-123.2343067,49.3954538],[-123.2344308,49.3956804],[-123.2345462,49.3957549],[-123.2349061,49.3958763],[-123.235009,49.3959509],[-123.2352089,49.3960521],[-123.2353718,49.3960304],[-123.2354888,49.3960485],[-123.2354872,49.3962673],[-123.2355727,49.3963925],[-123.2360436,49.3965707],[-123.2363117,49.396625],[-123.2365867,49.3965975],[-123.2367545,49.3966297],[-123.2368656,49.3967275],[-123.2370214,49.3967801],[-123.2370404,49.3969277],[-123.2372686,49.3970254],[-123.2373525,49.3971047],[-123.2374705,49.3971257],[-123.2376549,49.3972118],[-123.2380791,49.3973675],[-123.2384494,49.397434],[-123.238609,49.397464],[-123.2386257,49.39766],[-123.2386576,49.3977742],[-123.2387763,49.3979233],[-123.238886,49.3980953],[-123.2391159,49.3983753],[-123.2391647,49.3985174],[-123.2395819,49.3986583],[-123.2400699,49.3986969],[-123.240266,49.3989489],[-123.2402733,49.3991116],[-123.2403351,49.3991995],[-123.2405918,49.3992301],[-123.2410672,49.3994092],[-123.2415682,49.3995033],[-123.2424926,49.3997211],[-123.2434344,49.400017],[-123.2438254,49.4002805],[-123.2438538,49.4003976],[-123.2438178,49.4005286],[-123.2439089,49.4005951],[-123.2440825,49.4006555],[-123.2442545,49.4007504],[-123.2444617,49.4007863]]}},{"type":"Feature","id":"393305138","properties":{"kind":"stream","name":"","osmWayId":"393305138"},"geometry":{"type":"LineString","coordinates":[[-123.2131205,49.3988675],[-123.2127677,49.3989915],[-123.2121004,49.3991224],[-123.2113262,49.3991565],[-123.2104305,49.3990839],[-123.2093583,49.3987668],[-123.2090609,49.3986411]]}},{"type":"Feature","id":"393305139","properties":{"kind":"stream","name":"Cypress Creek","osmWayId":"393305139"},"geometry":{"type":"LineString","coordinates":[[-123.2024248,49.3949596],[-123.2022307,49.3949271],[-123.2020922,49.3948682],[-123.202001,49.3947992],[-123.2019094,49.3947146],[-123.2018386,49.3946989],[-123.2017094,49.3946872],[-123.2016429,49.394676],[-123.2015223,49.3946708],[-123.2014521,49.3946717],[-123.2013993,49.3946583],[-123.2013571,49.394641],[-123.2013435,49.3946282],[-123.2013137,49.394595],[-123.2012827,49.3945638],[-123.2012785,49.3945322],[-123.201281,49.3944947],[-123.2012724,49.3944702],[-123.2012368,49.3944401],[-123.2012006,49.3944278],[-123.2011472,49.394416],[-123.2010475,49.3944016],[-123.2009694,49.3943596],[-123.2009253,49.3943166],[-123.2009119,49.3942722],[-123.2008772,49.3942048],[-123.2008535,49.3941814],[-123.2007828,49.3941429],[-123.2007485,49.3941175],[-123.200716,49.3940698],[-123.2006787,49.3939898],[-123.2006268,49.393948],[-123.200565,49.3939142],[-123.2005077,49.3938692],[-123.2004378,49.3938111],[-123.2003338,49.3937576],[-123.2002228,49.3937333],[-123.2001029,49.393702],[-123.2000227,49.3936564],[-123.1999697,49.3936105],[-123.1999301,49.3935648],[-123.1999103,49.3935185],[-123.1998851,49.3934752],[-123.1998872,49.3934504],[-123.1999108,49.3934237],[-123.1999171,49.3934031],[-123.1999021,49.39334],[-123.1998709,49.3932888],[-123.1998367,49.3932706],[-123.1997842,49.3932678],[-123.1997122,49.3932731],[-123.199595,49.3932884],[-123.199463,49.3932911],[-123.1994094,49.3932811],[-123.1993669,49.3932588],[-123.1993384,49.3932206],[-123.1993227,49.3931933],[-123.1993254,49.3931708],[-123.1993552,49.3931347],[-123.1993974,49.3930986],[-123.1994254,49.3930455],[-123.1994416,49.3929952],[-123.199432,49.3929468],[-123.1993684,49.3928817],[-123.1993059,49.3928237],[-123.1992283,49.3927921],[-123.1991307,49.3927595],[-123.1990331,49.3927468],[-123.1988465,49.3926946],[-123.1988091,49.3926588],[-123.1987588,49.3925942],[-123.19875,49.3925484],[-123.1987576,49.3925257],[-123.1988028,49.3924971],[-123.1988557,49.3924528],[-123.1988814,49.3924185],[-123.198875,49.3923729],[-123.1988773,49.3923414],[-123.1988902,49.3923213],[-123.1988966,49.3922973],[-123.1988856,49.3922828],[-123.1988528,49.3922599],[-123.1988209,49.3922331],[-123.1987844,49.3922196],[-123.1987297,49.392219],[-123.1986458,49.3922191],[-123.1986027,49.3922167],[-123.1985557,49.3921675],[-123.1984904,49.3920871],[-123.1984902,49.392053],[-123.1985312,49.3919932],[-123.1985547,49.3919552],[-123.1985685,49.3919157],[-123.1985598,49.3918689],[-123.198524,49.3917902],[-123.1984518,49.39172],[-123.1983959,49.3916481],[-123.1983381,49.3915629],[-123.1982324,49.391517],[-123.1980741,49.3914404],[-123.1979532,49.3913134],[-123.1979184,49.3912828],[-123.1978365,49.3912505],[-123.1977361,49.391217],[-123.1976804,49.3911928],[-123.1976399,49.3911529],[-123.197608,49.3910912],[-123.1976002,49.3910359],[-123.1976139,49.3909299],[-123.1975985,49.390894],[-123.1975027,49.3908412],[-123.1974072,49.3908046],[-123.1973357,49.3907808],[-123.1972539,49.3907727],[-123.1972198,49.3907678],[-123.1971981,49.390756],[-123.1971824,49.3907392],[-123.1971363,49.3906412],[-123.1970885,49.3905473],[-123.1970648,49.3905222],[-123.1969158,49.3904379],[-123.1968714,49.3904207],[-123.1967067,49.3904026],[-123.1965808,49.3904039],[-123.1964909,49.390397],[-123.1963176,49.3903877],[-123.1962085,49.3903717],[-123.1960308,49.3903168],[-123.1959261,49.3902597],[-123.1958637,49.3901972],[-123.1958416,49.3901684],[-123.1958387,49.3901315],[-123.1958625,49.3901005],[-123.1958576,49.3900724],[-123.1958161,49.3900133],[-123.1957911,49.3899689],[-123.19575,49.389943],[-123.1957532,49.3899152],[-123.1957387,49.3898899],[-123.195697,49.3898415],[-123.1956729,49.3897879],[-123.1956376,49.3897207],[-123.1956422,49.3896608],[-123.1956903,49.3895962],[-123.1957251,49.3895337],[-123.1958064,49.3894626],[-123.1958668,49.3894106],[-123.1959009,49.3893549],[-123.195911,49.3893035],[-123.1959206,49.3892842],[-123.1959534,49.3892565],[-123.1959761,49.3892184],[-123.1959758,49.3891897],[-123.1959621,49.3891683],[-123.1958855,49.3891135],[-123.1958474,49.3890644],[-123.1957836,49.3890026],[-123.1957274,49.3889247],[-123.1957255,49.3888858],[-123.1957724,49.3888174],[-123.1958125,49.388746],[-123.1958752,49.3886703],[-123.1959294,49.388642],[-123.1959821,49.3886031],[-123.1959963,49.3885662],[-123.1959935,49.3885408],[-123.1959402,49.3885077],[-123.1958869,49.3884686],[-123.1958514,49.3884093],[-123.1958302,49.3883277],[-123.1958218,49.3882268],[-123.195807,49.3881755],[-123.1957832,49.3881363],[-123.1957699,49.3880806],[-123.1957646,49.3880107],[-123.1957319,49.3879157],[-123.1956844,49.3878686],[-123.1956857,49.387805],[-123.1956277,49.3876963],[-123.1955665,49.3876205],[-123.1955855,49.3875845],[-123.1957061,49.3874999],[-123.1958835,49.3873997],[-123.1960496,49.3872373],[-123.1960627,49.3871562],[-123.196062,49.3870023],[-123.196019,49.3867958],[-123.1959777,49.3866249],[-123.1959483,49.386464],[-123.1959351,49.3863828],[-123.1959069,49.3861578],[-123.1959199,49.3860225],[-123.195947,49.3859513],[-123.1959538,49.3859353],[-123.1959744,49.3858872],[-123.1960028,49.3858331],[-123.1960557,49.3857704],[-123.1960981,49.3856992],[-123.1961805,49.3856544],[-123.1962972,49.3855624],[-123.1963769,49.3854489],[-123.1964002,49.3853389],[-123.1964259,49.3852933],[-123.1964395,49.3852577],[-123.1964683,49.385195],[-123.1965635,49.3850498],[-123.1965766,49.3849686],[-123.1965625,49.3847806],[-123.196561,49.3846011],[-123.1965609,49.3845199],[-123.1965889,49.3844473],[-123.1967121,49.3842408],[-123.1967536,49.3841596],[-123.196959,49.3839431],[-123.1970132,49.3838976],[-123.1972187,49.3837352],[-123.1973836,49.3836369],[-123.1974125,49.3835743],[-123.1974255,49.3834931],[-123.1974249,49.3833393],[-123.197423,49.3831413],[-123.1974234,49.3829975],[-123.1974364,49.3829163],[-123.1975186,49.3827554],[-123.197711,49.3826471],[-123.1978763,49.3826101],[-123.1980426,49.3826101],[-123.198222,49.3826642],[-123.1983047,49.3826998],[-123.1984001,49.3827169],[-123.1984973,49.3827269],[-123.1986079,49.3827169],[-123.1987724,49.3826542],[-123.1988677,49.3825901],[-123.1990343,49.3824734],[-123.1991851,49.3822839],[-123.1991841,49.3820959],[-123.1991822,49.381925],[-123.1991817,49.3818524],[-123.1992087,49.3816459],[-123.1992507,49.3815832],[-123.1993874,49.381465],[-123.1994977,49.3814209],[-123.199842,49.3814465],[-123.1999929,49.3814465],[-123.2000476,49.3814465],[-123.2001461,49.3814194],[-123.2004478,49.381203],[-123.2006261,49.3811118],[-123.2007233,49.3810947],[-123.2008043,49.3810947],[-123.2010676,49.3811204],[-123.2011765,49.3811289],[-123.2015073,49.3811204],[-123.2017052,49.3810923],[-123.2019381,49.3810405],[-123.2020727,49.3809805],[-123.202131,49.3809305],[-123.2021466,49.3808986],[-123.2021603,49.3808709],[-123.202166,49.3807975],[-123.2021527,49.3807301],[-123.2020577,49.3806148],[-123.2019189,49.3804268],[-123.2018344,49.3803014],[-123.2018193,49.3800764],[-123.2018738,49.379887],[-123.2021077,49.3796705],[-123.2023638,49.3794976],[-123.2024518,49.3793287],[-123.2024792,49.3792376],[-123.2025348,49.3790941],[-123.2025618,49.3790318],[-123.2025584,49.3789849],[-123.2024639,49.3788736],[-123.2024527,49.3787813],[-123.2024234,49.3787432],[-123.2023796,49.3786663],[-123.2023829,49.3786261],[-123.2024853,49.3785418],[-123.2025449,49.3784759],[-123.2025551,49.378458],[-123.2025618,49.378429],[-123.2025551,49.3783968],[-123.2025393,49.3783697],[-123.2025438,49.3783163],[-123.2025303,49.3782372],[-123.2025416,49.3781544],[-123.2025584,49.3781097],[-123.2025825,49.3780056],[-123.202624,49.3779515],[-123.2027622,49.3778077],[-123.2028981,49.3776097],[-123.202926,49.37751],[-123.2030073,49.3773932],[-123.2031034,49.3772038],[-123.20313,49.3771141],[-123.2031571,49.3769617],[-123.2031718,49.376862],[-123.2031989,49.3767637],[-123.2032383,49.3767096],[-123.2033208,49.3765828],[-123.2033764,49.3765116],[-123.2034725,49.3763222],[-123.2035686,49.376214],[-123.2037046,49.3760431],[-123.2038549,49.3758351],[-123.203993,49.3756642],[-123.2041163,49.3754577],[-123.2041561,49.375395],[-123.2042124,49.3753495],[-123.2043348,49.3751871],[-123.2043899,49.3750974],[-123.204403,49.3750433],[-123.2044711,49.3748994],[-123.2045673,49.374737],[-123.2046088,49.3746288],[-123.2046069,49.3744579],[-123.2046615,49.3742955],[-123.2047716,49.3741432],[-123.2048263,49.374089],[-123.205006,49.3739723],[-123.2052653,49.3738811],[-123.2053484,49.373854],[-123.2056388,49.3738085],[-123.2058313,49.3737543],[-123.2060499,49.3736461],[-123.2063267,49.3735279],[-123.2064496,49.3734923],[-123.2066832,49.3733926],[-123.2070829,49.373287],[-123.207108,49.3729155],[-123.2071775,49.3728158],[-123.2072173,49.3727531],[-123.207314,49.3726905],[-123.207617,49.3725452],[-123.2076852,49.3725096],[-123.2079191,49.3723472],[-123.2080294,49.3722414],[-123.2080835,49.3721493],[-123.2083113,49.3720854],[-123.2083822,49.3717653],[-123.208591,49.3716807],[-123.2088661,49.3715269],[-123.2089763,49.3714557],[-123.2092509,49.3713375],[-123.2093602,49.3713104],[-123.2095938,49.3712919],[-123.2098977,49.3712107],[-123.2100902,49.3711566],[-123.2103914,49.3710028],[-123.2105576,49.3709216],[-123.2107898,49.3707778],[-123.2110232,49.3705698],[-123.2112024,49.3703804],[-123.2113532,49.3702451],[-123.2115871,49.3700286],[-123.2117231,49.3698848],[-123.2117913,49.369795],[-123.2118747,49.3696512],[-123.2119984,49.3694789],[-123.2121759,49.369308],[-123.2122305,49.3692268],[-123.2124644,49.3690374],[-123.2127381,49.3688665],[-123.2128991,49.3687694],[-123.2130831,49.3686585],[-123.213164,49.3686044],[-123.2134535,49.3684791],[-123.2135225,49.368442],[-123.2138378,49.3683253],[-123.2140167,49.3682797],[-123.2141124,49.3682341],[-123.2144168,49.3681173],[-123.2147316,49.367955],[-123.2148553,49.3678909],[-123.2151579,49.3676844],[-123.2152252,49.3676388],[-123.2154604,49.3675476],[-123.2155291,49.3675035],[-123.2157342,49.3674309],[-123.2160377,49.3673582],[-123.2161334,49.3673397],[-123.2164641,49.36725],[-123.2167933,49.3671588],[-123.2170968,49.3670321],[-123.217221,49.3669865],[-123.2173023,49.3669509],[-123.217482,49.36678],[-123.2177006,49.3666176],[-123.2178925,49.3665179],[-123.2181282,49.3664724],[-123.218472,49.3664638],[-123.2188013,49.3664539],[-123.2189959,49.3664268],[-123.2191879,49.3663812],[-123.2193947,49.3663171],[-123.2195443,49.3662459],[-123.2198346,49.3661192],[-123.2199976,49.366028],[-123.220204,49.3658756],[-123.220273,49.3658115],[-123.220287,49.3657403],[-123.2202431,49.3655238],[-123.220285,49.3653529],[-123.2203668,49.3652276],[-123.2204634,49.3650838],[-123.2206136,49.3648758],[-123.2207103,49.3647861],[-123.2209415,49.3646052],[-123.2210801,49.3644799],[-123.2212584,49.3643617],[-123.2213944,49.3642449],[-123.2216563,49.3641182],[-123.2219313,49.3639914],[-123.2220284,49.3639472],[-123.2223427,49.3638205],[-123.2226195,49.3637564],[-123.2227153,49.3637379],[-123.2229212,49.3636752],[-123.2231696,49.3636382],[-123.223293,49.3636211],[-123.2235124,49.3635656],[-123.2236637,49.36353],[-123.2237464,49.3635114],[-123.2239257,49.3634844],[-123.2240223,49.3634488],[-123.2243669,49.3634388],[-123.22445,49.3634388],[-123.2247513,49.3633932],[-123.225049,49.3633169],[-123.225548,49.3632726],[-123.2260009,49.3631767],[-123.226456,49.363126],[-123.2267922,49.3630827],[-123.2270619,49.3631269],[-123.2272448,49.3631211],[-123.2273917,49.363045],[-123.2274673,49.3629442],[-123.2275262,49.3628405],[-123.2275536,49.3626985],[-123.2275623,49.3625757],[-123.2275731,49.3624668],[-123.2276017,49.3623688],[-123.2276665,49.3622918],[-123.2277955,49.3622263],[-123.2280507,49.3621293],[-123.2281782,49.3620843],[-123.2283597,49.3620405],[-123.2285753,49.3620352],[-123.2287869,49.3620099],[-123.2289357,49.3619656],[-123.2290535,49.3618974],[-123.2291733,49.3617864],[-123.2292635,49.3616479],[-123.2293267,49.3615825],[-123.2294407,49.3615424],[-123.2295449,49.3615364],[-123.2296063,49.3615482],[-123.2296945,49.3616317],[-123.2297278,49.3616843],[-123.2297887,49.3617346],[-123.2298766,49.361761],[-123.2300423,49.361727],[-123.2302131,49.3616546],[-123.2303519,49.3616299],[-123.2304784,49.361583],[-123.2306188,49.3615302],[-123.2307579,49.3614514],[-123.2308784,49.3613631],[-123.2309591,49.3612929],[-123.2310135,49.3612843],[-123.2311082,49.3612467],[-123.2311899,49.3612398],[-123.2312436,49.3612169],[-123.2312551,49.3611579],[-123.2313014,49.3611066],[-123.2313979,49.3610623],[-123.2315128,49.3610212],[-123.2316047,49.3609381],[-123.2316125,49.3608869],[-123.2316661,49.3608563],[-123.2317885,49.3608341],[-123.2319069,49.3607743],[-123.2319959,49.3607121],[-123.2320244,49.3606457],[-123.2320958,49.3605538],[-123.2321522,49.3604855],[-123.2321728,49.3604267],[-123.2321974,49.3603897],[-123.2322073,49.360348],[-123.232234,49.3602893],[-123.2322919,49.3602556],[-123.232333,49.3602267],[-123.2324263,49.3600998],[-123.2325576,49.3599476],[-123.2326674,49.3598202],[-123.2327428,49.3597676],[-123.2327963,49.3596865],[-123.2329442,49.359602],[-123.2333408,49.3594993],[-123.2334597,49.3594869],[-123.2337031,49.3594202],[-123.2337684,49.3594451],[-123.2339186,49.3594131],[-123.2340014,49.3593713],[-123.234126,49.359263],[-123.234301,49.3591915],[-123.2343395,49.359057],[-123.234394,49.3590065],[-123.2344229,49.3588903],[-123.234542,49.3587163],[-123.2345786,49.3586869],[-123.2345844,49.3585124],[-123.234617,49.3583629],[-123.2346709,49.3582893],[-123.2347803,49.3581336],[-123.2348202,49.3580523],[-123.2349035,49.3579828],[-123.2351404,49.3578304],[-123.2355221,49.3578015],[-123.2357104,49.3577356],[-123.2357323,49.3577235],[-123.2359732,49.3575904],[-123.2360745,49.3574646],[-123.2361682,49.3572811],[-123.2362281,49.3572227],[-123.2363919,49.3572248],[-123.2366949,49.3571431],[-123.2368929,49.3570361],[-123.2370916,49.3569524],[-123.237332,49.3568651],[-123.2374993,49.3567627],[-123.2375159,49.3567526],[-123.2376178,49.3566383],[-123.2376307,49.3565165],[-123.2380506,49.3562254],[-123.2381757,49.3561683],[-123.2382028,49.3560563],[-123.2381456,49.3558899],[-123.2381851,49.3557463],[-123.2382954,49.3555915],[-123.2384486,49.3554553],[-123.2386859,49.3553469],[-123.2387245,49.355318],[-123.2387889,49.3552781],[-123.2388586,49.3552199],[-123.2390122,49.3551359],[-123.2390571,49.3550065],[-123.2390654,49.3548465],[-123.2390186,49.3547684],[-123.2390375,49.354631],[-123.2390147,49.3545759],[-123.2389993,49.3545411],[-123.239008,49.3545121],[-123.2390029,49.3544818],[-123.2389722,49.3544301],[-123.2389192,49.3543786],[-123.2389038,49.3543487],[-123.238864,49.3542462],[-123.2388586,49.3541876],[-123.2388488,49.3541394],[-123.2388137,49.354084],[-123.2387292,49.354008],[-123.2386924,49.3539348],[-123.2386489,49.3539036],[-123.238518,49.3538646],[-123.2384799,49.3538208],[-123.2384101,49.353775],[-123.2382925,49.3537306],[-123.2381714,49.3536682],[-123.2380511,49.3536267],[-123.2379454,49.353575],[-123.2378893,49.3535302],[-123.2378482,49.35348],[-123.2378012,49.3534403],[-123.237748,49.3534156],[-123.2376747,49.3534092],[-123.2376329,49.3533874],[-123.2375955,49.3533589],[-123.2375853,49.3533234],[-123.2376033,49.3532814],[-123.2376272,49.3532635],[-123.2377716,49.3532209],[-123.2378485,49.3531776],[-123.2380548,49.3530582],[-123.2381755,49.3529666],[-123.2382188,49.3529135],[-123.2383697,49.3528566],[-123.2384213,49.3528199],[-123.2385074,49.352738],[-123.2385489,49.3527239],[-123.2385904,49.3526979],[-123.2386224,49.3526812],[-123.2386624,49.3526744],[-123.2386954,49.3526651],[-123.2387032,49.3526575],[-123.238711,49.3526294],[-123.2387196,49.3526202],[-123.2387473,49.3526112],[-123.2387778,49.3526059],[-123.2388065,49.35258],[-123.2388582,49.3525406],[-123.2388914,49.3524977],[-123.2388991,49.3524643],[-123.2388871,49.3524309],[-123.2388462,49.3523851],[-123.238743,49.3523057],[-123.2386672,49.3522252],[-123.2385861,49.3521824],[-123.2385574,49.3521522],[-123.2384941,49.352136],[-123.238441,49.3521096],[-123.2384055,49.3520831],[-123.2383691,49.3520664],[-123.2382983,49.3520534],[-123.2382333,49.3520454],[-123.2381626,49.3520499],[-123.2381148,49.3520462],[-123.2380799,49.3520418],[-123.2380386,49.3520197],[-123.237978,49.3519758],[-123.2379688,49.3519648],[-123.2379525,49.3519299],[-123.2378634,49.3518673],[-123.2378056,49.3518465],[-123.2377574,49.3518217],[-123.2377083,49.3517634],[-123.2376827,49.3516898],[-123.2376687,49.3516337],[-123.2376631,49.3515833],[-123.2377083,49.3515263],[-123.2377535,49.3514585],[-123.2377533,49.3514088],[-123.2377485,49.351374],[-123.2377191,49.3513097],[-123.237726,49.3512624],[-123.2377241,49.3512037],[-123.2377307,49.3511673],[-123.2376905,49.3510818],[-123.2376286,49.3510521],[-123.237625,49.3510232],[-123.23765,49.3509912],[-123.2376805,49.3509672],[-123.2377308,49.3509529],[-123.2377569,49.3509335],[-123.2377734,49.3509007],[-123.2377675,49.3508458],[-123.2377544,49.3507831],[-123.237752,49.3507307],[-123.2377417,49.3506934],[-123.2376992,49.3506592],[-123.2376753,49.3506261],[-123.2376171,49.3505538],[-123.2376006,49.3505215],[-123.2376219,49.3504926],[-123.2376817,49.3504423],[-123.237706,49.3504132],[-123.2377148,49.3503872],[-123.2377032,49.3503676],[-123.2376443,49.3503407],[-123.2375903,49.3503086],[-123.2375756,49.3502246],[-123.2375439,49.3501696],[-123.2375046,49.3501313],[-123.237449,49.3500726],[-123.2374491,49.3500409],[-123.2374818,49.349977],[-123.237547,49.349904],[-123.2376047,49.3498607],[-123.2376185,49.3498299],[-123.237596,49.3497709],[-123.237606,49.3497135],[-123.2376363,49.3496481],[-123.2376507,49.3495937],[-123.2376607,49.3495384],[-123.2377746,49.3494308],[-123.2378453,49.3493439],[-123.2378936,49.3491421],[-123.2379071,49.3490812],[-123.2380446,49.3489217],[-123.2380688,49.3488339],[-123.2381132,49.3487622],[-123.2381529,49.3487205],[-123.2382064,49.3486815],[-123.2382227,49.3486368],[-123.2382126,49.348602],[-123.2381679,49.3485282],[-123.2380873,49.3484826],[-123.2379733,49.3484632],[-123.237877,49.3484306],[-123.2378271,49.3483918],[-123.2377819,49.348321],[-123.2377645,49.3482452],[-123.2377639,49.3481169],[-123.2377949,49.34798],[-123.2378211,49.3478822],[-123.2378076,49.3477502],[-123.2377814,49.3476471],[-123.2377046,49.3475801],[-123.2376295,49.3475581],[-123.2375745,49.3475666],[-123.2375136,49.3475852],[-123.2374449,49.347599],[-123.2373774,49.3476346],[-123.2373418,49.3476685],[-123.2372967,49.3476765],[-123.237246,49.3476627],[-123.2372236,49.3476457],[-123.2372004,49.3476214],[-123.2371525,49.3475953],[-123.2370924,49.3475743],[-123.2370715,49.3475782],[-123.2370421,49.3476034],[-123.2370086,49.347609],[-123.236943,49.3476019],[-123.2368655,49.3475878],[-123.2368512,49.347574],[-123.2368254,49.3474948],[-123.2368007,49.3473751],[-123.236794,49.3472893],[-123.236793,49.3471875],[-123.2367571,49.3470978],[-123.2367379,49.3470332],[-123.2367364,49.3469325],[-123.2367093,49.3467933],[-123.2367223,49.3466862],[-123.2367213,49.3466066],[-123.2366868,49.3465402],[-123.2366491,49.34648],[-123.2366316,49.346459],[-123.2365818,49.3464188],[-123.2365626,49.3463832],[-123.2365842,49.3462786],[-123.2365997,49.3460758],[-123.2365729,49.345961],[-123.2365645,49.3458317],[-123.2365602,49.3457243],[-123.2365349,49.3456242],[-123.236536,49.3455621],[-123.236551,49.3455247],[-123.2365778,49.3455023],[-123.2366445,49.3454908],[-123.2366982,49.3454519],[-123.2368456,49.3454129],[-123.2369324,49.3453625],[-123.2370704,49.3453485],[-123.2373351,49.3452239],[-123.2375193,49.3451573],[-123.2376279,49.3450987],[-123.2376792,49.3450317],[-123.2376862,49.3449847],[-123.2376706,49.3449241],[-123.237624,49.3448441],[-123.2375723,49.3447409],[-123.2375659,49.3446368],[-123.2375546,49.3445516],[-123.2375025,49.3444274],[-123.2374418,49.3443268],[-123.23738,49.3441961],[-123.2373767,49.3440599],[-123.2374154,49.3438426],[-123.2373863,49.3436891],[-123.2373819,49.3435061],[-123.2373836,49.3434008],[-123.2373643,49.3433561],[-123.2373468,49.3432768],[-123.2372793,49.3431961],[-123.2372361,49.3431095],[-123.2372516,49.3430046],[-123.2373073,49.3429171],[-123.2374071,49.3428131],[-123.2375489,49.3427179],[-123.2377445,49.3426301],[-123.2378675,49.3425467],[-123.2380759,49.3424654],[-123.2383585,49.3423782],[-123.2385865,49.3423184],[-123.2389634,49.342277],[-123.2392226,49.3422452],[-123.2393507,49.3421871],[-123.2395102,49.3420401],[-123.239599,49.341905],[-123.2396882,49.3417927],[-123.2398846,49.341606],[-123.2399575,49.3414878],[-123.2399662,49.3414225],[-123.23992,49.3411615],[-123.239925,49.3410943],[-123.2399535,49.3410249],[-123.2399985,49.340949],[-123.2400751,49.3408771]]}},{"type":"Feature","id":"503150932","properties":{"kind":"stream","name":"Cypress Creek","osmWayId":"503150932"},"geometry":{"type":"LineString","coordinates":[[-123.202812,49.395109],[-123.2024248,49.3949596]]}},{"type":"Feature","id":"503150933","properties":{"kind":"stream","name":"Cypress Creek","osmWayId":"503150933"},"geometry":{"type":"LineString","coordinates":[[-123.2090609,49.3986411],[-123.2088659,49.3985377],[-123.2088174,49.3984687],[-123.2087088,49.3984202],[-123.2085933,49.3983609],[-123.2085305,49.3983182],[-123.208488,49.3982814],[-123.2083744,49.3982432],[-123.2083064,49.3982124],[-123.2082463,49.3981812],[-123.2081962,49.3981727],[-123.208164,49.3981777],[-123.2080932,49.3981771],[-123.2080473,49.3981719],[-123.2080241,49.3981605],[-123.2080114,49.3981426],[-123.2079662,49.3981061],[-123.2079328,49.3980721],[-123.2078934,49.3979675],[-123.2078725,49.3979428],[-123.2078439,49.3979306],[-123.2077633,49.3979189],[-123.2077361,49.3978815],[-123.2077006,49.3978582],[-123.2076353,49.3978493],[-123.2075947,49.3978568],[-123.207572,49.3978749],[-123.207492,49.3978845],[-123.2074154,49.3978779],[-123.2072832,49.3978249],[-123.2072004,49.3977994],[-123.2071009,49.397759],[-123.2070412,49.3977067],[-123.2069827,49.3976888],[-123.2069289,49.3976804],[-123.2068646,49.3976905],[-123.2068055,49.3976858],[-123.2067623,49.3976742],[-123.2067245,49.3976462],[-123.2066147,49.39762],[-123.206548,49.3976111],[-123.2064986,49.3975991],[-123.2064199,49.3976001],[-123.2063683,49.3975873],[-123.2062859,49.3975535],[-123.2061587,49.3975192],[-123.2060172,49.3975066],[-123.2059047,49.3974545],[-123.2057096,49.3974019]]}},{"type":"Feature","id":"503150934","properties":{"kind":"path","name":"","osmWayId":"503150934"},"geometry":{"type":"LineString","coordinates":[[-123.2019427,49.3938861],[-123.202278,49.393737]]}},{"type":"Feature","id":"615032264","properties":{"kind":"path","name":"","osmWayId":"615032264"},"geometry":{"type":"LineString","coordinates":[[-123.191093,49.4044684],[-123.1910392,49.4042923],[-123.1910257,49.4041652],[-123.1909009,49.4040148]]}},{"type":"Feature","id":"673192232","properties":{"kind":"path","name":"","osmWayId":"673192232"},"geometry":{"type":"LineString","coordinates":[[-123.1968699,49.4098379],[-123.1967363,49.4098588],[-123.1965663,49.4098536],[-123.1963722,49.4098651],[-123.1962473,49.4099636],[-123.1962662,49.4100917],[-123.1963381,49.4101655],[-123.1963587,49.4102581]]}},{"type":"Feature","id":"839531896","properties":{"kind":"path","name":"West Cypress Creek Trail","osmWayId":"839531896"},"geometry":{"type":"LineString","coordinates":[[-123.1978025,49.3887547],[-123.1978359,49.3886697],[-123.1979637,49.3885659]]}},{"type":"Feature","id":"866841841","properties":{"kind":"connector","name":"","osmWayId":"866841841"},"geometry":{"type":"LineString","coordinates":[[-123.2039022,49.396069],[-123.2039185,49.3961397],[-123.2037846,49.3962036],[-123.2037125,49.3961604]]}},{"type":"Feature","id":"866841842","properties":{"kind":"path","name":"","osmWayId":"866841842"},"geometry":{"type":"LineString","coordinates":[[-123.1983059,49.3972184],[-123.1979788,49.3966717]]}},{"type":"Feature","id":"866841843","properties":{"kind":"path","name":"","osmWayId":"866841843"},"geometry":{"type":"LineString","coordinates":[[-123.1976379,49.3975891],[-123.1978056,49.3970442],[-123.1979788,49.3966717],[-123.1979932,49.3966554],[-123.1981449,49.3964942],[-123.1986181,49.3963179],[-123.1987717,49.3962725],[-123.1989684,49.3962314],[-123.1992565,49.3962146],[-123.1999023,49.3961909],[-123.200502,49.3961029],[-123.2007639,49.3960448],[-123.2009457,49.3960484]]}},{"type":"Feature","id":"866841844","properties":{"kind":"connector","name":"","osmWayId":"866841844"},"geometry":{"type":"LineString","coordinates":[[-123.2025626,49.3964188],[-123.202797,49.3963077]]}},{"type":"Feature","id":"866841845","properties":{"kind":"path","name":"","osmWayId":"866841845"},"geometry":{"type":"LineString","coordinates":[[-123.1992996,49.3985268],[-123.1991806,49.398187],[-123.1987669,49.3977066],[-123.1984629,49.3975669],[-123.1983241,49.3972007]]}},{"type":"Feature","id":"866841846","properties":{"kind":"connector","name":"","osmWayId":"866841846"},"geometry":{"type":"LineString","coordinates":[[-123.2026347,49.3961711],[-123.202797,49.3963077],[-123.2028791,49.3964038],[-123.2033858,49.3962753],[-123.2038174,49.3962675],[-123.2045394,49.3961962]]}},{"type":"Feature","id":"866841847","properties":{"kind":"connector","name":"","osmWayId":"866841847"},"geometry":{"type":"LineString","coordinates":[[-123.2038557,49.3974708],[-123.2039305,49.3972836],[-123.2035829,49.397072]]}},{"type":"Feature","id":"866841848","properties":{"kind":"connector","name":"","osmWayId":"866841848"},"geometry":{"type":"LineString","coordinates":[[-123.1982383,49.3992755],[-123.198005,49.3993709]]}},{"type":"Feature","id":"866841849","properties":{"kind":"connector","name":"","osmWayId":"866841849"},"geometry":{"type":"LineString","coordinates":[[-123.1947064,49.4043804],[-123.1942196,49.4045076],[-123.1937001,49.4045359]]}},{"type":"Feature","id":"866841852","properties":{"kind":"path","name":"","osmWayId":"866841852"},"geometry":{"type":"LineString","coordinates":[[-123.2032352,49.4010071],[-123.2032343,49.4007707],[-123.2031385,49.4005802],[-123.2030678,49.4004959],[-123.2030894,49.4001368],[-123.2030541,49.3998506],[-123.2028322,49.3994903],[-123.202623,49.3991414],[-123.2025404,49.3989391],[-123.2025276,49.3987546],[-123.2025721,49.3986556],[-123.2029029,49.3983952]]}},{"type":"Feature","id":"899502437","properties":{"kind":"wood","name":"","osmWayId":"899502437"},"geometry":{"type":"Polygon","coordinates":[[[-123.2009567,49.3973412],[-123.2006926,49.3973412],[-123.2006158,49.3974455],[-123.2006587,49.3975748],[-123.2007287,49.3975674],[-123.2010108,49.3973618],[-123.2009567,49.3973412]]]}},{"type":"Feature","id":"899502438","properties":{"kind":"wood","name":"","osmWayId":"899502438"},"geometry":{"type":"Polygon","coordinates":[[[-123.2005572,49.3974191],[-123.2002344,49.3975439],[-123.2000177,49.3977775],[-123.200354,49.3977804],[-123.2004782,49.3977481],[-123.2005842,49.3976644],[-123.2005368,49.3975439],[-123.2005572,49.3974191]]]}},{"type":"Feature","id":"899502439","properties":{"kind":"wood","name":"","osmWayId":"899502439"},"geometry":{"type":"Polygon","coordinates":[[[-123.1997762,49.3981682],[-123.1999026,49.3979626],[-123.2001035,49.3979684],[-123.1999139,49.3981036],[-123.1997762,49.3981682]]]}},{"type":"Feature","id":"899502440","properties":{"kind":"wood","name":"","osmWayId":"899502440"},"geometry":{"type":"Polygon","coordinates":[[[-123.1994535,49.3987675],[-123.1993858,49.3986426],[-123.199318,49.3986985],[-123.199318,49.3988263],[-123.1994535,49.3987675]]]}},{"type":"Feature","id":"899502441","properties":{"kind":"wood","name":"","osmWayId":"899502441"},"geometry":{"type":"Polygon","coordinates":[[[-123.199932,49.3990671],[-123.1993113,49.39917],[-123.198966,49.3994138],[-123.1991668,49.3995519],[-123.1993677,49.399593],[-123.1996408,49.3993536],[-123.199932,49.3990671]]]}},{"type":"Feature","id":"899502442","properties":{"kind":"connector","name":"","osmWayId":"899502442"},"geometry":{"type":"LineString","coordinates":[[-123.1989908,49.4000072],[-123.1992323,49.3996841],[-123.1985416,49.3995563],[-123.1982753,49.3996782],[-123.197298,49.3990554],[-123.1962733,49.3982813],[-123.1954495,49.4002863],[-123.1958307,49.4009088],[-123.1959527,49.4007499],[-123.1968985,49.4005623],[-123.1971942,49.4005037],[-123.1980597,49.4007616],[-123.1986477,49.4002598],[-123.1989908,49.4000072]]}},{"type":"Feature","id":"899502443","properties":{"kind":"wood","name":"","osmWayId":"899502443"},"geometry":{"type":"Polygon","coordinates":[[[-123.1976772,49.3988924],[-123.1973185,49.3985578],[-123.1972663,49.3984158],[-123.1971362,49.3983345],[-123.197065,49.3981054],[-123.1971636,49.397929],[-123.1973298,49.3979274],[-123.1974564,49.3979339],[-123.1976518,49.3979071],[-123.1978044,49.3978958],[-123.1977765,49.3985149],[-123.1976772,49.3988924]]]}},{"type":"Feature","id":"899502444","properties":{"kind":"wood","name":"","osmWayId":"899502444"},"geometry":{"type":"Polygon","coordinates":[[[-123.1987771,49.3975432],[-123.1985908,49.3975864],[-123.198573,49.3974621],[-123.1987616,49.3974343],[-123.1987771,49.3975432]]]}},{"type":"Feature","id":"899502445","properties":{"kind":"wood","name":"Darkside","osmWayId":"899502445"},"geometry":{"type":"Polygon","coordinates":[[[-123.191836,49.4010119],[-123.1916031,49.3997559],[-123.1909509,49.4001414],[-123.1903499,49.4005543],[-123.1911093,49.4007122],[-123.1911676,49.4008616],[-123.1915325,49.401052],[-123.191836,49.4010119]]]}},{"type":"Feature","id":"899502446","properties":{"kind":"connector","name":"","osmWayId":"899502446"},"geometry":{"type":"LineString","coordinates":[[-123.1948643,49.4005008],[-123.1952702,49.3993011],[-123.1956097,49.3982616],[-123.193999,49.3985258],[-123.192069,49.399509],[-123.1923485,49.4007607],[-123.1924241,49.4010721],[-123.1927606,49.4013464],[-123.1928998,49.4008632],[-123.1936114,49.4010243],[-123.1938842,49.4007337],[-123.1948643,49.4005008]]}},{"type":"Feature","id":"899502448","properties":{"kind":"wood","name":"","osmWayId":"899502448"},"geometry":{"type":"Polygon","coordinates":[[[-123.1958629,49.4020813],[-123.1946183,49.4022978],[-123.1939261,49.4020596],[-123.1934004,49.4021809],[-123.1931541,49.4028998],[-123.1922157,49.4029388],[-123.1901459,49.4027136],[-123.1898863,49.4015053],[-123.1903499,49.4005543],[-123.1911093,49.4007122],[-123.1911676,49.4008616],[-123.1915325,49.401052],[-123.1924241,49.4010721],[-123.1927606,49.4013464],[-123.1928998,49.4008632],[-123.1936114,49.4010243],[-123.1938842,49.4007337],[-123.1948643,49.4005008],[-123.1958629,49.4020813]]]}},{"type":"Feature","id":"899502449","properties":{"kind":"wood","name":"L. T. D","osmWayId":"899502449"},"geometry":{"type":"Polygon","coordinates":[[[-123.1946516,49.4031164],[-123.1946183,49.4022978],[-123.1958629,49.4020813],[-123.1957231,49.4028955],[-123.1946516,49.4031164]]]}},{"type":"Feature","id":"899502450","properties":{"kind":"water","name":"Strachan Lake","osmWayId":"899502450"},"geometry":{"type":"Polygon","coordinates":[[[-123.1944012,49.4029202],[-123.1941994,49.4029191],[-123.1941494,49.4028988],[-123.1940735,49.4028976],[-123.194003,49.4029024],[-123.1937382,49.4028746],[-123.193471,49.4028935],[-123.1934373,49.4029612],[-123.1934215,49.4030181],[-123.193447,49.4030505],[-123.1935152,49.4030582],[-123.1936066,49.4030424],[-123.1937216,49.4030793],[-123.1937658,49.4031163],[-123.1938452,49.403125],[-123.1938855,49.403113],[-123.1939023,49.4030828],[-123.1939852,49.403082],[-123.1940731,49.4030996],[-123.1941284,49.4031147],[-123.1942138,49.403147],[-123.1942809,49.4031389],[-123.1943656,49.4031698],[-123.1944074,49.4031633],[-123.1944703,49.4031291],[-123.1944902,49.4030702],[-123.194532,49.4030404],[-123.1945415,49.402995],[-123.1945321,49.4029663],[-123.1945141,49.4029582],[-123.1944673,49.4029547],[-123.1944459,49.402928],[-123.1944012,49.4029202]]]}},{"type":"Feature","id":"899502451","properties":{"kind":"wood","name":"","osmWayId":"899502451"},"geometry":{"type":"Polygon","coordinates":[[[-123.1982002,49.408231],[-123.1980761,49.4081488],[-123.1977073,49.408025],[-123.1975209,49.4080117],[-123.197398,49.4080265],[-123.1977507,49.4083527],[-123.197861,49.4084282],[-123.1979646,49.4084169],[-123.1981332,49.4083167],[-123.1982002,49.408231]]]}},{"type":"Feature","id":"899502452","properties":{"kind":"wood","name":"","osmWayId":"899502452"},"geometry":{"type":"Polygon","coordinates":[[[-123.1971533,49.4088758],[-123.1975049,49.4086314],[-123.197283,49.4085271],[-123.1970271,49.4087858],[-123.1971533,49.4088758]]]}},{"type":"Feature","id":"899502455","properties":{"kind":"wood","name":"","osmWayId":"899502455"},"geometry":{"type":"Polygon","coordinates":[[[-123.2028116,49.4015588],[-123.2033071,49.4011636],[-123.2017886,49.4002846],[-123.2013171,49.4005915],[-123.2028116,49.4015588]]]}},{"type":"Feature","id":"899502456","properties":{"kind":"wood","name":"","osmWayId":"899502456"},"geometry":{"type":"Polygon","coordinates":[[[-123.2018765,49.4017877],[-123.202412,49.4016421],[-123.201429,49.4008723],[-123.2011173,49.4008411],[-123.2009095,49.4012988],[-123.2015648,49.4015172],[-123.2018765,49.4017877]]]}},{"type":"Feature","id":"899502457","properties":{"kind":"wood","name":"","osmWayId":"899502457"},"geometry":{"type":"Polygon","coordinates":[[[-123.2000624,49.401616],[-123.2003501,49.4007579],[-123.1997107,49.4005239],[-123.1991193,49.4003887],[-123.1982322,49.4013144],[-123.1995109,49.4013612],[-123.1996148,49.4016785],[-123.2000624,49.401616]]]}},{"type":"Feature","id":"899502458","properties":{"kind":"wood","name":"","osmWayId":"899502458"},"geometry":{"type":"Polygon","coordinates":[[[-123.2004726,49.400488],[-123.200688,49.400014],[-123.2007371,49.3998483],[-123.200724,49.3997273],[-123.1999265,49.4003522],[-123.2000658,49.4004812],[-123.2002999,49.4005327],[-123.2004726,49.400488]]]}},{"type":"Feature","id":"899502460","properties":{"kind":"connector","name":"","osmWayId":"899502460"},"geometry":{"type":"LineString","coordinates":[[-123.2061282,49.3971968],[-123.2061553,49.3971674]]}},{"type":"Feature","id":"900019048","properties":{"kind":"connector","name":"","osmWayId":"900019048"},"geometry":{"type":"LineString","coordinates":[[-123.2003499,49.3916541],[-123.1998601,49.3916057],[-123.1991331,49.3913228]]}},{"type":"Feature","id":"900020032","properties":{"kind":"path","name":"","osmWayId":"900020032"},"geometry":{"type":"LineString","coordinates":[[-123.1910554,49.3826112],[-123.1907558,49.3828013],[-123.1904833,49.3828372],[-123.1901858,49.382726]]}},{"type":"Feature","id":"900020033","properties":{"kind":"path","name":"","osmWayId":"900020033"},"geometry":{"type":"LineString","coordinates":[[-123.1903938,49.3829678],[-123.1903818,49.3831043],[-123.1903658,49.3833752],[-123.1903646,49.3833972]]}},{"type":"Feature","id":"908142303","properties":{"kind":"path","name":"Upper Powerline","osmWayId":"908142303"},"geometry":{"type":"LineString","coordinates":[[-123.1841744,49.3827284],[-123.1842202,49.3827185],[-123.1843081,49.3827131]]}},{"type":"Feature","id":"908142304","properties":{"kind":"path","name":"Upper Powerline","osmWayId":"908142304"},"geometry":{"type":"LineString","coordinates":[[-123.1845783,49.3826578],[-123.1847239,49.3826337]]}},{"type":"Feature","id":"908142305","properties":{"kind":"path","name":"","osmWayId":"908142305"},"geometry":{"type":"LineString","coordinates":[[-123.1844654,49.3827548],[-123.1844192,49.3827392],[-123.1843081,49.3827131]]}},{"type":"Feature","id":"908142306","properties":{"kind":"path","name":"","osmWayId":"908142306"},"geometry":{"type":"LineString","coordinates":[[-123.1845432,49.3827811],[-123.1844654,49.3827548]]}},{"type":"Feature","id":"908142307","properties":{"kind":"path","name":"Hollyburn Winter Access Trail","osmWayId":"908142307"},"geometry":{"type":"LineString","coordinates":[[-123.1913704,49.37967],[-123.1912513,49.3796663],[-123.1911298,49.3797059],[-123.1903766,49.3802872],[-123.1899453,49.3805601],[-123.1888775,49.3812189],[-123.1884328,49.3814933],[-123.1878558,49.3816792],[-123.1876067,49.3819441],[-123.1875035,49.3821695],[-123.1874913,49.3823396],[-123.1874306,49.3823752],[-123.1872726,49.3821775],[-123.1871937,49.3820984],[-123.1871208,49.3820746],[-123.1870783,49.3821181],[-123.1870054,49.3822803],[-123.1867685,49.3824226],[-123.1865984,49.3826836],[-123.1864526,49.3828141],[-123.1862096,49.3828616],[-123.1856933,49.3828537],[-123.1854527,49.3828604],[-123.1853919,49.3829016],[-123.185285,49.382942],[-123.1851482,49.3829656],[-123.1850454,49.3829525],[-123.1849826,49.3829762],[-123.1844116,49.3832175],[-123.1843543,49.3832365]]}},{"type":"Feature","id":"908142308","properties":{"kind":"path","name":"Hollyburn Winter Access Trail","osmWayId":"908142308"},"geometry":{"type":"LineString","coordinates":[[-123.1843543,49.3832365],[-123.184233,49.3832771]]}},{"type":"Feature","id":"908142309","properties":{"kind":"path","name":"Hollyburn Winter Access Trail","osmWayId":"908142309"},"geometry":{"type":"LineString","coordinates":[[-123.184233,49.3832771],[-123.1838443,49.3834381],[-123.1833486,49.3836722],[-123.1828809,49.3838581],[-123.1828482,49.3839949],[-123.1826622,49.384119],[-123.1825711,49.3842179],[-123.182528,49.3843989],[-123.182462,49.3844873],[-123.1823221,49.3845501],[-123.181958,49.3847274],[-123.1817754,49.3848427]]}},{"type":"Feature","id":"908142310","properties":{"kind":"path","name":"Hollyburn Winter Access Trail","osmWayId":"908142310"},"geometry":{"type":"LineString","coordinates":[[-123.1817754,49.3848427],[-123.1816918,49.3849675]]}},{"type":"Feature","id":"909309497","properties":{"kind":"stream","name":"","osmWayId":"909309497"},"geometry":{"type":"LineString","coordinates":[[-123.1893099,49.3924236],[-123.1908648,49.3913729]]}},{"type":"Feature","id":"1011352663","properties":{"kind":"connector","name":"","osmWayId":"1011352663"},"geometry":{"type":"LineString","coordinates":[[-123.2022822,49.3961272],[-123.2026347,49.3961711]]}},{"type":"Feature","id":"1011858367","properties":{"kind":"path","name":"Panorama","osmWayId":"1011858367"},"geometry":{"type":"LineString","coordinates":[[-123.2058659,49.3970146],[-123.2058944,49.3970987],[-123.2059508,49.3971981],[-123.2060118,49.3972499],[-123.2060762,49.3972799],[-123.206132,49.3972981],[-123.2061845,49.3973043],[-123.2062993,49.3972904],[-123.2063519,49.3972743],[-123.2063948,49.3972282]]}},{"type":"Feature","id":"1011858368","properties":{"kind":"path","name":"Black Mountain Trail","osmWayId":"1011858368"},"geometry":{"type":"LineString","coordinates":[[-123.2072345,49.3977408],[-123.2073517,49.3977705],[-123.2074398,49.3977491],[-123.2074884,49.3977147],[-123.2075851,49.397647],[-123.2076968,49.3976325],[-123.2078351,49.3976499],[-123.2079356,49.3976384],[-123.207996,49.3976073],[-123.2080939,49.3976047],[-123.208242,49.3976474],[-123.2084339,49.3977356],[-123.2084564,49.3978313],[-123.2084846,49.3978446],[-123.2086411,49.3978727],[-123.2087382,49.3978395],[-123.2087744,49.3978031],[-123.2088132,49.3977126],[-123.2088583,49.3976687],[-123.2089911,49.3976518],[-123.2091443,49.3976509],[-123.2092632,49.3976276],[-123.2093601,49.397598],[-123.2094267,49.3975331],[-123.2094757,49.3974984],[-123.2095304,49.3974782],[-123.2096596,49.3974816],[-123.2099191,49.397523],[-123.2101324,49.3975443],[-123.2102998,49.3975511],[-123.2103983,49.3975551],[-123.2104389,49.3975172],[-123.2104965,49.3974698],[-123.2106739,49.3973684],[-123.2107635,49.3972939],[-123.2107394,49.3972148],[-123.210698,49.3970407],[-123.2106571,49.3969192],[-123.2106246,49.3967902],[-123.2106435,49.3967111],[-123.2106814,49.3966488],[-123.2107461,49.3966134],[-123.210937,49.3965115],[-123.21096,49.3964476],[-123.2108933,49.3964178],[-123.2107544,49.3963726],[-123.210712,49.396368],[-123.2106893,49.3963499],[-123.2107132,49.3963317],[-123.2107925,49.3963055],[-123.2109067,49.3962755],[-123.211051,49.3961702],[-123.2111851,49.396073],[-123.211332,49.3960183],[-123.2113662,49.3959539],[-123.2113684,49.395871],[-123.2113383,49.3958411],[-123.2114271,49.3957028],[-123.2114477,49.3956377],[-123.2114824,49.3956127]]}},{"type":"Feature","id":"1011858369","properties":{"kind":"path","name":"Black Mountain Trail","osmWayId":"1011858369"},"geometry":{"type":"LineString","coordinates":[[-123.2114824,49.3956127],[-123.2115307,49.39555]]}},{"type":"Feature","id":"1011858375","properties":{"kind":"path","name":"Black Mountain Loop","osmWayId":"1011858375"},"geometry":{"type":"LineString","coordinates":[[-123.2170008,49.3893146],[-123.2170033,49.3893559],[-123.2169969,49.38939],[-123.2169639,49.3894272],[-123.2168708,49.3894779],[-123.2168243,49.3895243],[-123.2167542,49.3895822],[-123.2166811,49.3896132],[-123.2166269,49.3896236],[-123.2166043,49.3896375],[-123.2165922,49.3896726],[-123.2165817,49.3897407],[-123.2166001,49.3898211],[-123.2165747,49.3898799],[-123.2164981,49.3899643],[-123.2163927,49.3900536],[-123.2162676,49.3901],[-123.216161,49.3901833],[-123.2160191,49.3902805],[-123.2159297,49.3903087],[-123.2158086,49.3903251],[-123.2157365,49.3903376],[-123.2156886,49.3903473],[-123.2156334,49.390365],[-123.2156099,49.3903801],[-123.2155727,49.3904039],[-123.2155349,49.3904474],[-123.2155181,49.3904908],[-123.2155373,49.3905407],[-123.2155793,49.3905465],[-123.2156493,49.3905354],[-123.2157254,49.390548],[-123.2157828,49.3905895],[-123.2158053,49.3906408],[-123.2158118,49.3906847],[-123.2157607,49.3907741],[-123.2157086,49.3908727],[-123.2157374,49.3909334],[-123.2157833,49.3909812],[-123.2159392,49.3910573],[-123.2160566,49.3910882],[-123.216142,49.3911182],[-123.216177,49.3911459],[-123.2162189,49.391176],[-123.2162672,49.3911821],[-123.2163396,49.391176],[-123.2163806,49.3911444],[-123.2164342,49.3911046],[-123.2165574,49.3910689],[-123.216686,49.3910651],[-123.2167763,49.3910744],[-123.2168556,49.3911002],[-123.216886,49.3911348],[-123.216881,49.3911569],[-123.2168203,49.3912041],[-123.2167615,49.3912817],[-123.2167074,49.3913423],[-123.216688,49.3913677],[-123.2166203,49.3914853],[-123.2166156,49.3915382],[-123.2166517,49.3915833],[-123.216722,49.3916062],[-123.2169007,49.3915962],[-123.2169389,49.3916117],[-123.2169535,49.3916426],[-123.2169233,49.3917628],[-123.2169336,49.3918627],[-123.2169848,49.3919671],[-123.2170371,49.3920282],[-123.2170728,49.3920642],[-123.2171214,49.3920834],[-123.2171885,49.3920925],[-123.2172605,49.3920828],[-123.2173209,49.3920578],[-123.2173803,49.3919827],[-123.2175378,49.3919307],[-123.2176414,49.3919],[-123.2176817,49.3919057],[-123.2177317,49.3919372],[-123.2177792,49.392002],[-123.2178725,49.392014],[-123.2179379,49.3920422]]}},{"type":"Feature","id":"1029183577","properties":{"kind":"path","name":"Sitzmark","osmWayId":"1029183577"},"geometry":{"type":"LineString","coordinates":[[-123.1871966,49.38067],[-123.1872115,49.3807333],[-123.1872628,49.380786],[-123.1873334,49.3808261]]}},{"type":"Feature","id":"1036994004","properties":{"kind":"path","name":"Mountain Abyss Traverse","osmWayId":"1036994004"},"geometry":{"type":"LineString","coordinates":[[-123.2511271,49.3844653],[-123.2504895,49.3854206],[-123.2504602,49.3854401],[-123.2503988,49.3854588],[-123.2503448,49.3854919],[-123.2502525,49.385578],[-123.2500804,49.3856592],[-123.2499968,49.3856871],[-123.2499228,49.3857029],[-123.2497966,49.3857496],[-123.2496803,49.3858004],[-123.2494904,49.3859989],[-123.249023,49.3865312],[-123.2482387,49.3876888],[-123.2479548,49.3882467],[-123.247583,49.3885408],[-123.2473644,49.3888802],[-123.2471198,49.3890674],[-123.2469189,49.3894358],[-123.2466407,49.3897563],[-123.2464755,49.3901176],[-123.2462538,49.3903851],[-123.2459144,49.390641],[-123.2456097,49.3911192],[-123.2455075,49.3915645],[-123.2452615,49.3919227],[-123.2450019,49.3921756],[-123.2447316,49.392246],[-123.2439333,49.3929058],[-123.2432905,49.393647],[-123.2426824,49.3940588],[-123.241923,49.3940916],[-123.2417544,49.394198],[-123.2418373,49.3943936],[-123.2414561,49.3948876],[-123.2407675,49.3954742],[-123.2403791,49.3960064],[-123.2401268,49.3963349],[-123.2398008,49.39664],[-123.2392529,49.3967479],[-123.2389838,49.3969637],[-123.2385035,49.3970318],[-123.2375402,49.3970584],[-123.2374705,49.3971257],[-123.2374855,49.3972577],[-123.2373312,49.397363],[-123.2372436,49.3975733],[-123.2374254,49.3977188],[-123.2374555,49.3978951],[-123.2371951,49.3981255],[-123.2370569,49.3983915],[-123.2366627,49.3987471],[-123.2364492,49.3988759],[-123.2361203,49.3989065],[-123.2359013,49.3989942],[-123.235725,49.3991562],[-123.2354105,49.3992512],[-123.2351867,49.3994608],[-123.2349701,49.3996879],[-123.2346439,49.3998674],[-123.2343273,49.3999459],[-123.2339821,49.3999311],[-123.2337397,49.3999777],[-123.2330474,49.4002213],[-123.2328051,49.4003673],[-123.2327079,49.400472],[-123.2329479,49.4009098],[-123.232906,49.4011311],[-123.2328874,49.401368],[-123.2326177,49.4016954],[-123.2325406,49.4018489],[-123.232487,49.4020095],[-123.2326656,49.4023108],[-123.2326485,49.4024257],[-123.2327478,49.402542],[-123.2327366,49.4026578],[-123.2324481,49.4032222],[-123.2322816,49.4034729],[-123.2321025,49.4036356],[-123.2318471,49.4037416],[-123.2315488,49.4037788],[-123.2313852,49.4038103],[-123.2313222,49.4039636],[-123.2313566,49.404207],[-123.231495,49.4043578],[-123.2315004,49.4045057],[-123.231366,49.4046395],[-123.2310587,49.4047566],[-123.2306563,49.404923]]}},{"type":"Feature","id":"1057803537","properties":{"kind":"path","name":"","osmWayId":"1057803537"},"geometry":{"type":"LineString","coordinates":[[-123.2255793,49.3794548],[-123.2255744,49.3794617],[-123.2255377,49.3794987],[-123.225501,49.3795086],[-123.225369,49.3795189],[-123.2252111,49.3795531],[-123.2250532,49.3796263],[-123.2248806,49.3797599],[-123.2248598,49.3798065],[-123.2248677,49.3798384],[-123.2249135,49.3798583],[-123.2250742,49.3798797],[-123.2251527,49.379917],[-123.2252107,49.3799638],[-123.2252242,49.3800111],[-123.225229,49.3800565],[-123.2252063,49.3801023],[-123.2251301,49.3801277],[-123.2249958,49.3801626],[-123.2249037,49.3802373],[-123.2248763,49.3802801],[-123.2248827,49.3803107],[-123.224904,49.3803301],[-123.2249467,49.3803325],[-123.225029,49.3803169],[-123.2250752,49.3802949],[-123.2251005,49.3803012],[-123.225105,49.3803209],[-123.2250939,49.3803432],[-123.2250295,49.3804624],[-123.2249215,49.3805507],[-123.2246828,49.3806959],[-123.2246031,49.3807056],[-123.2244733,49.3806964],[-123.2244245,49.3807057],[-123.2243895,49.3807503],[-123.2243779,49.3808012],[-123.2243865,49.3808316],[-123.2245052,49.3809369],[-123.2245182,49.380968],[-123.2245057,49.3809848],[-123.2244845,49.3809932],[-123.2243628,49.380981],[-123.2242934,49.3810021],[-123.224236,49.3810419],[-123.2241993,49.3810577],[-123.2241514,49.3810816],[-123.2241431,49.3810948],[-123.2241542,49.3811082],[-123.2242145,49.3811639],[-123.2242311,49.3812152],[-123.2242098,49.38124],[-123.2241292,49.3812646],[-123.2240837,49.3812717],[-123.2240564,49.3812836],[-123.2240426,49.3812999],[-123.2240704,49.3813315],[-123.2240849,49.3813796],[-123.2240795,49.38141],[-123.224022,49.3814446],[-123.2240226,49.3814591],[-123.2240509,49.381511],[-123.2240549,49.3815368],[-123.2240375,49.3815569],[-123.2239796,49.381579],[-123.2238724,49.3815986],[-123.2238342,49.3816162],[-123.22382,49.3816446],[-123.2238356,49.3816788],[-123.2238684,49.3817514],[-123.2238659,49.381781],[-123.2238306,49.3818013],[-123.2237312,49.3818239],[-123.2237006,49.3818491],[-123.2236912,49.3819343],[-123.2237026,49.3819959],[-123.2236952,49.3820307],[-123.2236823,49.3820534],[-123.2236333,49.3820648],[-123.2234267,49.3820676],[-123.2233473,49.3820783],[-123.222933,49.3821731],[-123.2227629,49.3821614],[-123.2226072,49.3821418],[-123.2224949,49.3821596],[-123.2224422,49.3822008],[-123.2224318,49.3822526],[-123.2224622,49.3823594],[-123.2224886,49.3824989],[-123.2225704,49.3826135],[-123.2225996,49.3826367],[-123.2226534,49.382647],[-123.2227195,49.3826398],[-123.2229084,49.3826033],[-123.2229889,49.382594],[-123.2230833,49.3825938],[-123.2230914,49.3826001],[-123.2230893,49.3826089],[-123.2230774,49.3826225],[-123.2230452,49.3826349],[-123.2230283,49.382657],[-123.2230522,49.3826996],[-123.22305,49.3827879],[-123.2230084,49.382842],[-123.2229277,49.3828886],[-123.2229076,49.3829116],[-123.2229232,49.3829363],[-123.2229669,49.3829816],[-123.2229614,49.3830097],[-123.2229226,49.3830501],[-123.2227349,49.3831552],[-123.2226526,49.3832102],[-123.2226429,49.3832507],[-123.2226262,49.3832675],[-123.2225953,49.3832686],[-123.2224986,49.3832526],[-123.2224604,49.3832506],[-123.2224352,49.3832659],[-123.2224105,49.3833006],[-123.222388,49.3833093],[-123.2223252,49.3832826],[-123.2222438,49.3832586],[-123.2221725,49.3832562],[-123.2221558,49.3832643],[-123.2221545,49.3832834],[-123.2222345,49.3833416],[-123.2222423,49.3833641],[-123.2222219,49.3833754],[-123.2221623,49.3833712],[-123.2220916,49.3833538],[-123.2217989,49.3833554],[-123.2216853,49.3833963],[-123.2216224,49.3834358],[-123.2216526,49.3835298],[-123.2216543,49.38355],[-123.2216359,49.383561],[-123.221567,49.3835769],[-123.2214647,49.3835705],[-123.2214211,49.3835793],[-123.2214022,49.383589],[-123.2213929,49.3836011],[-123.2214056,49.3836184],[-123.2214878,49.3836478],[-123.2216385,49.3837127],[-123.2216649,49.383724],[-123.2217121,49.3837989],[-123.2217231,49.3838409],[-123.2217058,49.383883],[-123.2216728,49.3839172],[-123.2216998,49.3839695],[-123.2216993,49.3840361],[-123.2217069,49.3841148],[-123.2216942,49.3841381],[-123.2216608,49.3841464],[-123.2216336,49.3841409],[-123.2216217,49.3841291],[-123.221635,49.3841016],[-123.2216346,49.3840637],[-123.2216062,49.3840265],[-123.2215842,49.3840101],[-123.2215777,49.3839954],[-123.2216086,49.3839588],[-123.2216134,49.3839394],[-123.2216031,49.3839295],[-123.2215768,49.3839328],[-123.2215403,49.3839592],[-123.2214713,49.3839877],[-123.2214126,49.38399],[-123.2213379,49.3839721],[-123.2212517,49.3838716],[-123.2211692,49.3838422],[-123.2209533,49.3838585],[-123.2207036,49.3838472],[-123.2204258,49.3838266],[-123.2203145,49.3838332],[-123.2202753,49.3838439],[-123.2202631,49.3838543],[-123.2202722,49.3838727],[-123.2203744,49.3839154],[-123.2205051,49.3839317],[-123.2207514,49.3839858],[-123.2208888,49.3840308],[-123.2209942,49.3840868],[-123.2210257,49.3841162],[-123.2210122,49.3841289],[-123.2209338,49.3841412],[-123.2208553,49.3841416],[-123.2208388,49.3841522],[-123.2208467,49.384172],[-123.2209274,49.3842061],[-123.2210081,49.3842561],[-123.2210111,49.3842791],[-123.2209964,49.3842972],[-123.2209639,49.3843016],[-123.2208931,49.3842775],[-123.2208385,49.3842543],[-123.220785,49.3842473],[-123.2207315,49.3842561],[-123.2205618,49.3842804],[-123.2203819,49.3842914],[-123.2201315,49.3842943],[-123.219973,49.3842655],[-123.2198889,49.3842843],[-123.2197307,49.38431],[-123.2196501,49.3843542],[-123.2195633,49.3844507],[-123.2195246,49.3845179],[-123.2195191,49.3846279]]}},{"type":"Feature","id":"1061982151","properties":{"kind":"path","name":"Mountain Abyss Traverse","osmWayId":"1061982151"},"geometry":{"type":"LineString","coordinates":[[-123.230838,49.4063563],[-123.2308777,49.4065946],[-123.2306862,49.4069991],[-123.2301781,49.407248],[-123.2295541,49.4074325],[-123.2289992,49.4077509],[-123.2285601,49.4080032],[-123.2284221,49.4082427],[-123.2278791,49.4087015],[-123.2273442,49.4090131],[-123.2271185,49.409112],[-123.2271691,49.4092248],[-123.22735,49.4093308],[-123.22755,49.4095032],[-123.2281491,49.4097334],[-123.2289223,49.4098366],[-123.2288791,49.4100927],[-123.2290773,49.4103626],[-123.2289879,49.4104552],[-123.2290023,49.4106316],[-123.2292378,49.4106878],[-123.229257,49.4108592],[-123.2294101,49.4110011],[-123.2295474,49.4112318],[-123.2294051,49.4114918],[-123.2294384,49.4119265],[-123.2292141,49.412136],[-123.2292078,49.412459],[-123.2289572,49.4127644],[-123.2284227,49.4129186],[-123.2276472,49.4132015],[-123.2270494,49.4133181],[-123.2266499,49.4135161],[-123.2262355,49.4135179],[-123.2260862,49.413694],[-123.226061,49.4140136],[-123.2260355,49.4144512],[-123.225943,49.4147378],[-123.2260365,49.4148705],[-123.2263253,49.4150523],[-123.226389,49.4153404],[-123.2266997,49.4155278],[-123.2267529,49.4159198],[-123.227179,49.4163045],[-123.2270816,49.4165307],[-123.2269987,49.4167809],[-123.2269455,49.4172139],[-123.2267569,49.4174493],[-123.2267129,49.417666],[-123.2265287,49.4177543],[-123.2264605,49.4181577],[-123.2268388,49.4184909],[-123.2263038,49.4186708],[-123.2246555,49.4198427],[-123.2244583,49.419978],[-123.2251975,49.420251],[-123.2254566,49.4207465],[-123.2254776,49.4210948],[-123.2257996,49.4214575],[-123.2256811,49.4215701],[-123.2258896,49.4219207],[-123.22594,49.4221788],[-123.2258118,49.4224305],[-123.2258214,49.4225898],[-123.2256294,49.4229351],[-123.2256745,49.4231939],[-123.2253078,49.4235112],[-123.2250181,49.4237763],[-123.2248276,49.4242541],[-123.2249835,49.4247003],[-123.2247342,49.4252063],[-123.2246612,49.42528],[-123.2246084,49.4253114],[-123.2245951,49.4253502],[-123.2245866,49.4253748],[-123.2246703,49.425446],[-123.2246904,49.4255116],[-123.2246708,49.4255996],[-123.2245789,49.425746],[-123.224522,49.4258692],[-123.2244669,49.4259563],[-123.2244589,49.4260364],[-123.2245128,49.4260911],[-123.2245508,49.4261185],[-123.2246313,49.426178],[-123.2246604,49.4262206],[-123.2246549,49.4262888],[-123.2247404,49.4263752],[-123.2249412,49.4264363],[-123.2250604,49.4265726],[-123.2250441,49.4267638],[-123.2249023,49.4270547],[-123.2248152,49.4271688],[-123.2247133,49.4273017],[-123.2246379,49.4274931],[-123.2245686,49.4278847],[-123.2245509,49.4282915],[-123.2242021,49.4287784],[-123.2241229,49.4291419],[-123.223957,49.4294173],[-123.2232777,49.4293897],[-123.2233111,49.4297764],[-123.2231461,49.4299203],[-123.2228381,49.4300733],[-123.2226754,49.4302524],[-123.2226604,49.4305156],[-123.2224985,49.4308124],[-123.2222989,49.4311216],[-123.2219398,49.4313642],[-123.2216258,49.4315363],[-123.2213947,49.4315126],[-123.2212954,49.4316697],[-123.2209053,49.4319507],[-123.2201206,49.4322724],[-123.2200657,49.4323466],[-123.2200333,49.4324377],[-123.2200568,49.4325887],[-123.22017,49.4327725],[-123.2202018,49.432897],[-123.22006,49.4330748],[-123.2199157,49.4333298],[-123.2198548,49.4335267],[-123.2197767,49.4336668],[-123.2199435,49.4337747],[-123.220138,49.4338332],[-123.2202397,49.433951],[-123.2205449,49.4339604],[-123.2206989,49.4340331],[-123.2209009,49.4340617],[-123.2214173,49.4339582],[-123.2218737,49.4339515],[-123.2220727,49.4341008],[-123.2223629,49.4341271],[-123.2227081,49.4342175],[-123.2227995,49.4343707],[-123.2229508,49.4344356],[-123.2231324,49.4344159],[-123.2232807,49.4343504],[-123.2235999,49.4344778],[-123.2238471,49.4346366],[-123.2240496,49.4349109],[-123.2242567,49.4350134],[-123.2247303,49.4349862],[-123.2249492,49.4350519],[-123.2251018,49.4351606],[-123.225288,49.4352548],[-123.2253571,49.4353421],[-123.2254423,49.4354551],[-123.2255799,49.4355879],[-123.2257741,49.4357829],[-123.225855,49.435916],[-123.2259847,49.4360559],[-123.2261226,49.4361669],[-123.226221,49.4363082],[-123.2263359,49.4364542],[-123.2264849,49.436559],[-123.2266206,49.4366751],[-123.2265943,49.436835],[-123.2265865,49.4370015],[-123.2266535,49.437206],[-123.2266696,49.4373085],[-123.2266969,49.4374766],[-123.2266978,49.4375211]]}},{"type":"Feature","id":"1065978597","properties":{"kind":"path","name":"","osmWayId":"1065978597"},"geometry":{"type":"LineString","coordinates":[[-123.2187815,49.392298],[-123.2188001,49.3923188],[-123.2188502,49.3923735]]}},{"type":"Feature","id":"1091154923","properties":{"kind":"water","name":"","osmWayId":"1091154923"},"geometry":{"type":"Polygon","coordinates":[[[-123.2178989,49.3919228],[-123.2178314,49.3919518],[-123.2178045,49.3919588],[-123.2177666,49.3919487],[-123.2177582,49.391931],[-123.2177647,49.3919147],[-123.2178168,49.3918795],[-123.2178546,49.3918546],[-123.2178664,49.3918318],[-123.2179429,49.3917954],[-123.218028,49.3917832],[-123.218052,49.391785],[-123.2180816,49.3917993],[-123.2181112,49.3918246],[-123.2181367,49.3918465],[-123.2181605,49.3918583],[-123.2181976,49.39185],[-123.2182346,49.3918601],[-123.2182601,49.3918508],[-123.2182729,49.3918381],[-123.218275,49.3917848],[-123.2182979,49.3917554],[-123.218309,49.3917155],[-123.2183768,49.3916812],[-123.2184438,49.3917003],[-123.2184928,49.3917234],[-123.2185155,49.3917614],[-123.2185044,49.3917802],[-123.218473,49.3918028],[-123.2184419,49.3918569],[-123.2184255,49.3918938],[-123.2184107,49.3919018],[-123.2183524,49.3918939],[-123.2183169,49.3918999],[-123.2182457,49.3919482],[-123.2181651,49.3919484],[-123.2181089,49.3919585],[-123.2180177,49.39195],[-123.2180106,49.3919342],[-123.2180288,49.3919182],[-123.2180513,49.3919043],[-123.2180535,49.3918793],[-123.218042,49.3918683],[-123.2179955,49.3918636],[-123.2179451,49.3918677],[-123.2178988,49.391891],[-123.2178941,49.3919113],[-123.2178989,49.3919228]]]}},{"type":"Feature","id":"1106488201","properties":{"kind":"wood","name":"","osmWayId":"1106488201"},"geometry":{"type":"Polygon","coordinates":[[[-123.2018173,49.4132806],[-123.2008588,49.4131887],[-123.2000207,49.4131762],[-123.1994053,49.4131825],[-123.1989813,49.4130601],[-123.1985254,49.4130561],[-123.197305,49.4126542],[-123.196418,49.4124985],[-123.1960254,49.4123187],[-123.1956858,49.4121244],[-123.1951618,49.4122041],[-123.1949628,49.4122379],[-123.19493,49.4122489],[-123.1949124,49.4122796],[-123.1947664,49.4122631],[-123.1945389,49.4121794],[-123.1944763,49.412238],[-123.1943398,49.4121552],[-123.1942474,49.4121097],[-123.1942233,49.4119674],[-123.194229,49.4118009],[-123.1939849,49.4117293],[-123.194082,49.4115408],[-123.1946768,49.4113786],[-123.1948866,49.4113707],[-123.1949138,49.4115599],[-123.1951736,49.411565],[-123.1954217,49.4116533],[-123.1955032,49.4117618],[-123.195728,49.4116684],[-123.196015,49.4116407],[-123.1964105,49.4114237],[-123.1964492,49.4115398],[-123.1967478,49.4114969],[-123.1970192,49.4114212],[-123.1969649,49.411285],[-123.1972674,49.411121],[-123.1976075,49.4114458],[-123.1980721,49.4119725],[-123.1987207,49.4121309],[-123.1997944,49.4123263],[-123.200736,49.4120823],[-123.2018173,49.4132806]]]}},{"type":"Feature","id":"1120473834","properties":{"kind":"connector","name":"","osmWayId":"1120473834"},"geometry":{"type":"LineString","coordinates":[[-123.1950812,49.4054809],[-123.1948142,49.4053728],[-123.1946578,49.4053153],[-123.1944314,49.4051968],[-123.1941475,49.405016]]}},{"type":"Feature","id":"1120473838","properties":{"kind":"connector","name":"","osmWayId":"1120473838"},"geometry":{"type":"LineString","coordinates":[[-123.1956933,49.4052238],[-123.195704,49.4053358]]}},{"type":"Feature","id":"1150209729","properties":{"kind":"path","name":"Upper Powerline","osmWayId":"1150209729"},"geometry":{"type":"LineString","coordinates":[[-123.1797184,49.383148],[-123.1791407,49.3830797]]}},{"type":"Feature","id":"1150209730","properties":{"kind":"path","name":"Upper Powerline","osmWayId":"1150209730"},"geometry":{"type":"LineString","coordinates":[[-123.1806858,49.3831243],[-123.1802454,49.3831769],[-123.1797184,49.383148]]}},{"type":"Feature","id":"1150209734","properties":{"kind":"path","name":"Sitzmark","osmWayId":"1150209734"},"geometry":{"type":"LineString","coordinates":[[-123.1872243,49.3803233],[-123.1872228,49.3804634],[-123.187197,49.3805312]]}},{"type":"Feature","id":"1150209745","properties":{"kind":"path","name":"Upper Powerline","osmWayId":"1150209745"},"geometry":{"type":"LineString","coordinates":[[-123.1850798,49.3824988],[-123.1853007,49.3823868],[-123.185363,49.382355]]}},{"type":"Feature","id":"1150209746","properties":{"kind":"path","name":"Upper Powerline","osmWayId":"1150209746"},"geometry":{"type":"LineString","coordinates":[[-123.185363,49.382355],[-123.185756,49.3820757]]}},{"type":"Feature","id":"1150209747","properties":{"kind":"path","name":"Upper Powerline","osmWayId":"1150209747"},"geometry":{"type":"LineString","coordinates":[[-123.1843081,49.3827131],[-123.1845783,49.3826578]]}},{"type":"Feature","id":"1150209748","properties":{"kind":"path","name":"Upper Powerline","osmWayId":"1150209748"},"geometry":{"type":"LineString","coordinates":[[-123.1837588,49.3828009],[-123.1839466,49.3827761],[-123.1841744,49.3827284]]}},{"type":"Feature","id":"1150209751","properties":{"kind":"path","name":"Sitzmark","osmWayId":"1150209751"},"geometry":{"type":"LineString","coordinates":[[-123.1864526,49.3795944],[-123.186773,49.3798335],[-123.1870662,49.3801404],[-123.1872243,49.3803233]]}},{"type":"Feature","id":"1150209754","properties":{"kind":"path","name":"Baden Powell Trail","osmWayId":"1150209754"},"geometry":{"type":"LineString","coordinates":[[-123.1817776,49.3801779],[-123.1817751,49.3803441],[-123.181728,49.3807028],[-123.1816066,49.3809042]]}},{"type":"Feature","id":"1150209755","properties":{"kind":"path","name":"Baden Powell Trail","osmWayId":"1150209755"},"geometry":{"type":"LineString","coordinates":[[-123.1817652,49.3788481],[-123.1817088,49.3791783],[-123.18178,49.380024],[-123.1817776,49.3801779]]}},{"type":"Feature","id":"1150209762","properties":{"kind":"path","name":"","osmWayId":"1150209762"},"geometry":{"type":"LineString","coordinates":[[-123.1724457,49.3833954],[-123.1723374,49.3832713],[-123.1721688,49.3831771],[-123.1720044,49.3830885],[-123.1718866,49.3830274],[-123.1717964,49.3829978],[-123.1716647,49.3829949],[-123.171575,49.3830262],[-123.1714268,49.3831153],[-123.1712775,49.3832424],[-123.1711421,49.3833324],[-123.1710161,49.3833698],[-123.1709046,49.3833754],[-123.1707999,49.3833666]]}},{"type":"Feature","id":"1150209763","properties":{"kind":"path","name":"Upper Powerline","osmWayId":"1150209763"},"geometry":{"type":"LineString","coordinates":[[-123.1751558,49.3830606],[-123.1753376,49.3830808],[-123.1755003,49.3830732],[-123.1756732,49.3830342],[-123.1758677,49.3829909],[-123.17608,49.382969]]}},{"type":"Feature","id":"1150209764","properties":{"kind":"path","name":"Upper Powerline","osmWayId":"1150209764"},"geometry":{"type":"LineString","coordinates":[[-123.1746834,49.3831873],[-123.1746137,49.3831015],[-123.1746512,49.3830308],[-123.1747779,49.383],[-123.1751558,49.3830606]]}},{"type":"Feature","id":"1150209765","properties":{"kind":"path","name":"Upper Powerline","osmWayId":"1150209765"},"geometry":{"type":"LineString","coordinates":[[-123.1739004,49.3827496],[-123.1739473,49.3828093],[-123.1740678,49.3829446],[-123.1740961,49.3830252]]}},{"type":"Feature","id":"1150209767","properties":{"kind":"path","name":"Upper Powerline","osmWayId":"1150209767"},"geometry":{"type":"LineString","coordinates":[[-123.17608,49.382969],[-123.1763265,49.3829054],[-123.1764311,49.3828902],[-123.1766204,49.3828293],[-123.1768358,49.3827659]]}},{"type":"Feature","id":"1150209768","properties":{"kind":"path","name":"Upper Powerline","osmWayId":"1150209768"},"geometry":{"type":"LineString","coordinates":[[-123.1768358,49.3827659],[-123.1772505,49.3827669],[-123.1773745,49.3827761]]}},{"type":"Feature","id":"1150209771","properties":{"kind":"path","name":"Baden Powell Trail","osmWayId":"1150209771"},"geometry":{"type":"LineString","coordinates":[[-123.1808037,49.3829686],[-123.180728,49.3830468],[-123.1806858,49.3831243]]}},{"type":"Feature","id":"1150209772","properties":{"kind":"path","name":"Baden Powell Trail","osmWayId":"1150209772"},"geometry":{"type":"LineString","coordinates":[[-123.180838,49.3822672],[-123.1808354,49.3823597],[-123.1808609,49.3825189],[-123.1809526,49.3827005],[-123.1809255,49.3828479],[-123.1808037,49.3829686]]}},{"type":"Feature","id":"1150209773","properties":{"kind":"path","name":"Upper Powerline","osmWayId":"1150209773"},"geometry":{"type":"LineString","coordinates":[[-123.1808949,49.3830337],[-123.1807843,49.3830643],[-123.1806858,49.3831243]]}},{"type":"Feature","id":"1150209783","properties":{"kind":"path","name":"Triangle Lake","osmWayId":"1150209783"},"geometry":{"type":"LineString","coordinates":[[-123.1810655,49.3883089],[-123.1812497,49.3881648],[-123.1815161,49.3879545]]}},{"type":"Feature","id":"1150209784","properties":{"kind":"path","name":"Triangle Lake","osmWayId":"1150209784"},"geometry":{"type":"LineString","coordinates":[[-123.1803625,49.3890526],[-123.1805477,49.3887131],[-123.1808607,49.3885144],[-123.1810655,49.3883089]]}},{"type":"Feature","id":"1152827397","properties":{"kind":"path","name":"Sitzmark","osmWayId":"1152827397"},"geometry":{"type":"LineString","coordinates":[[-123.187197,49.3805312],[-123.187184,49.3805943],[-123.1871966,49.38067]]}},{"type":"Feature","id":"1153364973","properties":{"kind":"path","name":"Upper Powerline","osmWayId":"1153364973"},"geometry":{"type":"LineString","coordinates":[[-123.1773745,49.3827761],[-123.1774657,49.3827748],[-123.1775425,49.382775]]}},{"type":"Feature","id":"1153928468","properties":{"kind":"path","name":"Baden Powell Trail","osmWayId":"1153928468"},"geometry":{"type":"LineString","coordinates":[[-123.2295862,49.3862007],[-123.2294186,49.3862834],[-123.229285,49.3863372],[-123.2292107,49.3864064],[-123.2291653,49.3864408],[-123.2290353,49.3865226],[-123.2287668,49.3865702],[-123.22866,49.3866088],[-123.228579,49.3866826],[-123.2284601,49.3867931],[-123.2284202,49.3867953],[-123.2283803,49.3867897],[-123.2283165,49.3867954],[-123.2282457,49.3868296],[-123.2281102,49.3869058],[-123.2280475,49.3869741],[-123.2280007,49.3870275],[-123.2279274,49.3870494],[-123.2278644,49.3870508],[-123.2277674,49.3870386],[-123.2276062,49.387011],[-123.2275078,49.3870113],[-123.2273411,49.3870592],[-123.2271943,49.3870863],[-123.2269976,49.3870976],[-123.2269152,49.3870917],[-123.2268499,49.3870696],[-123.2267729,49.3870442],[-123.226714,49.3870484],[-123.2266594,49.3870662],[-123.2266017,49.3870731],[-123.2265396,49.3870627],[-123.2264261,49.3870209],[-123.226294,49.3869398],[-123.22623,49.3869012],[-123.2261528,49.3868893],[-123.2260356,49.3868966],[-123.2259686,49.3868925],[-123.2258597,49.3868509],[-123.2257491,49.3868319],[-123.2255714,49.3868242],[-123.2255328,49.3868315]]}},{"type":"Feature","id":"1153928469","properties":{"kind":"path","name":"Baden Powell Trail","osmWayId":"1153928469"},"geometry":{"type":"LineString","coordinates":[[-123.2255328,49.3868315],[-123.225248,49.3868589],[-123.2251084,49.3869341],[-123.2250684,49.3869461],[-123.2249369,49.3869327],[-123.2248854,49.3869389],[-123.2248068,49.3869484],[-123.2247634,49.3869483],[-123.2246716,49.3869707],[-123.2245076,49.3870038],[-123.224426,49.3870104]]}},{"type":"Feature","id":"1153928470","properties":{"kind":"path","name":"Cabin Lake Trail","osmWayId":"1153928470"},"geometry":{"type":"LineString","coordinates":[[-123.2186732,49.3923665],[-123.2187226,49.3923622]]}},{"type":"Feature","id":"1153928471","properties":{"kind":"path","name":"","osmWayId":"1153928471"},"geometry":{"type":"LineString","coordinates":[[-123.2187688,49.3922794],[-123.2187815,49.392298]]}},{"type":"Feature","id":"1153928472","properties":{"kind":"path","name":"Cabin Lake Trail","osmWayId":"1153928472"},"geometry":{"type":"LineString","coordinates":[[-123.2187226,49.3923622],[-123.2188502,49.3923735]]}},{"type":"Feature","id":"1153928473","properties":{"kind":"path","name":"Cabin Lake Trail","osmWayId":"1153928473"},"geometry":{"type":"LineString","coordinates":[[-123.2189041,49.392469],[-123.2189332,49.3924881],[-123.2189639,49.392521]]}},{"type":"Feature","id":"1153928474","properties":{"kind":"water","name":"","osmWayId":"1153928474"},"geometry":{"type":"Polygon","coordinates":[[[-123.2183211,49.3926044],[-123.2183503,49.3925924],[-123.2183911,49.3925566],[-123.2183885,49.3925191],[-123.2184189,49.3924767],[-123.218417,49.39246],[-123.2184039,49.3924396],[-123.218361,49.3924317],[-123.2183005,49.3924414],[-123.2182096,49.3924449],[-123.218182,49.3924981],[-123.2181723,49.3925235],[-123.2181806,49.3925487],[-123.2182342,49.3925698],[-123.2182714,49.3925859],[-123.2183211,49.3926044]]]}},{"type":"Feature","id":"1153928477","properties":{"kind":"water","name":"","osmWayId":"1153928477"},"geometry":{"type":"Polygon","coordinates":[[[-123.2155167,49.3935329],[-123.215589,49.3936218],[-123.2156734,49.3935595],[-123.2156637,49.3935128],[-123.2156939,49.3934758],[-123.215665,49.3934463],[-123.2156449,49.3934179],[-123.2154831,49.3933332],[-123.215472,49.3933434],[-123.2155342,49.3934653],[-123.2155167,49.3935329]]]}},{"type":"Feature","id":"1153928478","properties":{"kind":"water","name":"","osmWayId":"1153928478"},"geometry":{"type":"Polygon","coordinates":[[[-123.2149307,49.3943576],[-123.2148963,49.3943904],[-123.214832,49.3944043],[-123.2148094,49.3944316],[-123.2148395,49.3944588],[-123.2149028,49.39453],[-123.2149628,49.3945286],[-123.2150272,49.3945656],[-123.2150809,49.3945559],[-123.2151431,49.3944525],[-123.2150873,49.3943352],[-123.2150455,49.3942465],[-123.2150015,49.3942458],[-123.2149285,49.3942961],[-123.2149307,49.3943576]]]}},{"type":"Feature","id":"1153928480","properties":{"kind":"water","name":"","osmWayId":"1153928480"},"geometry":{"type":"Polygon","coordinates":[[[-123.2224667,49.3963879],[-123.2224911,49.3964613],[-123.2225497,49.3964812],[-123.2226724,49.3964343],[-123.2227067,49.3963732],[-123.222704,49.3963198],[-123.2226661,49.3962787],[-123.2226056,49.3962569],[-123.2225326,49.3962705],[-123.2224685,49.3963127],[-123.2224667,49.3963879]]]}},{"type":"Feature","id":"1153928481","properties":{"kind":"water","name":"","osmWayId":"1153928481"},"geometry":{"type":"Polygon","coordinates":[[[-123.2202736,49.3963734],[-123.220298,49.3964051],[-123.220344,49.3964339],[-123.2203936,49.3964779],[-123.2204432,49.3964756],[-123.2204721,49.3964662],[-123.2204937,49.3964427],[-123.2204766,49.3964086],[-123.2204279,49.3963887],[-123.2203828,49.3963305],[-123.2203304,49.396253],[-123.2202871,49.3962248],[-123.2202601,49.3962419],[-123.2202393,49.3962718],[-123.2202411,49.3963417],[-123.2202736,49.3963734]]]}},{"type":"Feature","id":"1153928485","properties":{"kind":"water","name":"","osmWayId":"1153928485"},"geometry":{"type":"Polygon","coordinates":[[[-123.2226807,49.390952],[-123.2228286,49.3909599],[-123.2228757,49.3909347],[-123.2229447,49.3909283],[-123.222975,49.3908967],[-123.2229493,49.3908152],[-123.2228112,49.3907792],[-123.2226906,49.3907486],[-123.2226192,49.390756],[-123.2225183,49.3907896],[-123.2224675,49.3908345],[-123.2224539,49.39087],[-123.2225138,49.3909036],[-123.222551,49.3909007],[-123.2225684,49.3908834],[-123.2226033,49.3908962],[-123.22262,49.3909362],[-123.2226564,49.3909589],[-123.2226807,49.390952]]]}},{"type":"Feature","id":"1153928486","properties":{"kind":"water","name":"","osmWayId":"1153928486"},"geometry":{"type":"Polygon","coordinates":[[[-123.2224635,49.391212],[-123.2225502,49.3912033],[-123.222586,49.3911867],[-123.2226083,49.3911576],[-123.2226102,49.3911053],[-123.2225898,49.3910816],[-123.2225298,49.3910791],[-123.2224903,49.3911007],[-123.2224775,49.3911265],[-123.2223971,49.391158],[-123.2224022,49.3911863],[-123.2224635,49.391212]]]}},{"type":"Feature","id":"1153928487","properties":{"kind":"water","name":"","osmWayId":"1153928487"},"geometry":{"type":"Polygon","coordinates":[[[-123.2218935,49.3910297],[-123.2218899,49.3910174],[-123.2218637,49.3910018],[-123.2218357,49.3909995],[-123.2218006,49.3910086],[-123.2218024,49.3910268],[-123.2218245,49.3910391],[-123.2218935,49.3910297]]]}},{"type":"Feature","id":"1153928489","properties":{"kind":"water","name":"","osmWayId":"1153928489"},"geometry":{"type":"Polygon","coordinates":[[[-123.21636,49.3926211],[-123.2163638,49.3926448],[-123.2164086,49.3926685],[-123.2164511,49.3926759],[-123.2165398,49.392667],[-123.2165474,49.3926571],[-123.216533,49.3926359],[-123.2164458,49.3926073],[-123.21636,49.3926211]]]}},{"type":"Feature","id":"1153928490","properties":{"kind":"water","name":"","osmWayId":"1153928490"},"geometry":{"type":"Polygon","coordinates":[[[-123.2162219,49.3927681],[-123.2162563,49.3927685],[-123.2162755,49.3927461],[-123.2162665,49.3927128],[-123.2162385,49.3927049],[-123.2162066,49.3927195],[-123.2161976,49.3927423],[-123.2162219,49.3927681]]]}},{"type":"Feature","id":"1153928491","properties":{"kind":"water","name":"","osmWayId":"1153928491"},"geometry":{"type":"Polygon","coordinates":[[[-123.2164107,49.3932095],[-123.2164598,49.3932362],[-123.2165713,49.3934632],[-123.2165757,49.393367],[-123.2165381,49.3932753],[-123.2164916,49.3931886],[-123.2164751,49.3930851],[-123.2164267,49.3930064],[-123.216463,49.3929402],[-123.216435,49.3929162],[-123.2163801,49.3928497],[-123.216375,49.3927708],[-123.2163482,49.3927609],[-123.2163151,49.3927758],[-123.2163265,49.3928522],[-123.2163686,49.3929336],[-123.2163623,49.3930009],[-123.2162398,49.3930656],[-123.21619,49.3931138],[-123.2162015,49.3931537],[-123.2162793,49.3932076],[-123.2164107,49.3932095]]]}},{"type":"Feature","id":"1153928492","properties":{"kind":"water","name":"","osmWayId":"1153928492"},"geometry":{"type":"Polygon","coordinates":[[[-123.2164141,49.393679],[-123.2164687,49.3936667],[-123.2165104,49.3936484],[-123.2165218,49.3936094],[-123.2165013,49.3935966],[-123.2164588,49.3935956],[-123.2164201,49.3936301],[-123.2163958,49.3936598],[-123.2164141,49.393679]]]}},{"type":"Feature","id":"1153950986","properties":{"kind":"stream","name":"","osmWayId":"1153950986"},"geometry":{"type":"LineString","coordinates":[[-123.2302085,49.3989783],[-123.2303335,49.3991112],[-123.2307826,49.3993221],[-123.2309051,49.3994865],[-123.2310633,49.399601],[-123.231124,49.3996908]]}},{"type":"Feature","id":"1153950998","properties":{"kind":"stream","name":"","osmWayId":"1153950998"},"geometry":{"type":"LineString","coordinates":[[-123.2095422,49.4090964],[-123.2097761,49.4092583],[-123.2101473,49.4093686],[-123.210334,49.4093742],[-123.2104499,49.4093965],[-123.2106752,49.4094845],[-123.2110528,49.4096492],[-123.2112519,49.4097113]]}},{"type":"Feature","id":"1153950999","properties":{"kind":"stream","name":"","osmWayId":"1153950999"},"geometry":{"type":"LineString","coordinates":[[-123.2090143,49.4094859],[-123.2094156,49.4094943],[-123.2099113,49.4095403],[-123.210422,49.4095334],[-123.2106752,49.4094845]]}},{"type":"Feature","id":"1153951004","properties":{"kind":"building","name":"Restricted Access Emergency Shelter","osmWayId":"1153951004"},"geometry":{"type":"Polygon","coordinates":[[[-123.2176699,49.4090951],[-123.2176803,49.4090802],[-123.21766,49.4090742],[-123.2176496,49.409089],[-123.2176699,49.4090951]]]}},{"type":"Feature","id":"1153951005","properties":{"kind":"stream","name":"","osmWayId":"1153951005"},"geometry":{"type":"LineString","coordinates":[[-123.217533,49.4100732],[-123.2178596,49.410045],[-123.2180854,49.4100467],[-123.2184414,49.4100259],[-123.2186851,49.410016],[-123.2188446,49.4099852],[-123.2190513,49.4099753],[-123.2192388,49.4099379],[-123.2194468,49.4099554],[-123.2199278,49.4099753],[-123.2202276,49.4099288],[-123.2205262,49.4099014],[-123.2208809,49.4098981],[-123.2213389,49.409747],[-123.2214228,49.4096647]]}},{"type":"Feature","id":"1153951006","properties":{"kind":"stream","name":"Strip Creek","osmWayId":"1153951006"},"geometry":{"type":"LineString","coordinates":[[-123.2189484,49.4147744],[-123.2193201,49.4149539],[-123.2196527,49.4150707],[-123.2198318,49.4151063],[-123.2202595,49.4150778],[-123.2205757,49.4149866],[-123.2208106,49.4148613],[-123.2213318,49.4144454],[-123.2217039,49.4142475],[-123.2224249,49.4140618],[-123.2226577,49.4138546],[-123.2229162,49.4137814],[-123.2234032,49.4137243],[-123.2238327,49.4137827]]}},{"type":"Feature","id":"1153951007","properties":{"kind":"stream","name":"","osmWayId":"1153951007"},"geometry":{"type":"LineString","coordinates":[[-123.223666,49.4163142],[-123.223851,49.4160427],[-123.2240776,49.4159249]]}},{"type":"Feature","id":"1153951008","properties":{"kind":"stream","name":"","osmWayId":"1153951008"},"geometry":{"type":"LineString","coordinates":[[-123.2234019,49.415885],[-123.2236328,49.4158776],[-123.2238408,49.4158917],[-123.2240776,49.4159249]]}},{"type":"Feature","id":"1193645929","properties":{"kind":"path","name":"Howe Sound Crest Trail","osmWayId":"1193645929"},"geometry":{"type":"LineString","coordinates":[[-123.2040538,49.4137657],[-123.2040471,49.4137958],[-123.2040217,49.4138258],[-123.2039744,49.4138663],[-123.2038985,49.4139232]]}},{"type":"Feature","id":"1193645930","properties":{"kind":"path","name":"Howe Sound Crest Trail","osmWayId":"1193645930"},"geometry":{"type":"LineString","coordinates":[[-123.2039871,49.4136486],[-123.2039969,49.4137037]]}},{"type":"Feature","id":"1193645931","properties":{"kind":"path","name":"Howe Sound Crest Trail","osmWayId":"1193645931"},"geometry":{"type":"LineString","coordinates":[[-123.2039969,49.4137037],[-123.2040037,49.4137189],[-123.2040087,49.4137302]]}},{"type":"Feature","id":"1193645932","properties":{"kind":"path","name":"Howe Sound Crest Trail","osmWayId":"1193645932"},"geometry":{"type":"LineString","coordinates":[[-123.2040087,49.4137302],[-123.2040538,49.4137657]]}},{"type":"Feature","id":"1193645934","properties":{"kind":"stream","name":"Montizambert Creek","osmWayId":"1193645934"},"geometry":{"type":"LineString","coordinates":[[-123.1941074,49.4119944],[-123.194851,49.4123207],[-123.1948808,49.4123337],[-123.1949735,49.4123283],[-123.1950003,49.4123268],[-123.195026,49.4123153],[-123.1950908,49.4123188],[-123.195343,49.4123986],[-123.1954823,49.4124635],[-123.1957516,49.412537],[-123.1958797,49.4125511],[-123.1960483,49.4125371],[-123.1961526,49.4125564],[-123.1964132,49.4126112],[-123.1967073,49.412707],[-123.1969389,49.4127817],[-123.1970848,49.4128154],[-123.1972127,49.4128275],[-123.1973165,49.4128235]]}},{"type":"Feature","id":"1193645935","properties":{"kind":"wood","name":"","osmWayId":"1193645935"},"geometry":{"type":"Polygon","coordinates":[[[-123.2033392,49.4134956],[-123.2033236,49.4135952],[-123.203344,49.413758],[-123.203397,49.4138083],[-123.2034643,49.4138216],[-123.2035831,49.4137654],[-123.20364,49.4136983],[-123.2034893,49.4136249],[-123.2034121,49.413527],[-123.2033392,49.4134956]]]}},{"type":"Feature","id":"1193645941","properties":{"kind":"wood","name":"","osmWayId":"1193645941"},"geometry":{"type":"Polygon","coordinates":[[[-123.2017943,49.4146836],[-123.202085,49.4149043],[-123.2030454,49.4143544],[-123.2029834,49.4143381],[-123.2029322,49.4142809],[-123.2030716,49.4141004],[-123.2030658,49.4139836],[-123.2032435,49.4139416],[-123.2032511,49.4138482],[-123.2032076,49.4137807],[-123.2030386,49.4136764],[-123.2027531,49.4136068],[-123.2025211,49.4135783],[-123.2022997,49.4135518],[-123.2021095,49.4136066],[-123.2019128,49.4135746],[-123.2017887,49.4135189],[-123.2015641,49.4134744],[-123.2013096,49.4134858],[-123.2012883,49.413648],[-123.2013669,49.4136499],[-123.2014289,49.4137119],[-123.2014788,49.4137808],[-123.2015862,49.4139097],[-123.2016527,49.4139333],[-123.2017132,49.4140022],[-123.201692,49.4140907],[-123.2016022,49.4141557],[-123.201948,49.4141057],[-123.2021304,49.4142338],[-123.2017943,49.4146836]]]}},{"type":"Feature","id":"1193645944","properties":{"kind":"stream","name":"","osmWayId":"1193645944"},"geometry":{"type":"LineString","coordinates":[[-123.2030589,49.4142542],[-123.2031733,49.4141992],[-123.2032513,49.4141766],[-123.2033166,49.4141453],[-123.2034593,49.4140983],[-123.2035724,49.4140529],[-123.2036121,49.4140052],[-123.2037262,49.4139139],[-123.2037966,49.4138863],[-123.2038521,49.4138524],[-123.2039188,49.4138333],[-123.2039616,49.4138044],[-123.2039931,49.4137782],[-123.2040097,49.413745],[-123.2040533,49.4137175],[-123.2040904,49.4136844],[-123.2041025,49.4136415]]}},{"type":"Feature","id":"1193649840","properties":{"kind":"building","name":"","osmWayId":"1193649840"},"geometry":{"type":"Polygon","coordinates":[[[-123.2053129,49.396398],[-123.2053344,49.3964071],[-123.2053524,49.3964104],[-123.2053711,49.3964108],[-123.2053894,49.3964081],[-123.2054061,49.3964026],[-123.2054201,49.3963945],[-123.2054307,49.3963845],[-123.2054371,49.3963731],[-123.2054389,49.3963609],[-123.2054361,49.3963489],[-123.2054288,49.3963377],[-123.2054123,49.3963249],[-123.2053902,49.3963164],[-123.2053649,49.3963134],[-123.2053396,49.396316],[-123.2053171,49.3963241],[-123.2053001,49.3963366],[-123.2052905,49.3963521],[-123.2052896,49.3963688],[-123.2052974,49.3963847],[-123.2053129,49.396398]]]}},{"type":"Feature","id":"1193649841","properties":{"kind":"building","name":"","osmWayId":"1193649841"},"geometry":{"type":"Polygon","coordinates":[[[-123.2055541,49.3962046],[-123.2055756,49.3962137],[-123.2055936,49.396217],[-123.2056123,49.3962174],[-123.2056306,49.3962147],[-123.2056472,49.3962092],[-123.2056613,49.3962011],[-123.2056718,49.3961911],[-123.2056782,49.3961796],[-123.2056801,49.3961675],[-123.2056773,49.3961555],[-123.20567,49.3961443],[-123.2056535,49.3961315],[-123.2056313,49.396123],[-123.2056061,49.39612],[-123.2055808,49.3961226],[-123.2055583,49.3961306],[-123.2055413,49.3961431],[-123.2055317,49.3961587],[-123.2055308,49.3961754],[-123.2055385,49.3961913],[-123.2055541,49.3962046]]]}},{"type":"Feature","id":"1193649842","properties":{"kind":"building","name":"","osmWayId":"1193649842"},"geometry":{"type":"Polygon","coordinates":[[[-123.2054084,49.3960453],[-123.2054299,49.3960544],[-123.2054479,49.3960577],[-123.2054666,49.3960581],[-123.2054848,49.3960554],[-123.2055015,49.3960499],[-123.2055156,49.3960418],[-123.2055261,49.3960318],[-123.2055325,49.3960203],[-123.2055344,49.3960082],[-123.2055316,49.3959962],[-123.2055243,49.395985],[-123.2055078,49.3959722],[-123.2054856,49.3959637],[-123.2054604,49.3959606],[-123.205435,49.3959633],[-123.2054125,49.3959713],[-123.2053955,49.3959838],[-123.205386,49.3959993],[-123.2053851,49.396016],[-123.2053928,49.396032],[-123.2054084,49.3960453]]]}},{"type":"Feature","id":"1193649843","properties":{"kind":"building","name":"Aguila Cantina","osmWayId":"1193649843"},"geometry":{"type":"Polygon","coordinates":[[[-123.2055796,49.3963491],[-123.2056236,49.3962379],[-123.2055431,49.3962245],[-123.2054991,49.3963356],[-123.2055796,49.3963491]]]}},{"type":"Feature","id":"1193649844","properties":{"kind":"building","name":"","osmWayId":"1193649844"},"geometry":{"type":"Polygon","coordinates":[[[-123.2057119,49.396098],[-123.2057198,49.3959833],[-123.2056368,49.3959809],[-123.2056288,49.3960955],[-123.2057119,49.396098]]]}},{"type":"Feature","id":"1193649845","properties":{"kind":"building","name":"","osmWayId":"1193649845"},"geometry":{"type":"Polygon","coordinates":[[[-123.2055361,49.3959404],[-123.2057123,49.395945],[-123.2057157,49.395891],[-123.2055395,49.3958863],[-123.2055361,49.3959404]]]}},{"type":"Feature","id":"1193649846","properties":{"kind":"path","name":"","osmWayId":"1193649846"},"geometry":{"type":"LineString","coordinates":[[-123.2048289,49.3965495],[-123.2049611,49.3965627],[-123.2050288,49.3965604],[-123.2050766,49.396548],[-123.2051037,49.3965222],[-123.2051226,49.3964852],[-123.205119,49.3964459],[-123.2051037,49.396413],[-123.205081,49.3963835],[-123.205055,49.3963496],[-123.2050203,49.3963239]]}},{"type":"Feature","id":"1193649847","properties":{"kind":"path","name":"","osmWayId":"1193649847"},"geometry":{"type":"LineString","coordinates":[[-123.205055,49.3963496],[-123.2051102,49.3963195],[-123.2052092,49.3962656],[-123.2053028,49.3962208],[-123.2053698,49.3961887],[-123.205396,49.396164],[-123.2054041,49.3961382],[-123.2054032,49.3961065],[-123.205385,49.3960848],[-123.2053761,49.3960742],[-123.2053554,49.3960431],[-123.2053509,49.3960184],[-123.2053545,49.3959861],[-123.2053824,49.3959579],[-123.2054023,49.3959462],[-123.2054546,49.3959339],[-123.2055178,49.3959333]]}},{"type":"Feature","id":"1193649848","properties":{"kind":"path","name":"","osmWayId":"1193649848"},"geometry":{"type":"LineString","coordinates":[[-123.2052321,49.3963286],[-123.2053678,49.3962768]]}},{"type":"Feature","id":"1193649858","properties":{"kind":"path","name":"","osmWayId":"1193649858"},"geometry":{"type":"LineString","coordinates":[[-123.2055362,49.3960795],[-123.2055666,49.3960418]]}},{"type":"Feature","id":"1193649859","properties":{"kind":"path","name":"","osmWayId":"1193649859"},"geometry":{"type":"LineString","coordinates":[[-123.2055233,49.3960956],[-123.2055362,49.3960795]]}},{"type":"Feature","id":"1193649860","properties":{"kind":"path","name":"","osmWayId":"1193649860"},"geometry":{"type":"LineString","coordinates":[[-123.2054744,49.3961771],[-123.2054816,49.3961548],[-123.2055233,49.3960956]]}},{"type":"Feature","id":"1193649861","properties":{"kind":"path","name":"","osmWayId":"1193649861"},"geometry":{"type":"LineString","coordinates":[[-123.2054671,49.3961993],[-123.2054744,49.3961771]]}},{"type":"Feature","id":"1193649862","properties":{"kind":"path","name":"","osmWayId":"1193649862"},"geometry":{"type":"LineString","coordinates":[[-123.2053989,49.3962603],[-123.20543,49.3962437],[-123.2054649,49.3962062],[-123.2054671,49.3961993]]}},{"type":"Feature","id":"1193649863","properties":{"kind":"path","name":"","osmWayId":"1193649863"},"geometry":{"type":"LineString","coordinates":[[-123.2053678,49.3962768],[-123.2053989,49.3962603]]}},{"type":"Feature","id":"1193649864","properties":{"kind":"path","name":"","osmWayId":"1193649864"},"geometry":{"type":"LineString","coordinates":[[-123.205081,49.3963835],[-123.2052062,49.3963385]]}},{"type":"Feature","id":"1193649865","properties":{"kind":"path","name":"","osmWayId":"1193649865"},"geometry":{"type":"LineString","coordinates":[[-123.2052062,49.3963385],[-123.2052321,49.3963286]]}},{"type":"Feature","id":"1193649866","properties":{"kind":"path","name":"","osmWayId":"1193649866"},"geometry":{"type":"LineString","coordinates":[[-123.2053028,49.3962208],[-123.2053153,49.3962326],[-123.205318,49.3962462]]}},{"type":"Feature","id":"1193649867","properties":{"kind":"path","name":"","osmWayId":"1193649867"},"geometry":{"type":"LineString","coordinates":[[-123.205396,49.396164],[-123.2054092,49.3961754],[-123.2054172,49.3961862]]}},{"type":"Feature","id":"1193649868","properties":{"kind":"path","name":"","osmWayId":"1193649868"},"geometry":{"type":"LineString","coordinates":[[-123.205385,49.3960848],[-123.205414,49.3960849],[-123.2054397,49.3960919]]}},{"type":"Feature","id":"1193653049","properties":{"kind":"water","name":"","osmWayId":"1193653049"},"geometry":{"type":"Polygon","coordinates":[[[-123.2044954,49.3969208],[-123.2044681,49.3969287],[-123.2043892,49.3969746],[-123.204393,49.3969938],[-123.2044294,49.3970012],[-123.2044985,49.396978],[-123.2045789,49.396984],[-123.2047101,49.3970175],[-123.2049395,49.3971071],[-123.2049495,49.3971358],[-123.2050315,49.3972092],[-123.2051804,49.3972597],[-123.2052093,49.3972609],[-123.2052219,49.397258],[-123.2052147,49.3972468],[-123.2051317,49.3972122],[-123.2050965,49.3972063],[-123.2050234,49.3971088],[-123.2050198,49.3970701],[-123.2049837,49.3970202],[-123.2049233,49.3969744],[-123.2049007,49.3969574],[-123.2048186,49.3969697],[-123.2047428,49.396962],[-123.2046156,49.3969327],[-123.2044954,49.3969208]]]}},{"type":"Feature","id":"1193653050","properties":{"kind":"stream","name":"Cypress Creek","osmWayId":"1193653050"},"geometry":{"type":"LineString","coordinates":[[-123.2031739,49.39628],[-123.203105,49.3962156],[-123.2030765,49.3961756],[-123.2030747,49.3961319],[-123.2031067,49.3961139],[-123.2031869,49.3960958],[-123.2032909,49.3960796],[-123.2033691,49.3960495],[-123.2034087,49.3960141],[-123.203409,49.3959581],[-123.2033777,49.3959161],[-123.2033197,49.3958767],[-123.2032219,49.3958235],[-123.2030333,49.3957872],[-123.2028886,49.3957642],[-123.20284,49.3957229],[-123.2028387,49.3956927],[-123.202864,49.3956169],[-123.2029295,49.3955037],[-123.2029749,49.3954438],[-123.2029728,49.3953714],[-123.2029514,49.3952857],[-123.2029683,49.3952291],[-123.2029307,49.3951503],[-123.202812,49.395109]]}},{"type":"Feature","id":"1193653051","properties":{"kind":"stream","name":"Cypress Creek","osmWayId":"1193653051"},"geometry":{"type":"LineString","coordinates":[[-123.2032713,49.3963854],[-123.2031739,49.39628]]}},{"type":"Feature","id":"1193653052","properties":{"kind":"stream","name":"","osmWayId":"1193653052"},"geometry":{"type":"LineString","coordinates":[[-123.2026333,49.3973196],[-123.2033338,49.397008]]}},{"type":"Feature","id":"1193653053","properties":{"kind":"stream","name":"","osmWayId":"1193653053"},"geometry":{"type":"LineString","coordinates":[[-123.2033338,49.397008],[-123.2033952,49.3969724],[-123.2034908,49.3969472],[-123.2035697,49.3968865]]}},{"type":"Feature","id":"1193653054","properties":{"kind":"stream","name":"Cypress Creek","osmWayId":"1193653054"},"geometry":{"type":"LineString","coordinates":[[-123.2036459,49.3969106],[-123.2035697,49.3968865],[-123.2035688,49.3967983],[-123.2035376,49.3967368],[-123.2034766,49.3966774],[-123.2033692,49.3965088],[-123.2033406,49.3964534],[-123.2033076,49.3964072],[-123.2032713,49.3963854]]}},{"type":"Feature","id":"1193653055","properties":{"kind":"stream","name":"Cypress Creek","osmWayId":"1193653055"},"geometry":{"type":"LineString","coordinates":[[-123.2043177,49.3969818],[-123.2036459,49.3969106]]}},{"type":"Feature","id":"1193653060","properties":{"kind":"wood","name":"","osmWayId":"1193653060"},"geometry":{"type":"Polygon","coordinates":[[[-123.2034837,49.3958482],[-123.2035602,49.3958329],[-123.203589,49.3957668],[-123.2035132,49.3956423],[-123.2034722,49.3955495],[-123.2033705,49.3953964],[-123.2033023,49.3952858],[-123.2031536,49.3951723],[-123.2029912,49.3950923],[-123.2029093,49.3950706],[-123.2028678,49.3950846],[-123.2028611,49.3951033],[-123.2029351,49.3951307],[-123.2029734,49.3951938],[-123.2029797,49.3952528],[-123.2029938,49.3953259],[-123.2030014,49.3954438],[-123.2029338,49.3955368],[-123.2029274,49.3955999],[-123.2030155,49.3956663],[-123.2031175,49.3957361],[-123.2033089,49.3957552],[-123.2034352,49.3957884],[-123.2034837,49.3958482]]]}},{"type":"Feature","id":"1193653061","properties":{"kind":"wood","name":"","osmWayId":"1193653061"},"geometry":{"type":"Polygon","coordinates":[[[-123.2029504,49.3960915],[-123.2028786,49.3961196],[-123.2027891,49.3961157],[-123.2026662,49.396008],[-123.2026055,49.3958846],[-123.2026222,49.3957286],[-123.2026799,49.3956634],[-123.2027284,49.3956318],[-123.2027421,49.3955587],[-123.2027117,49.3955014],[-123.2027117,49.3954451],[-123.2027861,49.3954106],[-123.2027831,49.3953405],[-123.2027858,49.3952661],[-123.2028649,49.3952951],[-123.2029274,49.395369],[-123.2029325,49.3954313],[-123.202856,49.3955542],[-123.2027973,49.3955932],[-123.2027692,49.3956422],[-123.2027832,49.3957203],[-123.2027998,49.3957701],[-123.2029057,49.3958457],[-123.2029785,49.3958556],[-123.2029708,49.3959204],[-123.2029657,49.3960176],[-123.2029504,49.3960915]]]}},{"type":"Feature","id":"1193653062","properties":{"kind":"building","name":"","osmWayId":"1193653062"},"geometry":{"type":"Polygon","coordinates":[[[-123.203973,49.3978815],[-123.2039609,49.3977944],[-123.2038571,49.3978005],[-123.2038692,49.3978876],[-123.203973,49.3978815]]]}},{"type":"Feature","id":"1193655002","properties":{"kind":"wood","name":"","osmWayId":"1193655002"},"geometry":{"type":"Polygon","coordinates":[[[-123.2037481,49.3945107],[-123.2037836,49.3944929],[-123.2038196,49.3944525],[-123.2038437,49.3944112],[-123.203852,49.394327],[-123.2037893,49.3942296],[-123.2037767,49.3941668],[-123.203782,49.3940222],[-123.2037808,49.3939469],[-123.2033462,49.3938269],[-123.2030005,49.3938728],[-123.2027566,49.3937211],[-123.2026346,49.3935483],[-123.2023692,49.3932822],[-123.2020019,49.3931873],[-123.2026249,49.3937061],[-123.2030347,49.3940569],[-123.2032029,49.3940625],[-123.203371,49.3942267],[-123.2036312,49.3944262],[-123.2037481,49.3945107]]]}},{"type":"Feature","id":"1193655004","properties":{"kind":"path","name":"","osmWayId":"1193655004"},"geometry":{"type":"LineString","coordinates":[[-123.2041934,49.3951594],[-123.2042052,49.3951265],[-123.2041997,49.3951075],[-123.2041845,49.3950806],[-123.2041378,49.3950307],[-123.2040821,49.3949858],[-123.2040166,49.3949098],[-123.2039652,49.3948319],[-123.2038804,49.3947364],[-123.2038044,49.3946402],[-123.2037934,49.39461],[-123.2037917,49.3945744],[-123.2038309,49.3944819],[-123.2038655,49.3944238],[-123.2038742,49.3943849],[-123.2038748,49.3943553],[-123.2038695,49.3943141],[-123.2038463,49.3942697],[-123.2038201,49.39421],[-123.2038066,49.3941619],[-123.2038073,49.3941133],[-123.2038227,49.39405],[-123.2038501,49.3939826],[-123.2038814,49.3938774]]}},{"type":"Feature","id":"1193655010","properties":{"kind":"building","name":"","osmWayId":"1193655010"},"geometry":{"type":"Polygon","coordinates":[[[-123.2022401,49.3960963],[-123.2022204,49.3960465],[-123.20215,49.3960583],[-123.2021697,49.3961081],[-123.2022401,49.3960963]]]}},{"type":"Feature","id":"1193658470","properties":{"kind":"path","name":"","osmWayId":"1193658470"},"geometry":{"type":"LineString","coordinates":[[-123.1951802,49.4055348],[-123.1951218,49.4055744],[-123.1951047,49.4056085],[-123.1950794,49.4056461],[-123.1950226,49.4056684],[-123.1949585,49.4056883],[-123.1949396,49.4057376],[-123.1948972,49.4057828],[-123.1948395,49.4058245],[-123.1947024,49.4059047]]}},{"type":"Feature","id":"1193658472","properties":{"kind":"water","name":"","osmWayId":"1193658472"},"geometry":{"type":"Polygon","coordinates":[[[-123.1966776,49.4104319],[-123.1967011,49.4104351],[-123.1967209,49.4104401],[-123.1967372,49.4104389],[-123.196748,49.4104278],[-123.1967471,49.4104025],[-123.1967214,49.4103896],[-123.1966776,49.4103902],[-123.1966682,49.4103955],[-123.1966618,49.4104043],[-123.1966776,49.4104319]]]}},{"type":"Feature","id":"1193658473","properties":{"kind":"water","name":"","osmWayId":"1193658473"},"geometry":{"type":"Polygon","coordinates":[[[-123.1971776,49.4099193],[-123.1972119,49.4099286],[-123.1972759,49.4099187],[-123.1973326,49.409884],[-123.1973595,49.409872],[-123.1973629,49.4098638],[-123.1973606,49.4098532],[-123.1973534,49.4098495],[-123.1973322,49.4098505],[-123.1972832,49.4098628],[-123.1972229,49.4098692],[-123.1971653,49.4098626],[-123.1971342,49.4098542],[-123.197108,49.4098488],[-123.1971027,49.40985],[-123.1971034,49.4098594],[-123.1971406,49.4098929],[-123.1971776,49.4099193]]]}},{"type":"Feature","id":"1193658474","properties":{"kind":"water","name":"","osmWayId":"1193658474"},"geometry":{"type":"Polygon","coordinates":[[[-123.1974635,49.4098228],[-123.197514,49.4098249],[-123.1975722,49.4098093],[-123.1975853,49.4097905],[-123.1975763,49.409775],[-123.1975415,49.4097626],[-123.1975163,49.4097603],[-123.1974784,49.4097764],[-123.1974621,49.4098061],[-123.1974635,49.4098228]]]}},{"type":"Feature","id":"1193658475","properties":{"kind":"water","name":"","osmWayId":"1193658475"},"geometry":{"type":"Polygon","coordinates":[[[-123.1959397,49.4092429],[-123.1959957,49.4092402],[-123.1960262,49.4092315],[-123.196035,49.4092242],[-123.196036,49.4092165],[-123.1960245,49.4092051],[-123.1960118,49.4091925],[-123.1960017,49.4091738],[-123.1959894,49.4091649],[-123.1959494,49.409162],[-123.19586,49.4091718],[-123.1958334,49.4091919],[-123.1958306,49.4092014],[-123.1958369,49.4092165],[-123.1958639,49.4092265],[-123.1959397,49.4092429]]]}},{"type":"Feature","id":"1193658476","properties":{"kind":"water","name":"","osmWayId":"1193658476"},"geometry":{"type":"Polygon","coordinates":[[[-123.1964162,49.4096399],[-123.1964822,49.4096717],[-123.1965429,49.4096939],[-123.1965789,49.4096947],[-123.1966007,49.4096775],[-123.1966078,49.409646],[-123.1965889,49.4096303],[-123.1965376,49.4096004],[-123.1964327,49.4095839],[-123.196254,49.4095628],[-123.1962092,49.4095516],[-123.1961804,49.4095543],[-123.1961503,49.4095858],[-123.1961503,49.4096253],[-123.1961568,49.4096387],[-123.1961762,49.4096452],[-123.1962446,49.4096402],[-123.1962882,49.4096314],[-123.1963419,49.4096272],[-123.1964162,49.4096399]]]}},{"type":"Feature","id":"1193658477","properties":{"kind":"water","name":"","osmWayId":"1193658477"},"geometry":{"type":"Polygon","coordinates":[[[-123.2008016,49.4085235],[-123.2008328,49.4085445],[-123.2008764,49.4085603],[-123.2009543,49.4085738],[-123.200987,49.4085597],[-123.2009979,49.4085416],[-123.20104,49.40851],[-123.201043,49.4084858],[-123.2010331,49.4084713],[-123.2009929,49.4084487],[-123.2009439,49.4084477],[-123.2008928,49.4084397],[-123.2008641,49.4084119],[-123.2008616,49.4083864],[-123.2008378,49.4083764],[-123.2008011,49.4083777],[-123.2007421,49.4083635],[-123.2007124,49.4083668],[-123.2007019,49.4083771],[-123.200697,49.4083942],[-123.2007039,49.4084071],[-123.2007322,49.4084161],[-123.2007768,49.4084503],[-123.2008061,49.4084851],[-123.2008016,49.4085235]]]}},{"type":"Feature","id":"1193658478","properties":{"kind":"water","name":"","osmWayId":"1193658478"},"geometry":{"type":"Polygon","coordinates":[[[-123.1976764,49.4100988],[-123.1976978,49.4101126],[-123.1977328,49.4101158],[-123.1977624,49.4100977],[-123.1977741,49.4100822],[-123.1977641,49.4100692],[-123.1977374,49.4100619],[-123.1977115,49.4100657],[-123.1976811,49.41008],[-123.1976764,49.4100988]]]}},{"type":"Feature","id":"1193661843","properties":{"kind":"path","name":"","osmWayId":"1193661843"},"geometry":{"type":"LineString","coordinates":[[-123.1935352,49.4119998],[-123.1934879,49.4119601],[-123.1934414,49.4118883],[-123.1934171,49.4118032],[-123.1934152,49.4117173],[-123.1933974,49.4116401],[-123.1933706,49.4116019],[-123.1933546,49.4115629],[-123.1933457,49.4114961],[-123.1933572,49.4114343],[-123.1933412,49.4113761],[-123.193324,49.411333],[-123.1933157,49.4112981],[-123.1933265,49.4112628],[-123.1933476,49.4112338],[-123.1933546,49.4111956]]}},{"type":"Feature","id":"1193663934","properties":{"kind":"path","name":"","osmWayId":"1193663934"},"geometry":{"type":"LineString","coordinates":[[-123.2011384,49.3960522],[-123.2016418,49.3960622],[-123.2019384,49.3960489],[-123.2022755,49.3960121],[-123.2025694,49.3960851]]}},{"type":"Feature","id":"1193663935","properties":{"kind":"path","name":"Baden Powell Trail","osmWayId":"1193663935"},"geometry":{"type":"LineString","coordinates":[[-123.202431,49.3956321],[-123.2022648,49.395715],[-123.2022044,49.3958092],[-123.2020257,49.3959303],[-123.2017976,49.3959856],[-123.2011864,49.3960354],[-123.2011384,49.3960522]]}},{"type":"Feature","id":"1193663936","properties":{"kind":"path","name":"","osmWayId":"1193663936"},"geometry":{"type":"LineString","coordinates":[[-123.2009457,49.3960484],[-123.2011384,49.3960522]]}},{"type":"Feature","id":"1193663938","properties":{"kind":"building","name":"","osmWayId":"1193663938"},"geometry":{"type":"Polygon","coordinates":[[[-123.2038716,49.3972891],[-123.2037865,49.3972449],[-123.2037223,49.3972973],[-123.2038073,49.3973415],[-123.2038716,49.3972891]]]}},{"type":"Feature","id":"1193663939","properties":{"kind":"building","name":"Lions Express Quad","osmWayId":"1193663939"},"geometry":{"type":"Polygon","coordinates":[[[-123.2036381,49.3973173],[-123.2037782,49.3971864],[-123.2036822,49.3971428],[-123.203542,49.3972737],[-123.2035787,49.3972903],[-123.2036381,49.3973173]]]}},{"type":"Feature","id":"1193663940","properties":{"kind":"path","name":"","osmWayId":"1193663940"},"geometry":{"type":"LineString","coordinates":[[-123.2039963,49.3974388],[-123.2039079,49.3975454],[-123.203821,49.397662],[-123.2036869,49.3977765],[-123.2035399,49.3979001],[-123.2034455,49.3979693],[-123.2033522,49.3980112],[-123.2032384,49.3980405],[-123.2031429,49.3980489],[-123.2029616,49.3980635],[-123.2028661,49.3980727]]}},{"type":"Feature","id":"1193663943","properties":{"kind":"path","name":"Collins","osmWayId":"1193663943"},"geometry":{"type":"LineString","coordinates":[[-123.2032428,49.3971515],[-123.2035829,49.397072],[-123.2040439,49.3969206]]}},{"type":"Feature","id":"1199343083","properties":{"kind":"path","name":"","osmWayId":"1199343083"},"geometry":{"type":"LineString","coordinates":[[-123.2024612,49.3958255],[-123.202431,49.3956321]]}},{"type":"Feature","id":"1232446616","properties":{"kind":"path","name":"Lower Powerline","osmWayId":"1232446616"},"geometry":{"type":"LineString","coordinates":[[-123.1883318,49.3803826],[-123.1882745,49.3804502],[-123.1881334,49.380545],[-123.1879768,49.3806167],[-123.1879255,49.380668]]}},{"type":"Feature","id":"1232446617","properties":{"kind":"path","name":"Lower Powerline","osmWayId":"1232446617"},"geometry":{"type":"LineString","coordinates":[[-123.1883429,49.3803395],[-123.1883318,49.3803826]]}},{"type":"Feature","id":"1232446618","properties":{"kind":"path","name":"Lower Powerline","osmWayId":"1232446618"},"geometry":{"type":"LineString","coordinates":[[-123.1905281,49.3789557],[-123.1895169,49.3795764],[-123.1892325,49.3798096],[-123.1883429,49.3803395]]}},{"type":"Feature","id":"1249382826","properties":{"kind":"path","name":"Baden Powell Trail","osmWayId":"1249382826"},"geometry":{"type":"LineString","coordinates":[[-123.1796868,49.3906004],[-123.179808,49.3906254],[-123.1799304,49.3906279],[-123.1800455,49.390623],[-123.1801566,49.390654],[-123.1804538,49.3908911]]}},{"type":"Feature","id":"1300585977","properties":{"kind":"path","name":"","osmWayId":"1300585977"},"geometry":{"type":"LineString","coordinates":[[-123.2052459,49.3954774],[-123.2052193,49.395571],[-123.205224,49.3956117],[-123.2052654,49.395687],[-123.2053334,49.3957486],[-123.2054765,49.3958107],[-123.2055116,49.3958376]]}},{"type":"Feature","id":"1300585978","properties":{"kind":"path","name":"","osmWayId":"1300585978"},"geometry":{"type":"LineString","coordinates":[[-123.2061882,49.3955705],[-123.2054167,49.3955008],[-123.2052459,49.3954774],[-123.2050852,49.3954566],[-123.2048304,49.3953932],[-123.2046025,49.3953301],[-123.2044466,49.3952755],[-123.2041934,49.3951594],[-123.2041265,49.3951287],[-123.2038404,49.3949626],[-123.2038273,49.3949576],[-123.2037833,49.3949407],[-123.203743,49.394931],[-123.2037169,49.3949285],[-123.2036641,49.3949402],[-123.2036128,49.3949671]]}},{"type":"Feature","id":"1300585979","properties":{"kind":"path","name":"","osmWayId":"1300585979"},"geometry":{"type":"LineString","coordinates":[[-123.206502,49.3914685],[-123.206556,49.3916247],[-123.2066287,49.3917758],[-123.2067029,49.3918766],[-123.2068178,49.3919921],[-123.2069593,49.3921183],[-123.20734,49.3923686],[-123.2074901,49.392452],[-123.2077387,49.3925991],[-123.2078903,49.3926942],[-123.2080435,49.3928041],[-123.2080773,49.392841],[-123.2081108,49.3928753],[-123.2081913,49.392971],[-123.2082999,49.3931165],[-123.2083242,49.3931608],[-123.2083679,49.393317],[-123.2083828,49.393494],[-123.2083734,49.3936151],[-123.208357,49.393699],[-123.208332,49.3937687],[-123.2082585,49.3938746],[-123.2081764,49.3940089],[-123.2080889,49.3941127],[-123.2077043,49.3944785],[-123.2073299,49.3947171],[-123.2071071,49.3948702],[-123.2069374,49.3949979],[-123.2067733,49.3950819],[-123.2065028,49.3951948],[-123.2063394,49.3952416]]}},{"type":"Feature","id":"1300585980","properties":{"kind":"path","name":"","osmWayId":"1300585980"},"geometry":{"type":"LineString","coordinates":[[-123.2061882,49.3955705],[-123.2061088,49.395729],[-123.2060002,49.3959859],[-123.20589,49.3962235],[-123.2058165,49.3964061],[-123.2058181,49.3964499],[-123.2058517,49.3965196],[-123.2058626,49.396571],[-123.2058892,49.3967867]]}},{"type":"Feature","id":"1300585981","properties":{"kind":"wood","name":"","osmWayId":"1300585981"},"geometry":{"type":"Polygon","coordinates":[[[-123.2061659,49.3931516],[-123.2062402,49.393203],[-123.2062894,49.3932549],[-123.2063043,49.3932864],[-123.2062933,49.3933134],[-123.206266,49.3933312],[-123.2061753,49.3933683],[-123.2061487,49.3933729],[-123.2061299,49.3933699],[-123.2061401,49.3932488],[-123.2061339,49.3931506],[-123.2061432,49.393144],[-123.2061659,49.3931516]]]}},{"type":"Feature","id":"1300585982","properties":{"kind":"wood","name":"","osmWayId":"1300585982"},"geometry":{"type":"Polygon","coordinates":[[[-123.2067014,49.3947578],[-123.2067279,49.3947222],[-123.2067475,49.3946693],[-123.2067053,49.3946138],[-123.2066826,49.3946062],[-123.2066724,49.3946174],[-123.2066506,49.3946855],[-123.2066459,49.3947298],[-123.2066764,49.3947583],[-123.2066873,49.3947558],[-123.2067014,49.3947578]]]}},{"type":"Feature","id":"1300585983","properties":{"kind":"wood","name":"","osmWayId":"1300585983"},"geometry":{"type":"Polygon","coordinates":[[[-123.2069617,49.3964489],[-123.2069281,49.3964616],[-123.2068812,49.3964636],[-123.206717,49.3963166],[-123.2065974,49.3961909],[-123.2065341,49.3961014],[-123.2069374,49.3960466],[-123.207192,49.3959012],[-123.2072545,49.3959332],[-123.2069617,49.3964489]]]}},{"type":"Feature","id":"1300585984","properties":{"kind":"building","name":"","osmWayId":"1300585984"},"geometry":{"type":"Polygon","coordinates":[[[-123.2064454,49.3968304],[-123.2064123,49.396801],[-123.2063816,49.3968156],[-123.2064148,49.396845],[-123.2064454,49.3968304]]]}},{"type":"Feature","id":"1300585986","properties":{"kind":"building","name":"","osmWayId":"1300585986"},"geometry":{"type":"Polygon","coordinates":[[[-123.2060537,49.3971598],[-123.2061265,49.3971026],[-123.2060463,49.3970594],[-123.2059735,49.3971166],[-123.2060537,49.3971598]]]}},{"type":"Feature","id":"1300585987","properties":{"kind":"building","name":"Eagle Express Quad","osmWayId":"1300585987"},"geometry":{"type":"Polygon","coordinates":[[[-123.206288,49.3971203],[-123.2062873,49.3970997],[-123.2062525,49.3970783],[-123.2062087,49.3970778],[-123.2060872,49.3971709],[-123.2060803,49.3971849],[-123.2060819,49.3971956],[-123.2060922,49.3972088],[-123.20611,49.3972176],[-123.2061284,49.3972213],[-123.2061665,49.3972143],[-123.206288,49.3971203]]]}},{"type":"Feature","id":"1300608749","properties":{"kind":"stream","name":"","osmWayId":"1300608749"},"geometry":{"type":"LineString","coordinates":[[-123.2062667,49.3937802],[-123.2058331,49.3938564]]}},{"type":"Feature","id":"1300608750","properties":{"kind":"stream","name":"","osmWayId":"1300608750"},"geometry":{"type":"LineString","coordinates":[[-123.2072216,49.3933244],[-123.2070843,49.393397],[-123.2067956,49.3935053],[-123.206713,49.3935238],[-123.2066363,49.3935878],[-123.2065458,49.3936229],[-123.2064878,49.3936283],[-123.2064146,49.3936563],[-123.2063342,49.3937026],[-123.2062808,49.3937211],[-123.2062642,49.393739],[-123.2062635,49.393754],[-123.2062703,49.3937735],[-123.2062667,49.3937802]]}},{"type":"Feature","id":"1300608751","properties":{"kind":"path","name":"","osmWayId":"1300608751"},"geometry":{"type":"LineString","coordinates":[[-123.2063212,49.3912803],[-123.206502,49.3914685]]}},{"type":"Feature","id":"1300608752","properties":{"kind":"path","name":"","osmWayId":"1300608752"},"geometry":{"type":"LineString","coordinates":[[-123.2061284,49.3939656],[-123.2059057,49.3936941],[-123.205864,49.3936364],[-123.2058383,49.3935872],[-123.2058317,49.3935324],[-123.2058346,49.3934728],[-123.205842,49.3934403],[-123.2058669,49.3933869],[-123.2059541,49.3932667],[-123.2059841,49.3932176],[-123.2060032,49.3931603],[-123.2060149,49.3930273],[-123.2060076,49.3929309],[-123.2059967,49.3928899],[-123.2059841,49.3928486],[-123.205883,49.3926168],[-123.20582,49.3925243],[-123.2057584,49.3924565],[-123.2057027,49.3923802],[-123.2056822,49.3923287],[-123.2056729,49.3922976],[-123.2056324,49.3921646],[-123.2056016,49.392011],[-123.2055928,49.3919233],[-123.2056089,49.3918336],[-123.2056353,49.3917678],[-123.2056705,49.3917105],[-123.205732,49.3916504],[-123.2058346,49.3915665],[-123.2060369,49.391451],[-123.2062084,49.3913623],[-123.2063212,49.3912803],[-123.2063813,49.3912078],[-123.2064165,49.3910971],[-123.2064165,49.3909998],[-123.2063982,49.3907348],[-123.2064183,49.3906134],[-123.2064103,49.3905462],[-123.2063876,49.3904517],[-123.206389,49.3903783],[-123.2064154,49.3902275],[-123.2064638,49.3900277],[-123.2065121,49.3898717],[-123.2065488,49.3896985],[-123.2065847,49.3895592],[-123.2065957,49.3894686],[-123.2066038,49.3893198],[-123.2066162,49.389283],[-123.2066397,49.389243],[-123.2067027,49.3891743],[-123.2067796,49.3891123],[-123.2068698,49.3890493],[-123.2069944,49.3889987],[-123.2070728,49.3889844],[-123.2071541,49.388982],[-123.2072245,49.388993],[-123.207289,49.3890135],[-123.2073388,49.3890441],[-123.2076972,49.3895149],[-123.2080339,49.3899258],[-123.2081607,49.3900694],[-123.2082266,49.3901333],[-123.2083153,49.3901987],[-123.2083974,49.3902445],[-123.2086312,49.3903451],[-123.209191,49.3905216],[-123.2095545,49.3906038],[-123.2098162,49.390663],[-123.2101225,49.3907475],[-123.2103519,49.3908162],[-123.2105277,49.3908801],[-123.21073,49.3909826],[-123.2108685,49.3910756],[-123.2110305,49.3911615],[-123.2113258,49.3913084],[-123.2115834,49.391405],[-123.2116435,49.3914136],[-123.2125955,49.3914208],[-123.213,49.3914169],[-123.2132447,49.391426]]}},{"type":"Feature","id":"1300608753","properties":{"kind":"path","name":"","osmWayId":"1300608753"},"geometry":{"type":"LineString","coordinates":[[-123.2038814,49.3938774],[-123.2038988,49.3938185],[-123.2039079,49.3937658],[-123.2039052,49.3937313],[-123.2038846,49.3936639],[-123.2038671,49.3936162],[-123.2038399,49.3935714],[-123.2037496,49.3933993],[-123.2035515,49.3930907],[-123.2035068,49.3930215],[-123.203424,49.3929185],[-123.2033448,49.3928093],[-123.2033016,49.3927449],[-123.2032217,49.3925999],[-123.2030011,49.392359],[-123.2029601,49.3922894],[-123.2029498,49.3922626],[-123.2029454,49.3921983],[-123.2029256,49.392141],[-123.2028421,49.3919736],[-123.2028274,49.3919335],[-123.202826,49.3919001],[-123.2028824,49.3917179],[-123.2028934,49.3916616],[-123.2028963,49.3916106],[-123.2028978,49.3915591],[-123.2028864,49.3914436],[-123.2028586,49.3912972],[-123.2028688,49.3911722],[-123.2028879,49.3911064],[-123.2029165,49.3910434],[-123.202978,49.3909409],[-123.2030696,49.390804],[-123.2031085,49.390732],[-123.2031393,49.3906614],[-123.2031502,49.3906156],[-123.2031502,49.3905326],[-123.2031107,49.3902209],[-123.2031217,49.3901269],[-123.2031209,49.3900482],[-123.2031004,49.3899056],[-123.2031041,49.3898454],[-123.2031176,49.389761],[-123.2031096,49.3896613],[-123.2030634,49.3893231],[-123.2030238,49.389119],[-123.2030187,49.3890369],[-123.2030326,49.3889315],[-123.2030737,49.3887178],[-123.2030913,49.3886586],[-123.2031198,49.3885985],[-123.203199,49.3884902],[-123.2032975,49.3882672],[-123.2033349,49.3882069],[-123.2033796,49.3881554],[-123.2035079,49.3880342],[-123.2035921,49.387939],[-123.203657,49.3878556],[-123.2036944,49.3877919],[-123.2037673,49.38769],[-123.2040157,49.3874088],[-123.2041202,49.3872669],[-123.2041553,49.3872077],[-123.2041945,49.3871541],[-123.2042737,49.3870682],[-123.2044126,49.3868938],[-123.2044738,49.386829],[-123.2045716,49.386755],[-123.2046441,49.3867119],[-123.2047222,49.3866711],[-123.2048519,49.3866172],[-123.2050336,49.3865103],[-123.2051135,49.3864683],[-123.205274,49.3863949],[-123.2053938,49.38636],[-123.2054986,49.3863367],[-123.2056225,49.3863185],[-123.2058211,49.3862985],[-123.2058944,49.386298],[-123.205953,49.3863028],[-123.2059904,49.3863123],[-123.2060263,49.3863314],[-123.2060483,49.3863572],[-123.2060578,49.3863882],[-123.2060527,49.386423],[-123.2060424,49.3864497],[-123.2059772,49.3865232],[-123.2058028,49.3866615],[-123.2056694,49.3867865],[-123.2055653,49.386891],[-123.2054649,49.3870229],[-123.2054363,49.387073],[-123.2054261,49.3871197],[-123.2054246,49.3871674],[-123.205451,49.3872981],[-123.2054444,49.3873258],[-123.2053982,49.3874336],[-123.2053938,49.3874603],[-123.2053975,49.3875066],[-123.2054144,49.3875586],[-123.2055668,49.3877809],[-123.2055748,49.3878086],[-123.20558,49.3878644],[-123.205577,49.3879445],[-123.2055668,49.3880142],[-123.2055331,49.3881205],[-123.2054657,49.3882937],[-123.2054356,49.3884478],[-123.2054327,49.3885246],[-123.20544,49.3885971],[-123.2054803,49.3888237],[-123.2054913,49.3889506],[-123.2054942,49.3891996],[-123.2055038,49.3892559],[-123.2055235,49.3893107],[-123.2057031,49.3895883],[-123.2059098,49.3900386],[-123.2060285,49.3903201],[-123.2060996,49.3904245],[-123.2062806,49.3906299],[-123.2063982,49.3907348],[-123.2065964,49.390918],[-123.2067759,49.3910956],[-123.2069093,49.3912328],[-123.2069966,49.3912982],[-123.2070742,49.3913416],[-123.2072149,49.3914079],[-123.2073007,49.3914575],[-123.2074209,49.39151],[-123.2076393,49.3915906],[-123.2079859,49.3917027],[-123.2080753,49.3917422],[-123.2081632,49.3917914],[-123.2084498,49.391986],[-123.2086132,49.3920723],[-123.208674,49.3920986],[-123.2088521,49.3921472],[-123.2089657,49.392162],[-123.2090404,49.3921773],[-123.2091145,49.3921987],[-123.2092618,49.3922555],[-123.2094113,49.3923227],[-123.2096113,49.3924334],[-123.2098436,49.3926538],[-123.2099741,49.3927687],[-123.2100891,49.3928856],[-123.2101251,49.3929419],[-123.2101558,49.3930182],[-123.2101961,49.3930773],[-123.2102548,49.3931341],[-123.2103302,49.3931937],[-123.2104409,49.39326],[-123.2105552,49.3933149],[-123.2108337,49.3934651],[-123.2109297,49.3935047],[-123.2111356,49.3935734],[-123.2111913,49.3936044],[-123.2112258,49.3936359],[-123.2112939,49.3937136],[-123.2113284,49.3937346],[-123.2115805,49.3938209],[-123.2116479,49.3938534],[-123.2117263,49.3939063],[-123.2117761,49.3939569],[-123.2118055,49.3939974],[-123.2118201,49.3940356],[-123.2118267,49.3940623],[-123.2118179,49.3941105],[-123.2117996,49.3941653]]}},{"type":"Feature","id":"1300608754","properties":{"kind":"wood","name":"","osmWayId":"1300608754"},"geometry":{"type":"Polygon","coordinates":[[[-123.2071658,49.38947],[-123.2071578,49.3894982],[-123.2071864,49.389523],[-123.2072252,49.3895325],[-123.2072618,49.3895058],[-123.2072487,49.3894557],[-123.2072596,49.3894257],[-123.2072604,49.3894061],[-123.2072281,49.3893975],[-123.2071937,49.3894109],[-123.2071805,49.3894381],[-123.2071651,49.3894552],[-123.2071658,49.38947]]]}},{"type":"Feature","id":"1300608756","properties":{"kind":"water","name":"","osmWayId":"1300608756"},"geometry":{"type":"Polygon","coordinates":[[[-123.2107201,49.3875772],[-123.2107919,49.3875338],[-123.2108205,49.3875095],[-123.2108491,49.3874331],[-123.2108542,49.387404],[-123.2108066,49.3874327],[-123.2106996,49.3874556],[-123.2106432,49.3874956],[-123.2106029,49.3875314],[-123.2105721,49.3875467],[-123.2105582,49.3875629],[-123.2105237,49.387571],[-123.2105003,49.3875853],[-123.2104614,49.3875901],[-123.2104072,49.3875877],[-123.2103962,49.3875934],[-123.2103955,49.3875996],[-123.2104138,49.3876015],[-123.2104446,49.3876182],[-123.2106285,49.3875991],[-123.2106739,49.3875844],[-123.2107201,49.3875772]]]}},{"type":"Feature","id":"1300618632","properties":{"kind":"path","name":"","osmWayId":"1300618632"},"geometry":{"type":"LineString","coordinates":[[-123.2095545,49.3906038],[-123.2095823,49.390552],[-123.209605,49.3905266],[-123.2096751,49.3904718],[-123.2097657,49.3904137],[-123.2098021,49.3903799],[-123.2098287,49.3903506],[-123.2098467,49.3903283],[-123.2098559,49.3902995],[-123.2098609,49.3902658],[-123.2098595,49.3902304],[-123.2098527,49.3901999],[-123.2098301,49.3901576],[-123.2097883,49.3901149],[-123.2097306,49.3900613],[-123.2096407,49.3899949],[-123.2093943,49.3898093]]}},{"type":"Feature","id":"1307076984","properties":{"kind":"path","name":"Black Mountain Loop","osmWayId":"1307076984"},"geometry":{"type":"LineString","coordinates":[[-123.2190193,49.3919838],[-123.2190189,49.3919288],[-123.219002,49.3918394],[-123.2190032,49.3917741]]}},{"type":"Feature","id":"1307076985","properties":{"kind":"path","name":"Black Mountain Loop","osmWayId":"1307076985"},"geometry":{"type":"LineString","coordinates":[[-123.2188693,49.3921811],[-123.2189903,49.3920829],[-123.2190094,49.3920438],[-123.2190193,49.3919838]]}},{"type":"Feature","id":"1376569297","properties":{"kind":"stream","name":"","osmWayId":"1376569297"},"geometry":{"type":"LineString","coordinates":[[-123.2264462,49.3871383],[-123.2264722,49.3870982],[-123.2265031,49.3870732],[-123.2265176,49.3870469],[-123.2265787,49.3869865],[-123.2266268,49.3869454],[-123.2266418,49.386925],[-123.2266614,49.3869109],[-123.2266947,49.3868843],[-123.2267177,49.3868779],[-123.2267421,49.3868813],[-123.2267793,49.3868965],[-123.2268,49.3869228],[-123.2268599,49.3869697],[-123.2268902,49.3869815],[-123.2269544,49.3870114],[-123.2270018,49.3870197],[-123.2270405,49.3870144],[-123.2270708,49.387001],[-123.2270962,49.3869669],[-123.2271169,49.3869618],[-123.2271528,49.386955],[-123.2271692,49.3869357],[-123.2271829,49.3869142],[-123.2271946,49.3868795],[-123.2272194,49.386848],[-123.2272657,49.3868132],[-123.2273239,49.3867756],[-123.227355,49.3867574],[-123.2273918,49.3867515],[-123.2274754,49.3867457],[-123.227507,49.3867286],[-123.2275566,49.3866816],[-123.2275977,49.3866602],[-123.227642,49.3866578],[-123.2276866,49.3866478],[-123.227736,49.3866234],[-123.2277801,49.3865958],[-123.2277894,49.386578],[-123.2277822,49.3865429],[-123.2277926,49.3865221],[-123.2278127,49.3865013],[-123.2278735,49.3864692],[-123.2279183,49.3864402],[-123.2279409,49.3864108],[-123.2279537,49.3863905],[-123.2279528,49.3863665],[-123.22794,49.3863433],[-123.227946,49.3863274],[-123.2279585,49.3863113],[-123.2279774,49.3863082],[-123.2280136,49.3863063],[-123.2280587,49.3862954],[-123.2280882,49.3862802],[-123.2281066,49.386259],[-123.228126,49.3862301],[-123.2281707,49.3862025],[-123.2281992,49.3861898],[-123.2282939,49.3861687],[-123.2283679,49.3861703],[-123.2284404,49.3861622],[-123.2285034,49.3861653],[-123.2285634,49.3861709],[-123.2286127,49.386182],[-123.2286657,49.3861909],[-123.2286972,49.3862083],[-123.228717,49.3862255],[-123.2287313,49.3862356],[-123.2287665,49.3862438],[-123.2288123,49.3862562],[-123.2288488,49.3862703],[-123.2289014,49.386287],[-123.2289201,49.3862892],[-123.2289415,49.3863142],[-123.2290073,49.3863561],[-123.229031,49.3863602],[-123.2290551,49.3863768],[-123.2290862,49.3863877],[-123.2291335,49.3863924],[-123.2291541,49.3864026],[-123.2291792,49.3864199],[-123.229224,49.3864304],[-123.2292613,49.3864399],[-123.2292754,49.3864522],[-123.2292764,49.3864656],[-123.2292758,49.3864825],[-123.229281,49.3865005],[-123.2292909,49.3865145],[-123.2292893,49.3865435],[-123.2292901,49.3865675],[-123.2292814,49.3865763],[-123.2292664,49.3865969],[-123.2292607,49.3866362],[-123.2292645,49.3866645],[-123.2292744,49.386705],[-123.2292871,49.3867316],[-123.229294,49.3867589],[-123.2292823,49.3867825],[-123.2292787,49.3868122],[-123.229293,49.3868375],[-123.2292979,49.3868671],[-123.2292981,49.3868926],[-123.2293094,49.3869115],[-123.2293348,49.3869404],[-123.2293572,49.3869545],[-123.2293636,49.3869679],[-123.2293833,49.3869797],[-123.2294194,49.3870071],[-123.2294465,49.3870226],[-123.2294823,49.3870262],[-123.2295486,49.3870245],[-123.2295984,49.3870311],[-123.2296391,49.3870435],[-123.2296705,49.3870613],[-123.229716,49.3870626],[-123.2297414,49.387066],[-123.2297757,49.3870862],[-123.2298112,49.3871144],[-123.2298665,49.3871398],[-123.2298711,49.3871557],[-123.2298828,49.3871659],[-123.2299491,49.3871882],[-123.2299818,49.3872023],[-123.2299943,49.387215],[-123.2300134,49.3872297],[-123.2301046,49.3872539],[-123.2301207,49.3872634],[-123.2301373,49.3872672],[-123.2301898,49.3872644],[-123.2302153,49.3872569],[-123.2302478,49.3872547],[-123.230302,49.3872505],[-123.2303325,49.3872492]]}},{"type":"Feature","id":"1417090565","properties":{"kind":"path","name":"West Cypress Creek Trail","osmWayId":"1417090565"},"geometry":{"type":"LineString","coordinates":[[-123.1961373,49.3855568],[-123.1963515,49.3856362]]}},{"type":"Feature","id":"1417090567","properties":{"kind":"path","name":"West Cypress Creek Trail","osmWayId":"1417090567"},"geometry":{"type":"LineString","coordinates":[[-123.1986061,49.3872194],[-123.1985468,49.3872014],[-123.1984631,49.3872028],[-123.1983065,49.3872293],[-123.1980694,49.3872985],[-123.1979567,49.3873494],[-123.1979031,49.3873739],[-123.1978612,49.3873858],[-123.1978008,49.3873781]]}},{"type":"Feature","id":"1417090569","properties":{"kind":"path","name":"West Cypress Creek Trail","osmWayId":"1417090569"},"geometry":{"type":"LineString","coordinates":[[-123.1979637,49.3885659],[-123.19807,49.3884211],[-123.1980996,49.3883379],[-123.198113,49.3882253],[-123.1981308,49.3881858],[-123.1981542,49.3881457],[-123.1982025,49.388092],[-123.1982266,49.388039],[-123.1982707,49.3879121],[-123.1983214,49.3877272],[-123.1983994,49.3875662],[-123.1984614,49.3874443],[-123.1985384,49.3873137],[-123.1986061,49.3872194]]}},{"type":"Feature","id":"1417090570","properties":{"kind":"path","name":"East Cypress Creek Trail","osmWayId":"1417090570"},"geometry":{"type":"LineString","coordinates":[[-123.1956917,49.3819539],[-123.1957725,49.382015],[-123.1957996,49.382069],[-123.1958007,49.3821306],[-123.1956709,49.3824558],[-123.195544,49.382838],[-123.1954396,49.3832497],[-123.1954317,49.3833856],[-123.1955217,49.3837034],[-123.1955462,49.3838749],[-123.1957174,49.3841114],[-123.195721,49.3841472],[-123.195684,49.384257],[-123.1956,49.384638],[-123.195585,49.384808],[-123.1956045,49.3849696],[-123.1956733,49.3850992],[-123.1958806,49.3852905],[-123.196014,49.385461],[-123.1960394,49.385495],[-123.1960771,49.3855282],[-123.1961373,49.3855568]]}},{"type":"Feature","id":"1421942262","properties":{"kind":"building","name":"","osmWayId":"1421942262"},"geometry":{"type":"Polygon","coordinates":[[[-123.2021272,49.3954177],[-123.202151,49.3953811],[-123.2020923,49.3953649],[-123.2020684,49.3954015],[-123.2021272,49.3954177]]]}},{"type":"Feature","id":"1421942263","properties":{"kind":"building","name":"","osmWayId":"1421942263"},"geometry":{"type":"Polygon","coordinates":[[[-123.2021954,49.3954577],[-123.2022177,49.395393],[-123.2021836,49.395388],[-123.2021613,49.3954527],[-123.2021954,49.3954577]]]}},{"type":"Feature","id":"1421942264","properties":{"kind":"building","name":"","osmWayId":"1421942264"},"geometry":{"type":"Polygon","coordinates":[[[-123.2024403,49.3953147],[-123.2024502,49.395282],[-123.2023988,49.3952754],[-123.2023889,49.3953081],[-123.2024403,49.3953147]]]}},{"type":"Feature","id":"1421942266","properties":{"kind":"building","name":"","osmWayId":"1421942266"},"geometry":{"type":"Polygon","coordinates":[[[-123.2025585,49.3948626],[-123.202473,49.3947935],[-123.2023896,49.3948373],[-123.2024751,49.3949063],[-123.202494,49.3948964],[-123.2025585,49.3948626]]]}},{"type":"Feature","id":"1421942268","properties":{"kind":"building","name":"","osmWayId":"1421942268"},"geometry":{"type":"Polygon","coordinates":[[[-123.2016205,49.3923951],[-123.2015932,49.3923605],[-123.2014049,49.3924235],[-123.2014322,49.3924581],[-123.2016205,49.3923951]]]}},{"type":"Feature","id":"1421942269","properties":{"kind":"building","name":"","osmWayId":"1421942269"},"geometry":{"type":"Polygon","coordinates":[[[-123.2015866,49.3923604],[-123.2015742,49.3923451],[-123.2014909,49.3923735],[-123.2015033,49.3923889],[-123.2015866,49.3923604]]]}},{"type":"Feature","id":"1421942270","properties":{"kind":"stream","name":"","osmWayId":"1421942270"},"geometry":{"type":"LineString","coordinates":[[-123.2043007,49.3951377],[-123.2042043,49.395239]]}},{"type":"Feature","id":"1421942271","properties":{"kind":"wood","name":"","osmWayId":"1421942271"},"geometry":{"type":"Polygon","coordinates":[[[-123.2041685,49.394952],[-123.2041605,49.3949094],[-123.204111,49.3948477],[-123.2040532,49.3947726],[-123.204029,49.3947652],[-123.2040154,49.3947745],[-123.2040146,49.3947936],[-123.204061,49.3948625],[-123.2041499,49.3949528],[-123.2041685,49.394952]]]}},{"type":"Feature","id":"1421942272","properties":{"kind":"wood","name":"","osmWayId":"1421942272"},"geometry":{"type":"Polygon","coordinates":[[[-123.2039798,49.3946483],[-123.2039395,49.3945562],[-123.2038988,49.3944968],[-123.2038654,49.3945011],[-123.2038495,49.394588],[-123.2038656,49.3946208],[-123.2039109,49.3946586],[-123.2039608,49.3946701],[-123.2039798,49.3946483]]]}},{"type":"Feature","id":"1421942273","properties":{"kind":"wood","name":"","osmWayId":"1421942273"},"geometry":{"type":"Polygon","coordinates":[[[-123.2037289,49.3946559],[-123.2037239,49.3946334],[-123.2036628,49.3945665],[-123.2036053,49.3945497],[-123.2035506,49.3945587],[-123.2035277,49.3945786],[-123.2035248,49.3945993],[-123.2035437,49.3946145],[-123.2035777,49.3946296],[-123.2036687,49.3946484],[-123.2037289,49.3946559]]]}},{"type":"Feature","id":"1421942274","properties":{"kind":"wood","name":"","osmWayId":"1421942274"},"geometry":{"type":"Polygon","coordinates":[[[-123.2038291,49.3947644],[-123.2037366,49.3947325],[-123.2035746,49.3946963],[-123.2034556,49.3946803],[-123.2033907,49.3946633],[-123.2033574,49.3946286],[-123.2033191,49.3945776],[-123.203275,49.3945436],[-123.2032337,49.3945447],[-123.2032101,49.3945548],[-123.2032591,49.3946248],[-123.203368,49.3947123],[-123.2038115,49.3947803],[-123.2038291,49.3947644]]]}},{"type":"Feature","id":"1421942275","properties":{"kind":"stream","name":"","osmWayId":"1421942275"},"geometry":{"type":"LineString","coordinates":[[-123.2038448,49.3941893],[-123.2037647,49.3941967]]}},{"type":"Feature","id":"1421942277","properties":{"kind":"path","name":"","osmWayId":"1421942277"},"geometry":{"type":"LineString","coordinates":[[-123.1998727,49.3915521],[-123.1997887,49.3915326],[-123.1996557,49.3914904],[-123.1995271,49.391427],[-123.199406,49.3913492],[-123.1992744,49.3912429],[-123.199076,49.3910659],[-123.1989132,49.3909209],[-123.1988833,49.3909095]]}},{"type":"Feature","id":"1421942278","properties":{"kind":"path","name":"","osmWayId":"1421942278"},"geometry":{"type":"LineString","coordinates":[[-123.2001203,49.3911986],[-123.200095,49.391158],[-123.2000256,49.3910783],[-123.1999882,49.391015],[-123.1999512,49.3909741],[-123.1998944,49.3909365],[-123.1998548,49.3909249],[-123.1997498,49.3909135],[-123.1996783,49.3909029],[-123.1996301,49.3908862],[-123.1995941,49.3908707],[-123.1994669,49.3908425],[-123.1993044,49.3908189],[-123.1991834,49.3907915],[-123.1990504,49.3907427],[-123.1989154,49.3907002],[-123.1987344,49.3906475]]}},{"type":"Feature","id":"1421942280","properties":{"kind":"water","name":"","osmWayId":"1421942280"},"geometry":{"type":"Polygon","coordinates":[[[-123.2054987,49.3951207],[-123.2054774,49.3951023],[-123.2054757,49.3950743],[-123.2054629,49.3950596],[-123.2054561,49.3950422],[-123.2054457,49.3950321],[-123.2053876,49.3950149],[-123.2053656,49.3950223],[-123.2053422,49.3950426],[-123.2053339,49.3950618],[-123.2053373,49.3950899],[-123.205363,49.3951056],[-123.2053707,49.3951183],[-123.205378,49.395139],[-123.2054024,49.3951547],[-123.2054522,49.3951572],[-123.2054791,49.3951519],[-123.2054941,49.3951407],[-123.2054987,49.3951207]]]}},{"type":"Feature","id":"1421942281","properties":{"kind":"stream","name":"","osmWayId":"1421942281"},"geometry":{"type":"LineString","coordinates":[[-123.2042043,49.395239],[-123.2041672,49.3952739]]}},{"type":"Feature","id":"1421942282","properties":{"kind":"stream","name":"","osmWayId":"1421942282"},"geometry":{"type":"LineString","coordinates":[[-123.2028618,49.3919418],[-123.2027616,49.3918905]]}},{"type":"Feature","id":"1421942283","properties":{"kind":"stream","name":"","osmWayId":"1421942283"},"geometry":{"type":"LineString","coordinates":[[-123.2027616,49.3918905],[-123.2026883,49.3918515]]}},{"type":"Feature","id":"1421942284","properties":{"kind":"stream","name":"","osmWayId":"1421942284"},"geometry":{"type":"LineString","coordinates":[[-123.2028526,49.3916355],[-123.2028149,49.3916472],[-123.2027613,49.391675],[-123.2026869,49.3917089],[-123.2026435,49.391722],[-123.2026004,49.3917407]]}},{"type":"Feature","id":"1421942285","properties":{"kind":"stream","name":"","osmWayId":"1421942285"},"geometry":{"type":"LineString","coordinates":[[-123.2029493,49.3916247],[-123.2028526,49.3916355]]}},{"type":"Feature","id":"1421942286","properties":{"kind":"stream","name":"","osmWayId":"1421942286"},"geometry":{"type":"LineString","coordinates":[[-123.1985025,49.3903312],[-123.1984166,49.3903327],[-123.198344,49.3903401],[-123.1983053,49.3903644],[-123.198239,49.390392],[-123.1982009,49.3904182],[-123.1981654,49.3904221],[-123.198094,49.3904211],[-123.1980594,49.3904326],[-123.1980141,49.3904755],[-123.1979455,49.3905017],[-123.1978642,49.3905105],[-123.1977955,49.3905251],[-123.197739,49.3905301],[-123.1976954,49.3905454],[-123.1976747,49.3905443],[-123.1976261,49.3905346],[-123.1975886,49.3905365],[-123.1975462,49.3905488],[-123.1974811,49.3905488],[-123.197454,49.3905585],[-123.1974126,49.3905719],[-123.1973756,49.3905751],[-123.1973579,49.3905688],[-123.1973324,49.3905532],[-123.1973037,49.3905353],[-123.1972586,49.3905136],[-123.1972235,49.3905036],[-123.1971909,49.3905001],[-123.1971756,49.3905053],[-123.1971377,49.3905271],[-123.1970885,49.3905473]]}},{"type":"Feature","id":"1421942287","properties":{"kind":"stream","name":"","osmWayId":"1421942287"},"geometry":{"type":"LineString","coordinates":[[-123.1990459,49.3903114],[-123.1985025,49.3903312]]}},{"type":"Feature","id":"1421942288","properties":{"kind":"stream","name":"","osmWayId":"1421942288"},"geometry":{"type":"LineString","coordinates":[[-123.2055297,49.3908449],[-123.2052813,49.3909089],[-123.2049934,49.3909189],[-123.2047439,49.3909189],[-123.2044681,49.3908377],[-123.2042073,49.3907224],[-123.204124,49.3906683],[-123.2039445,49.3906141],[-123.2037244,49.390597],[-123.203191,49.3906642]]}},{"type":"Feature","id":"1421942289","properties":{"kind":"stream","name":"","osmWayId":"1421942289"},"geometry":{"type":"LineString","coordinates":[[-123.203191,49.3906642],[-123.2031042,49.3906614]]}},{"type":"Feature","id":"1421942290","properties":{"kind":"stream","name":"Cypress Creek","osmWayId":"1421942290"},"geometry":{"type":"LineString","coordinates":[[-123.1988773,49.3923414],[-123.1988272,49.3923321],[-123.1987749,49.3923065],[-123.1987518,49.3922991],[-123.19871,49.3922945],[-123.1986643,49.3922854],[-123.1986357,49.3922722],[-123.1986065,49.3922516],[-123.1986002,49.3922415],[-123.1986027,49.3922167]]}},{"type":"Feature","id":"1421948407","properties":{"kind":"stream","name":"","osmWayId":"1421948407"},"geometry":{"type":"LineString","coordinates":[[-123.1950131,49.3946347],[-123.1950279,49.3946157]]}},{"type":"Feature","id":"1421948408","properties":{"kind":"stream","name":"","osmWayId":"1421948408"},"geometry":{"type":"LineString","coordinates":[[-123.1950279,49.3946157],[-123.1949325,49.3939238]]}},{"type":"Feature","id":"1421948410","properties":{"kind":"path","name":"","osmWayId":"1421948410"},"geometry":{"type":"LineString","coordinates":[[-123.1979376,49.3892307],[-123.1979377,49.3891487],[-123.1978882,49.3889944],[-123.1978141,49.3888548],[-123.197798,49.3887993],[-123.1978025,49.3887547]]}},{"type":"Feature","id":"1421948412","properties":{"kind":"building","name":"","osmWayId":"1421948412"},"geometry":{"type":"Polygon","coordinates":[[[-123.2092506,49.3898312],[-123.2092529,49.3898049],[-123.2092117,49.3898033],[-123.2092094,49.3898296],[-123.2092506,49.3898312]]]}},{"type":"Feature","id":"1421948414","properties":{"kind":"building","name":"","osmWayId":"1421948414"},"geometry":{"type":"Polygon","coordinates":[[[-123.1980436,49.3887338],[-123.1980506,49.388702],[-123.1980027,49.3886976],[-123.1979957,49.3887293],[-123.1980436,49.3887338]]]}},{"type":"Feature","id":"1421948415","properties":{"kind":"stream","name":"","osmWayId":"1421948415"},"geometry":{"type":"LineString","coordinates":[[-123.2031034,49.3873274],[-123.2029408,49.3873253],[-123.2028008,49.3873372],[-123.2027272,49.3873371],[-123.2026002,49.3873212],[-123.2024661,49.3873189],[-123.2023279,49.3873012],[-123.2022193,49.3872744],[-123.2021352,49.3872502],[-123.2020644,49.3872407],[-123.2020016,49.3872359],[-123.2018356,49.3872264],[-123.2016284,49.3872193],[-123.2013248,49.3872026],[-123.2012094,49.3872104],[-123.2011607,49.3871916],[-123.2010888,49.3871791],[-123.2009621,49.387153],[-123.2009268,49.3871382],[-123.2009018,49.3871122],[-123.2008705,49.3870758],[-123.2008272,49.3870539],[-123.2007715,49.387036],[-123.2007245,49.3870162]]}},{"type":"Feature","id":"1421948416","properties":{"kind":"stream","name":"","osmWayId":"1421948416"},"geometry":{"type":"LineString","coordinates":[[-123.2007245,49.3870162],[-123.2005319,49.3868728]]}},{"type":"Feature","id":"1421948417","properties":{"kind":"stream","name":"","osmWayId":"1421948417"},"geometry":{"type":"LineString","coordinates":[[-123.2049923,49.3830778],[-123.2049684,49.3830403],[-123.204915,49.3830065],[-123.204871,49.3829549],[-123.2047105,49.3828286],[-123.2046779,49.3827903],[-123.2046329,49.3827236],[-123.2045266,49.3826505],[-123.2045071,49.3826086],[-123.2044669,49.3825673],[-123.2044103,49.3825132],[-123.2043856,49.3824694],[-123.204347,49.3824398],[-123.2043375,49.3824048],[-123.2042496,49.3823462],[-123.2042369,49.3823179],[-123.2041994,49.3822593],[-123.2041772,49.382193],[-123.2040868,49.3821367],[-123.204043,49.3821223],[-123.2039984,49.3820914],[-123.2039664,49.382056],[-123.2039526,49.3820437],[-123.2037558,49.3818689],[-123.2036706,49.3817929],[-123.2035855,49.3817109],[-123.2035424,49.3816202],[-123.2034983,49.3815453],[-123.2034353,49.3814943],[-123.2033864,49.3814478],[-123.203305,49.3814157],[-123.2032724,49.3813753],[-123.2032104,49.38135],[-123.2031405,49.3813322],[-123.2030512,49.3812919],[-123.2030165,49.3812847],[-123.2029819,49.3812724],[-123.2029088,49.3812539],[-123.2028778,49.381231],[-123.2028395,49.3812241],[-123.2027288,49.3811721],[-123.2026332,49.3811545],[-123.2025015,49.3811003],[-123.2023815,49.3810317],[-123.2022519,49.3809803],[-123.2021466,49.3808986]]}},{"type":"Feature","id":"1421956076","properties":{"kind":"stream","name":"","osmWayId":"1421956076"},"geometry":{"type":"LineString","coordinates":[[-123.206296,49.3806141],[-123.206161,49.3805724]]}},{"type":"Feature","id":"1421956077","properties":{"kind":"stream","name":"","osmWayId":"1421956077"},"geometry":{"type":"LineString","coordinates":[[-123.2042087,49.3803918],[-123.2041626,49.3803515],[-123.2040962,49.3803223],[-123.2040816,49.3802959],[-123.2040478,49.3802571],[-123.2040366,49.3802146],[-123.204013,49.3801772],[-123.2039623,49.3801384],[-123.2039297,49.3800806],[-123.2038723,49.3800381],[-123.203788,49.3799868],[-123.2036777,49.3799326],[-123.203563,49.3799019],[-123.2034865,49.3798938],[-123.2034089,49.3798316],[-123.2033695,49.3798125],[-123.2032491,49.3797796],[-123.2031423,49.3797664],[-123.2030826,49.3797664],[-123.2030433,49.3797386],[-123.2029983,49.3797166],[-123.202942,49.3797063],[-123.2029128,49.3796924],[-123.2028644,49.3796792],[-123.2028025,49.3796836],[-123.2027767,49.3796726],[-123.2027215,49.3796397],[-123.2026226,49.3796243],[-123.2025854,49.3795913],[-123.2025438,49.3795672],[-123.2024426,49.3795467],[-123.2023638,49.3794976]]}},{"type":"Feature","id":"1421956079","properties":{"kind":"stream","name":"","osmWayId":"1421956079"},"geometry":{"type":"LineString","coordinates":[[-123.2069395,49.3873982],[-123.2069721,49.3873492],[-123.2069788,49.3873096],[-123.2070047,49.3872708],[-123.2070396,49.3871683],[-123.2070396,49.3871141],[-123.2070576,49.3870738],[-123.2070711,49.3870226],[-123.2071048,49.3869911],[-123.2071273,49.3869215],[-123.2071172,49.3868351],[-123.2070981,49.3868014],[-123.2071194,49.3867538],[-123.2071172,49.3866557],[-123.2070823,49.3866074],[-123.2070407,49.3865129],[-123.2069991,49.3864455],[-123.2069338,49.3863635],[-123.2069046,49.3862969],[-123.206827,49.38625],[-123.2068135,49.3862215],[-123.2068393,49.386168],[-123.206845,49.3861182],[-123.206863,49.3860736],[-123.206899,49.386026],[-123.2069068,49.3859813],[-123.2068866,49.3859344],[-123.2068832,49.3858941],[-123.2069203,49.3856997],[-123.2069552,49.3856422],[-123.206953,49.3855397],[-123.2069811,49.3854496],[-123.2069608,49.3854262],[-123.2068843,49.3853991],[-123.2067966,49.3853574],[-123.2067752,49.3853361],[-123.2067741,49.3852585],[-123.2068793,49.3851234],[-123.206913,49.3851011],[-123.2069918,49.3850084],[-123.2070294,49.3849916],[-123.2070446,49.3849751],[-123.2070666,49.3849663],[-123.2071071,49.3849224],[-123.2071757,49.3848733],[-123.2072533,49.3848536],[-123.2073377,49.3848521],[-123.207395,49.3848389],[-123.2074209,49.384825],[-123.2074468,49.3847891],[-123.2075064,49.3847569],[-123.2075604,49.3847064],[-123.2075908,49.3846954],[-123.2076223,49.3846719],[-123.207656,49.3845204],[-123.2077247,49.3844383],[-123.2077786,49.38442],[-123.207836,49.3843915],[-123.2078709,49.3843622],[-123.2078698,49.3843351],[-123.2078866,49.3843117],[-123.2079339,49.3842882],[-123.2079676,49.3842553],[-123.2079699,49.3842165],[-123.2079969,49.3841813],[-123.2080081,49.3841088],[-123.2080306,49.3840817],[-123.208034,49.384059],[-123.2080081,49.3840253],[-123.2080093,49.3839975],[-123.2079935,49.3839147],[-123.2080306,49.3838745],[-123.2080363,49.3838474],[-123.208025,49.3838225],[-123.2080228,49.3837749],[-123.2080003,49.3837463],[-123.2080025,49.3837097],[-123.2080284,49.3836577],[-123.2080273,49.3836196],[-123.208016,49.3835962],[-123.2079688,49.3835764],[-123.2079136,49.3835288],[-123.2078563,49.3834695],[-123.2078484,49.3833831],[-123.2078056,49.3833318],[-123.2077179,49.3832879],[-123.2076695,49.3832461],[-123.2076144,49.3831854],[-123.2076178,49.3831407],[-123.2075964,49.3830828],[-123.2075784,49.3830565],[-123.2075795,49.3829671],[-123.2075514,49.3829181],[-123.2075244,49.3828558],[-123.2074704,49.3827884],[-123.2074097,49.3827701],[-123.2073343,49.3826551],[-123.2073253,49.3826046],[-123.2073017,49.3825599],[-123.2072229,49.3825101],[-123.2071284,49.3824677],[-123.2070722,49.3824691],[-123.2070148,49.382456],[-123.2069833,49.3824406],[-123.206935,49.3823981],[-123.2068742,49.3823805],[-123.2068472,49.3823659],[-123.2068033,49.3823183],[-123.2067673,49.3822868],[-123.2066987,49.3822502],[-123.206611,49.3822231],[-123.2065536,49.3821799],[-123.2065435,49.382155],[-123.2065604,49.3821161],[-123.2066042,49.3820656],[-123.2067145,49.3819807],[-123.2067392,49.3819477],[-123.2068,49.3818906],[-123.2068618,49.3818554],[-123.2069417,49.381739],[-123.2070373,49.3816357],[-123.2070576,49.3815903],[-123.2070936,49.3815413],[-123.2071768,49.3814797],[-123.2072319,49.3814094],[-123.2072646,49.3813765],[-123.2073017,49.3813545],[-123.2073388,49.3813259],[-123.2073354,49.381301],[-123.2073399,49.3812718],[-123.2073343,49.3812359],[-123.2073478,49.3812154],[-123.2073197,49.3811729],[-123.2073051,49.3811363],[-123.2071802,49.3810359],[-123.2070846,49.3809847],[-123.2070587,49.3809488],[-123.2070081,49.3808946],[-123.2069946,49.3808301],[-123.206971,49.3807994],[-123.2068922,49.3807569],[-123.2068101,49.3806969],[-123.2067212,49.380672],[-123.2065862,49.3806449],[-123.2064895,49.3806361],[-123.2064119,49.3806339],[-123.2063714,49.3806214],[-123.206296,49.3806141]]}},{"type":"Feature","id":"1421963770","properties":{"kind":"path","name":"","osmWayId":"1421963770"},"geometry":{"type":"LineString","coordinates":[[-123.2216385,49.3837127],[-123.2216575,49.3836688],[-123.2216359,49.383561]]}},{"type":"Feature","id":"1421963771","properties":{"kind":"path","name":"","osmWayId":"1421963771"},"geometry":{"type":"LineString","coordinates":[[-123.2191483,49.3841263],[-123.2191921,49.3841752],[-123.2192597,49.3842015],[-123.2194434,49.3842301],[-123.2195444,49.3842821],[-123.2196683,49.3842884],[-123.2198185,49.3842655],[-123.219973,49.3842655]]}},{"type":"Feature","id":"1421963772","properties":{"kind":"path","name":"","osmWayId":"1421963772"},"geometry":{"type":"LineString","coordinates":[[-123.2189485,49.3839966],[-123.2189845,49.3840027],[-123.2190426,49.3840304],[-123.2191165,49.3840742],[-123.2191483,49.3841263]]}},{"type":"Feature","id":"1421963773","properties":{"kind":"path","name":"","osmWayId":"1421963773"},"geometry":{"type":"LineString","coordinates":[[-123.2195191,49.3846279],[-123.219541,49.3847043],[-123.2195744,49.3847982],[-123.2195592,49.3849216],[-123.2195213,49.3849908],[-123.2194409,49.3850382],[-123.219362,49.3850737],[-123.2192578,49.3851019],[-123.2192328,49.3851296],[-123.2192362,49.3851912],[-123.2192197,49.3852255],[-123.2191618,49.3852689],[-123.2190371,49.3853576],[-123.2189346,49.385461],[-123.2189189,49.385532],[-123.2189265,49.3856229],[-123.2189933,49.3857592],[-123.219101,49.3858757],[-123.2191465,49.3859775],[-123.219177,49.3861102],[-123.2191478,49.3861673],[-123.219101,49.3862175],[-123.2190042,49.3862718],[-123.2189569,49.3863567],[-123.2189523,49.3864516],[-123.2189811,49.3866066],[-123.2190411,49.3867219],[-123.2191286,49.3868535],[-123.2191471,49.3869484],[-123.2190524,49.387055],[-123.2189493,49.3871123],[-123.2188704,49.3871785],[-123.218837,49.387295],[-123.2187444,49.3873721],[-123.2186322,49.3874145],[-123.2185973,49.3874629],[-123.2185973,49.3875321],[-123.2186322,49.3876308],[-123.2186215,49.3877029],[-123.2185791,49.3878136],[-123.2185458,49.3879124],[-123.2185325,49.387975],[-123.2185331,49.3880347],[-123.2186156,49.3881404],[-123.2187809,49.388229]]}},{"type":"Feature","id":"1421982099","properties":{"kind":"water","name":"","osmWayId":"1421982099"},"geometry":{"type":"Polygon","coordinates":[[[-123.2092417,49.3878861],[-123.209242,49.3878675],[-123.2092286,49.3878514],[-123.2092121,49.387847],[-123.209187,49.3878487],[-123.2091142,49.3878699],[-123.2091087,49.3878792],[-123.2091176,49.3878928],[-123.2091573,49.3879082],[-123.2091819,49.3879073],[-123.2092209,49.3878987],[-123.2092417,49.3878861]]]}},{"type":"Feature","id":"1421982101","properties":{"kind":"stream","name":"","osmWayId":"1421982101"},"geometry":{"type":"LineString","coordinates":[[-123.2103021,49.3884553],[-123.2102874,49.3884268],[-123.210283,49.3883923],[-123.2102928,49.3883631],[-123.2102774,49.3882889],[-123.210299,49.3882594],[-123.2103132,49.3882335],[-123.2103178,49.3882203],[-123.2102965,49.3882016],[-123.2102729,49.3881717],[-123.210268,49.3881438],[-123.2102512,49.388122],[-123.2102419,49.3880948],[-123.2102575,49.3880742],[-123.2103034,49.3880484],[-123.210323,49.38803],[-123.2103274,49.3880132],[-123.2103303,49.3879891],[-123.2103517,49.3879733],[-123.2104083,49.3879409],[-123.2104307,49.3879123],[-123.2104888,49.387857],[-123.2104999,49.3878184],[-123.2104961,49.3877769],[-123.2105213,49.3877136],[-123.2105384,49.3876651],[-123.2105186,49.3876001]]}},{"type":"Feature","id":"1421982106","properties":{"kind":"path","name":"","osmWayId":"1421982106"},"geometry":{"type":"LineString","coordinates":[[-123.2166269,49.3896236],[-123.2165611,49.3896038],[-123.216452,49.3895606],[-123.216429,49.3895546],[-123.216373,49.3895487],[-123.2163099,49.3895372],[-123.216241,49.3895319]]}},{"type":"Feature","id":"1421982107","properties":{"kind":"path","name":"","osmWayId":"1421982107"},"geometry":{"type":"LineString","coordinates":[[-123.2168589,49.3891037],[-123.2167755,49.3891091],[-123.2166634,49.3891134],[-123.2166249,49.3891284],[-123.2165743,49.3891488],[-123.2165282,49.3891488],[-123.2164848,49.3891392],[-123.2164501,49.3891399],[-123.2164089,49.3891313],[-123.2163413,49.3891005],[-123.2162737,49.3890941],[-123.2162243,49.3891002],[-123.2161864,49.389102],[-123.2161556,49.3891102],[-123.2161287,49.3891123],[-123.2161517,49.3891517]]}},{"type":"Feature","id":"1421982108","properties":{"kind":"path","name":"","osmWayId":"1421982108"},"geometry":{"type":"LineString","coordinates":[[-123.2161287,49.3891123],[-123.2160819,49.3890666],[-123.2160325,49.3889664]]}},{"type":"Feature","id":"1421982112","properties":{"kind":"water","name":"","osmWayId":"1421982112"},"geometry":{"type":"Polygon","coordinates":[[[-123.2182482,49.3888088],[-123.2182307,49.3888176],[-123.2182142,49.3888207],[-123.2181956,49.3888178],[-123.2181811,49.38881],[-123.2181746,49.3888007],[-123.2181961,49.388772],[-123.2182147,49.3887614],[-123.2182372,49.3887577],[-123.2182511,49.3887636],[-123.2182578,49.3887733],[-123.2182554,49.3887891],[-123.2182482,49.3888088]]]}},{"type":"Feature","id":"1421982114","properties":{"kind":"path","name":"Black Mountain Loop","osmWayId":"1421982114"},"geometry":{"type":"LineString","coordinates":[[-123.2202004,49.3897019],[-123.2201952,49.3896037],[-123.2202018,49.3894331],[-123.2201731,49.3893624],[-123.2200758,49.3892482],[-123.2200437,49.3891752],[-123.2200189,49.3890375],[-123.2199782,49.388963],[-123.2199532,49.3888623],[-123.219903,49.3888251],[-123.2198521,49.3887888],[-123.2198249,49.3887402],[-123.2198203,49.3887006],[-123.2197905,49.388668],[-123.2196672,49.3885169],[-123.2194285,49.3883777],[-123.2193182,49.3882698],[-123.2192517,49.388163],[-123.2191981,49.3881154],[-123.2191352,49.3880933],[-123.2190442,49.3880929],[-123.2189465,49.3881177],[-123.2188944,49.3881527]]}},{"type":"Feature","id":"1421982115","properties":{"kind":"path","name":"Black Mountain Loop","osmWayId":"1421982115"},"geometry":{"type":"LineString","coordinates":[[-123.2188944,49.3881527],[-123.218855,49.3881792]]}},{"type":"Feature","id":"1421982116","properties":{"kind":"path","name":"Black Mountain Loop","osmWayId":"1421982116"},"geometry":{"type":"LineString","coordinates":[[-123.218855,49.3881792],[-123.2187809,49.388229],[-123.2185567,49.3884172],[-123.2183451,49.3886292],[-123.2182732,49.388686],[-123.2181863,49.3887236],[-123.2180957,49.3887345],[-123.2178996,49.3887191],[-123.2178101,49.388718],[-123.2175905,49.3887398],[-123.2174005,49.3887493],[-123.2172949,49.3887752]]}},{"type":"Feature","id":"1421982117","properties":{"kind":"path","name":"Black Mountain Loop","osmWayId":"1421982117"},"geometry":{"type":"LineString","coordinates":[[-123.2172949,49.3887752],[-123.2172779,49.3887792]]}},{"type":"Feature","id":"1421982118","properties":{"kind":"path","name":"Black Mountain Loop","osmWayId":"1421982118"},"geometry":{"type":"LineString","coordinates":[[-123.2172779,49.3887792],[-123.217197,49.3887992],[-123.2170693,49.3888837],[-123.2169291,49.3889282],[-123.2168954,49.3889954],[-123.2168647,49.3890481],[-123.2168541,49.3890755],[-123.2168589,49.3891037],[-123.2168726,49.3891139]]}},{"type":"Feature","id":"1421982119","properties":{"kind":"path","name":"Black Mountain Loop","osmWayId":"1421982119"},"geometry":{"type":"LineString","coordinates":[[-123.2168726,49.3891139],[-123.216897,49.3891326]]}},{"type":"Feature","id":"1421982120","properties":{"kind":"path","name":"Black Mountain Loop","osmWayId":"1421982120"},"geometry":{"type":"LineString","coordinates":[[-123.216897,49.3891326],[-123.2169601,49.3891839],[-123.2169741,49.3892126],[-123.2169854,49.3892569]]}},{"type":"Feature","id":"1421982121","properties":{"kind":"path","name":"Black Mountain Loop","osmWayId":"1421982121"},"geometry":{"type":"LineString","coordinates":[[-123.2169854,49.3892569],[-123.2170008,49.3893146]]}},{"type":"Feature","id":"1421982124","properties":{"kind":"path","name":"","osmWayId":"1421982124"},"geometry":{"type":"LineString","coordinates":[[-123.2156099,49.3903801],[-123.2155057,49.3903253],[-123.2153794,49.3902892],[-123.215165,49.39023],[-123.2149374,49.3901513],[-123.214801,49.3901464],[-123.214767,49.3901776],[-123.2147228,49.3902096],[-123.2146824,49.3902039],[-123.2146609,49.3901842],[-123.2146458,49.3901505],[-123.2145359,49.3900847],[-123.2144627,49.3898924],[-123.2142897,49.3897905],[-123.2142279,49.3897396],[-123.2142077,49.3896697],[-123.2141496,49.3896171],[-123.2140713,49.389604],[-123.2138605,49.3895925],[-123.2136345,49.3895588],[-123.2134906,49.389595],[-123.2132078,49.3895867],[-123.2129123,49.3895637],[-123.2124995,49.3895991],[-123.2121952,49.389696],[-123.211949,49.3897675],[-123.2118442,49.3897601],[-123.2116094,49.3897075],[-123.2115311,49.3896295],[-123.2113847,49.3895547],[-123.2113569,49.3894807],[-123.2113254,49.3894331],[-123.2112685,49.3894125],[-123.2112559,49.3893583],[-123.21129,49.3892252],[-123.2112736,49.389143],[-123.211338,49.3890074],[-123.2114011,49.3888291],[-123.2114024,49.3887518],[-123.2113178,49.3886713],[-123.2111271,49.3885579],[-123.2110047,49.3884099],[-123.2108544,49.3883746],[-123.2107408,49.3882924],[-123.2105199,49.3882521],[-123.2104441,49.3882711],[-123.2103368,49.3882875],[-123.2102974,49.3882837]]}},{"type":"Feature","id":"1421982125","properties":{"kind":"path","name":"","osmWayId":"1421982125"},"geometry":{"type":"LineString","coordinates":[[-123.2102688,49.388281],[-123.2102244,49.3882768],[-123.2101638,49.3882415],[-123.2101007,49.388142],[-123.2100187,49.3881239],[-123.2098231,49.388096],[-123.2097347,49.3880516],[-123.2095505,49.3880252],[-123.2094707,49.3880573],[-123.2093271,49.3881385],[-123.2090777,49.3881621],[-123.2089385,49.3882149],[-123.2087818,49.3882366],[-123.2085745,49.3882253],[-123.2084294,49.3882669],[-123.2080973,49.3883626],[-123.207866,49.388357],[-123.2077612,49.3883265]]}},{"type":"Feature","id":"1421982126","properties":{"kind":"path","name":"","osmWayId":"1421982126"},"geometry":{"type":"LineString","coordinates":[[-123.2102974,49.3882837],[-123.2102688,49.388281]]}},{"type":"Feature","id":"1421982127","properties":{"kind":"path","name":"","osmWayId":"1421982127"},"geometry":{"type":"LineString","coordinates":[[-123.2166001,49.3898211],[-123.2166547,49.3898281],[-123.2167381,49.389867]]}},{"type":"Feature","id":"1421982129","properties":{"kind":"water","name":"","osmWayId":"1421982129"},"geometry":{"type":"Polygon","coordinates":[[[-123.2170496,49.3904983],[-123.2170214,49.3904928],[-123.2169857,49.3904926],[-123.2169495,49.3905007],[-123.2169207,49.3904989],[-123.2169016,49.3905083],[-123.2168847,49.3905249],[-123.2168569,49.3905267],[-123.2168271,49.390532],[-123.2168155,49.3905408],[-123.2168127,49.3905534],[-123.2168259,49.3905595],[-123.2168564,49.3905555],[-123.2168983,49.3905469],[-123.2169281,49.3905474],[-123.2169447,49.3905584],[-123.216949,49.3905737],[-123.216963,49.3905806],[-123.2169988,49.3905774],[-123.2170231,49.3905637],[-123.2170499,49.3905314],[-123.2170538,49.3905119],[-123.2170496,49.3904983]]]}},{"type":"Feature","id":"1421982130","properties":{"kind":"stream","name":"","osmWayId":"1421982130"},"geometry":{"type":"LineString","coordinates":[[-123.2161611,49.391466],[-123.2161584,49.3914413],[-123.2161678,49.3914231],[-123.2161731,49.3913916],[-123.2161629,49.3913659],[-123.2161569,49.3913429],[-123.2161742,49.3913176],[-123.2161879,49.3912688],[-123.2161888,49.3912263],[-123.2161852,49.3911911],[-123.2161733,49.3911605],[-123.216177,49.3911459],[-123.2161839,49.3911217],[-123.2161925,49.3910712],[-123.2161898,49.3910385]]}},{"type":"Feature","id":"1422140455","properties":{"kind":"water","name":"","osmWayId":"1422140455"},"geometry":{"type":"Polygon","coordinates":[[[-123.2236356,49.3849147],[-123.2236437,49.3849375],[-123.2236487,49.3849547],[-123.2236482,49.3849666],[-123.2236638,49.3849792],[-123.223689,49.3849846],[-123.223719,49.384982],[-123.2237465,49.3849831],[-123.2237541,49.384979],[-123.2237577,49.3849752],[-123.2237854,49.3849284],[-123.2237848,49.3848884],[-123.2237727,49.384879],[-123.2237449,49.3848655],[-123.2237267,49.384859],[-123.2237117,49.3848594],[-123.2236413,49.3848982],[-123.2236356,49.3849147]]]}},{"type":"Feature","id":"1422140456","properties":{"kind":"water","name":"","osmWayId":"1422140456"},"geometry":{"type":"Polygon","coordinates":[[[-123.2202804,49.3872042],[-123.2202796,49.3871638],[-123.2202702,49.3871437],[-123.2202196,49.3871183],[-123.2201533,49.3870907],[-123.2201143,49.3870885],[-123.2201039,49.3870976],[-123.2201016,49.3871094],[-123.2201164,49.3871268],[-123.2201444,49.3871407],[-123.2202042,49.3871838],[-123.2202115,49.387203],[-123.2202356,49.3872173],[-123.2202721,49.3872137],[-123.2202804,49.3872042]]]}},{"type":"Feature","id":"1422140457","properties":{"kind":"water","name":"Cougar Lakes","osmWayId":"1422140457"},"geometry":{"type":"Polygon","coordinates":[[[-123.2244233,49.386673],[-123.2244163,49.3867098],[-123.224424,49.386728],[-123.2244378,49.3867442],[-123.2244515,49.3867773],[-123.2244756,49.3867986],[-123.2244907,49.3868032],[-123.2245236,49.3867998],[-123.2245688,49.3867722],[-123.2246209,49.3867203],[-123.2246563,49.3866883],[-123.2247407,49.3866359],[-123.224747,49.3866178],[-123.2247839,49.3865842],[-123.2248228,49.386558],[-123.2248381,49.3865284],[-123.2248415,49.3865094],[-123.2248552,49.3864751],[-123.2248806,49.3864616],[-123.2249075,49.3864582],[-123.2249351,49.3864498],[-123.2249401,49.3864433],[-123.2249382,49.3864357],[-123.2249244,49.3864061],[-123.2248997,49.3863838],[-123.2249014,49.3863399],[-123.2248841,49.3863012],[-123.2248845,49.3862687],[-123.2249035,49.3862518],[-123.224903,49.3862457],[-123.224893,49.3862332],[-123.2248717,49.3862284],[-123.2248396,49.3862272],[-123.2248005,49.3862084],[-123.2247674,49.3861845],[-123.2247657,49.3861748],[-123.224773,49.3861565],[-123.2247907,49.3861381],[-123.2248217,49.3861241],[-123.224841,49.3860967],[-123.2248829,49.3860529],[-123.2249395,49.3860124],[-123.2249464,49.3859975],[-123.2249407,49.3859854],[-123.2249367,49.3859725],[-123.2249294,49.3859674],[-123.2249041,49.3859641],[-123.2248938,49.3859588],[-123.2248923,49.3859429],[-123.2248811,49.3859348],[-123.2248669,49.3859337],[-123.2248412,49.3859431],[-123.2247949,49.3859874],[-123.2247735,49.3860351],[-123.2247403,49.3860604],[-123.2247058,49.3861068],[-123.2246674,49.3861448],[-123.2246722,49.3861536],[-123.224681,49.3861588],[-123.2247002,49.3861626],[-123.2247093,49.3861711],[-123.2247116,49.3861789],[-123.2247129,49.3861965],[-123.224725,49.3862069],[-123.2247247,49.386245],[-123.2246989,49.386284],[-123.224704,49.3862983],[-123.2247079,49.3863404],[-123.2247,49.3863513],[-123.2246865,49.3863635],[-123.2246847,49.386369],[-123.2247062,49.3863915],[-123.2247125,49.3864165],[-123.2247097,49.3864321],[-123.2246842,49.3864485],[-123.2246432,49.3864613],[-123.2246159,49.3864887],[-123.2245749,49.3865061],[-123.2245528,49.3865134],[-123.2244935,49.3865472],[-123.2244885,49.3865661],[-123.2244308,49.3866044],[-123.2244119,49.3866305],[-123.2244096,49.3866471],[-123.2244233,49.386673]]]}},{"type":"Feature","id":"1422153805","properties":{"kind":"water","name":"","osmWayId":"1422153805"},"geometry":{"type":"Polygon","coordinates":[[[-123.2204692,49.3890987],[-123.2204534,49.389075],[-123.2204588,49.3890477],[-123.2204566,49.3890268],[-123.2204456,49.389002],[-123.2204395,49.3889793],[-123.2204327,49.3889763],[-123.2204081,49.3889763],[-123.220392,49.3889847],[-123.2203831,49.3890015],[-123.2203383,49.3890135],[-123.22033,49.3890243],[-123.2203324,49.3890554],[-123.2203308,49.3890844],[-123.2203555,49.3891011],[-123.2203671,49.3891133],[-123.2204058,49.3891278],[-123.2204452,49.3891282],[-123.2204578,49.3891179],[-123.2204692,49.3890987]]]}},{"type":"Feature","id":"1422153810","properties":{"kind":"path","name":"Baden Powell Trail","osmWayId":"1422153810"},"geometry":{"type":"LineString","coordinates":[[-123.224426,49.3870104],[-123.2243282,49.3870125],[-123.2242599,49.387014],[-123.2241455,49.3869847],[-123.2240803,49.3869836],[-123.2239749,49.3870168],[-123.2238822,49.3870218],[-123.2237862,49.3870138],[-123.2237308,49.3870222],[-123.2236713,49.3870555],[-123.2236138,49.3870757],[-123.2235872,49.3870788]]}},{"type":"Feature","id":"1422153811","properties":{"kind":"path","name":"Baden Powell Trail","osmWayId":"1422153811"},"geometry":{"type":"LineString","coordinates":[[-123.2235872,49.3870788],[-123.2233749,49.3870499]]}},{"type":"Feature","id":"1422205913","properties":{"kind":"connector","name":"","osmWayId":"1422205913"},"geometry":{"type":"LineString","coordinates":[[-123.2067614,49.3878844],[-123.2064915,49.3878348],[-123.2059973,49.3876773],[-123.2057275,49.3876238]]}},{"type":"Feature","id":"1424058832","properties":{"kind":"path","name":"","osmWayId":"1424058832"},"geometry":{"type":"LineString","coordinates":[[-123.1801081,49.3894955],[-123.1802244,49.3893761],[-123.180331,49.3892338],[-123.1803511,49.3891399],[-123.1803625,49.3890526]]}},{"type":"Feature","id":"1424058833","properties":{"kind":"path","name":"","osmWayId":"1424058833"},"geometry":{"type":"LineString","coordinates":[[-123.1816974,49.3878802],[-123.1815161,49.3879545]]}},{"type":"Feature","id":"1425093401","properties":{"kind":"water","name":"","osmWayId":"1425093401"},"geometry":{"type":"Polygon","coordinates":[[[-123.2254995,49.3869921],[-123.2255106,49.3869809],[-123.225525,49.3869636],[-123.2255307,49.386952],[-123.2255282,49.3869454],[-123.2255192,49.3869408],[-123.2255101,49.3869431],[-123.2254929,49.386959],[-123.22548,49.3869843],[-123.2254828,49.3869923],[-123.2254894,49.3869949],[-123.2254995,49.3869921]]]}},{"type":"Feature","id":"1425093402","properties":{"kind":"water","name":"","osmWayId":"1425093402"},"geometry":{"type":"Polygon","coordinates":[[[-123.2244828,49.3869184],[-123.2244849,49.3868885],[-123.2244768,49.3868714],[-123.2244728,49.386853],[-123.2244751,49.3868462],[-123.2244693,49.3868406],[-123.2244546,49.3868422],[-123.224426,49.3868578],[-123.2244022,49.3868571],[-123.2243622,49.3868445],[-123.2243332,49.3868257],[-123.2242937,49.3867907],[-123.2242857,49.3867781],[-123.2242771,49.3867717],[-123.2242624,49.3867707],[-123.2242567,49.3867784],[-123.224274,49.3868191],[-123.2243144,49.3868338],[-123.2243156,49.3868397],[-123.2242792,49.3868601],[-123.2242358,49.386864],[-123.2242086,49.3868752],[-123.2242036,49.3868981],[-123.2242051,49.3869296],[-123.2242411,49.3869758],[-123.2242637,49.3869883],[-123.2243018,49.3869886],[-123.2243744,49.3869721],[-123.224469,49.3869308],[-123.2244828,49.3869184]]]}},{"type":"Feature","id":"1425108211","properties":{"kind":"stream","name":"","osmWayId":"1425108211"},"geometry":{"type":"LineString","coordinates":[[-123.2233707,49.3945667],[-123.2234767,49.3945179],[-123.2235654,49.3944972],[-123.2236847,49.3944732],[-123.2237896,49.3944239],[-123.2239201,49.3943827],[-123.2240134,49.3943215],[-123.2241045,49.3942829],[-123.2242055,49.3942343],[-123.2242708,49.3942208],[-123.2243311,49.3942122],[-123.2243519,49.394194],[-123.2243782,49.3941752],[-123.2244096,49.3941652],[-123.2244234,49.3941502],[-123.2244318,49.3941291],[-123.2244685,49.3941199],[-123.2245246,49.3940871],[-123.2245516,49.3940834],[-123.2246009,49.3940584],[-123.2246588,49.3940329],[-123.2247057,49.3940139],[-123.2247257,49.3940093],[-123.2247503,49.3939957],[-123.2247819,49.3939927],[-123.2248166,49.3939856],[-123.2248345,49.3939674],[-123.2248653,49.393958],[-123.224919,49.3939456],[-123.2249843,49.3939112],[-123.2250486,49.3938947],[-123.2251509,49.393891],[-123.2251812,49.3938868],[-123.2252424,49.3938687],[-123.225286,49.3938428],[-123.2253476,49.3938388],[-123.2254202,49.3937958],[-123.2254859,49.3937756],[-123.2255482,49.393768],[-123.2256174,49.3937649],[-123.2256906,49.3937688],[-123.2258625,49.3937395],[-123.2259153,49.3937179],[-123.225952,49.3937145],[-123.2260359,49.3936948],[-123.2260895,49.3936676],[-123.2261516,49.3936579]]}},{"type":"Feature","id":"1425108215","properties":{"kind":"stream","name":"","osmWayId":"1425108215"},"geometry":{"type":"LineString","coordinates":[[-123.221151,49.3940588],[-123.2211706,49.3940209],[-123.2211859,49.3940001],[-123.2212488,49.3939661],[-123.2212639,49.393935],[-123.2212875,49.3938991],[-123.2213367,49.3938745],[-123.2213595,49.3938426],[-123.2213715,49.3938045],[-123.2213769,49.3937602],[-123.2213631,49.393719],[-123.2213624,49.3937024],[-123.2213787,49.3936898],[-123.221423,49.3936774],[-123.2214618,49.3936747],[-123.2214818,49.3936601],[-123.2215235,49.3936209],[-123.2215605,49.3935931],[-123.2215931,49.3935717],[-123.2216073,49.3935376],[-123.2216586,49.393502],[-123.2217002,49.3934662],[-123.2217393,49.3934522],[-123.2217544,49.3934327],[-123.2217587,49.3934008],[-123.2217707,49.3933649],[-123.2217826,49.3933453],[-123.2218462,49.3933137],[-123.2218562,49.3932985],[-123.2218522,49.3932729],[-123.2218505,49.3932339],[-123.2218552,49.3932227],[-123.2218739,49.3932131],[-123.2218941,49.3931975],[-123.221918,49.3931863],[-123.2219407,49.3931664],[-123.2219526,49.3931427],[-123.2219656,49.3931295],[-123.2220104,49.393114],[-123.2220483,49.3930828],[-123.2220787,49.3930702],[-123.222089,49.3930535],[-123.2221106,49.3930399],[-123.2221375,49.3930366],[-123.2221604,49.3930229],[-123.2221821,49.392982],[-123.2222239,49.3929566],[-123.2222966,49.3929547],[-123.2223534,49.3929381],[-123.2223853,49.3929246],[-123.2224127,49.3928986],[-123.222436,49.3928461],[-123.2224605,49.3928252],[-123.2224941,49.3928077],[-123.222523,49.3928019],[-123.2225588,49.3927739],[-123.2225712,49.3927403],[-123.2225913,49.3927241]]}},{"type":"Feature","id":"1425108216","properties":{"kind":"water","name":"","osmWayId":"1425108216"},"geometry":{"type":"Polygon","coordinates":[[[-123.2201924,49.3919395],[-123.2201988,49.3918822],[-123.2202061,49.3918614],[-123.2201872,49.3918183],[-123.2201912,49.3917906],[-123.2201816,49.3917685],[-123.2201779,49.3917372],[-123.2201683,49.3917304],[-123.2201606,49.3917308],[-123.2201347,49.3917396],[-123.2201182,49.3917643],[-123.220106,49.3917982],[-123.2200917,49.3918546],[-123.2200827,49.3918612],[-123.2200707,49.3918649],[-123.2200608,49.3918936],[-123.220044,49.3919265],[-123.2200523,49.3919382],[-123.2200796,49.3919491],[-123.2201165,49.3919744],[-123.2201503,49.3919794],[-123.220173,49.3919674],[-123.2201924,49.3919395]]]}},{"type":"Feature","id":"1425108217","properties":{"kind":"water","name":"","osmWayId":"1425108217"},"geometry":{"type":"Polygon","coordinates":[[[-123.2186216,49.3918912],[-123.218622,49.3918236],[-123.2186371,49.3917905],[-123.2186363,49.39178],[-123.2186233,49.3917789],[-123.2185579,49.3918188],[-123.2185515,49.3918358],[-123.2185672,49.3918742],[-123.21856,49.3918964],[-123.2185359,49.3919118],[-123.2185261,49.3919257],[-123.2185023,49.3919284],[-123.2185006,49.391943],[-123.2185216,49.3919595],[-123.2185245,49.3919845],[-123.2185126,49.3920358],[-123.2184976,49.39206],[-123.2184997,49.3920955],[-123.2185147,49.3921042],[-123.2185453,49.3920797],[-123.218609,49.3920463],[-123.2185932,49.391929],[-123.2185949,49.3919098],[-123.2186216,49.3918912]]]}},{"type":"Feature","id":"1425108218","properties":{"kind":"path","name":"Black Mountain Loop","osmWayId":"1425108218"},"geometry":{"type":"LineString","coordinates":[[-123.2186732,49.3923665],[-123.2186957,49.3923295],[-123.2187688,49.3922794],[-123.218791,49.39226]]}},{"type":"Feature","id":"1425108219","properties":{"kind":"path","name":"Black Mountain Loop","osmWayId":"1425108219"},"geometry":{"type":"LineString","coordinates":[[-123.218791,49.39226],[-123.2188184,49.3922432],[-123.2188693,49.3921811]]}},{"type":"Feature","id":"1431392867","properties":{"kind":"path","name":"","osmWayId":"1431392867"},"geometry":{"type":"LineString","coordinates":[[-123.1846075,49.4020326],[-123.1845929,49.4020563],[-123.1845655,49.4020848],[-123.1845685,49.4021265],[-123.1845584,49.4021569],[-123.1845177,49.402188],[-123.1844954,49.4022138],[-123.1844618,49.4022607],[-123.18441,49.402303],[-123.1843734,49.4023467],[-123.1843378,49.4023632],[-123.184289,49.4023851],[-123.1842205,49.4024148]]}},{"type":"Feature","id":"1431392868","properties":{"kind":"path","name":"Hollyburn-Strachan Trail","osmWayId":"1431392868"},"geometry":{"type":"LineString","coordinates":[[-123.1861617,49.4032682],[-123.1862355,49.4032638],[-123.1863054,49.4032605],[-123.1863709,49.4032527],[-123.1864292,49.4032616],[-123.186509,49.4032601],[-123.1865661,49.4032366],[-123.1866287,49.4032278],[-123.1867027,49.4032439],[-123.1867836,49.4032618],[-123.1868479,49.4032571],[-123.1869004,49.4032512],[-123.1869379,49.403247],[-123.1870157,49.4032146],[-123.1871146,49.4032579],[-123.1872252,49.4032682],[-123.1873168,49.4032723],[-123.1874065,49.403299],[-123.1874571,49.4033001],[-123.1875749,49.4033331],[-123.1876717,49.4033475],[-123.1877301,49.4033156]]}},{"type":"Feature","id":"1431392869","properties":{"kind":"path","name":"Hollyburn-Strachan Trail","osmWayId":"1431392869"},"geometry":{"type":"LineString","coordinates":[[-123.185383,49.4020512],[-123.1853993,49.4020923],[-123.1853932,49.4021707],[-123.1854442,49.4022092],[-123.1854748,49.4022105],[-123.1854871,49.4022543],[-123.1855642,49.4022947],[-123.1856366,49.4024345],[-123.1857043,49.4024501],[-123.1857322,49.4024968],[-123.1857163,49.4025642],[-123.185792,49.402642],[-123.1858449,49.4028417],[-123.1859041,49.4028855],[-123.1859,49.4029532],[-123.1859877,49.4029678],[-123.1860388,49.4030422],[-123.1860367,49.4030927],[-123.1860714,49.4031325],[-123.1860755,49.403163],[-123.1860971,49.4032055],[-123.1861118,49.4032427],[-123.1861617,49.4032682]]}},{"type":"Feature","id":"1431394995","properties":{"kind":"water","name":"","osmWayId":"1431394995"},"geometry":{"type":"Polygon","coordinates":[[[-123.1848478,49.3998276],[-123.1848878,49.3997956],[-123.1849063,49.3997576],[-123.1848632,49.3997295],[-123.1848294,49.3996975],[-123.1848263,49.3996575],[-123.1847986,49.3996214],[-123.1847432,49.3996054],[-123.1846971,49.3996314],[-123.1846971,49.3996795],[-123.184694,49.3997195],[-123.1847063,49.3997616],[-123.1847402,49.3998016],[-123.1848078,49.3998176],[-123.1848478,49.3998276]]]}},{"type":"Feature","id":"1431394996","properties":{"kind":"path","name":"Mount Strachan Trail","osmWayId":"1431394996"},"geometry":{"type":"LineString","coordinates":[[-123.1884296,49.4010067],[-123.1885382,49.4011569],[-123.1884744,49.4012842],[-123.1884653,49.4013704],[-123.1885956,49.4014847],[-123.1885838,49.4015904],[-123.1885917,49.4017369],[-123.1885506,49.4018943],[-123.1884895,49.4021214],[-123.1884224,49.4022758],[-123.1882654,49.4025107],[-123.1880203,49.4027735],[-123.1879057,49.4028574],[-123.1878545,49.4029515],[-123.1878084,49.4031604],[-123.1877548,49.4032339],[-123.1877301,49.4033156]]}},{"type":"Feature","id":"1431394997","properties":{"kind":"path","name":"Baden Powell Trail","osmWayId":"1431394997"},"geometry":{"type":"LineString","coordinates":[[-123.1954344,49.3954364],[-123.1953291,49.3954327]]}},{"type":"Feature","id":"1431394998","properties":{"kind":"path","name":"Baden Powell Trail","osmWayId":"1431394998"},"geometry":{"type":"LineString","coordinates":[[-123.1955298,49.3954316],[-123.1954825,49.3954367],[-123.1954344,49.3954364]]}},{"type":"Feature","id":"1431394999","properties":{"kind":"path","name":"Baden Powell Trail","osmWayId":"1431394999"},"geometry":{"type":"LineString","coordinates":[[-123.195618,49.3954099],[-123.1955298,49.3954316]]}},{"type":"Feature","id":"1431395000","properties":{"kind":"path","name":"Baden Powell Trail","osmWayId":"1431395000"},"geometry":{"type":"LineString","coordinates":[[-123.2009457,49.3960484],[-123.2009022,49.3960274],[-123.2009419,49.3958782],[-123.20089,49.3957509],[-123.2007463,49.3957032],[-123.2006324,49.3956242],[-123.2005268,49.3955576],[-123.2003185,49.3953412],[-123.2000587,49.3952378],[-123.199779,49.3951965],[-123.1995883,49.3951758],[-123.1993794,49.3950634],[-123.1989799,49.3949812],[-123.1987124,49.3949302],[-123.1984421,49.3949434],[-123.1982397,49.394953],[-123.1980682,49.3949452],[-123.1978187,49.3950385],[-123.1976505,49.3950977],[-123.1971843,49.3952201],[-123.1969325,49.3952197],[-123.1966635,49.39525],[-123.1964728,49.3952415],[-123.1962516,49.3953253],[-123.1959773,49.3953273],[-123.1957508,49.3953786],[-123.195618,49.3954099]]}},{"type":"Feature","id":"1431395003","properties":{"kind":"water","name":"","osmWayId":"1431395003"},"geometry":{"type":"Polygon","coordinates":[[[-123.1832452,49.3985594],[-123.1832759,49.3985474],[-123.1832898,49.3985244],[-123.1832759,49.3985054],[-123.1832636,49.3984854],[-123.1832667,49.3984644],[-123.1832836,49.3984443],[-123.1832852,49.3984243],[-123.1832575,49.3984143],[-123.1832267,49.3984183],[-123.1832021,49.3984383],[-123.1831867,49.3984563],[-123.1831683,49.3984794],[-123.1831452,49.3984934],[-123.1831129,49.3984994],[-123.1830837,49.3985064],[-123.183056,49.3985194],[-123.183036,49.3985354],[-123.1830483,49.3985554],[-123.1830791,49.3985634],[-123.1831129,49.3985654],[-123.1831498,49.3985674],[-123.1832452,49.3985594]]]}},{"type":"Feature","id":"1431395004","properties":{"kind":"water","name":"","osmWayId":"1431395004"},"geometry":{"type":"Polygon","coordinates":[[[-123.1838712,49.3981691],[-123.183905,49.3981641],[-123.1839188,49.398145],[-123.1839188,49.398124],[-123.1839158,49.398102],[-123.1839096,49.398082],[-123.1839219,49.398061],[-123.1839358,49.398043],[-123.1839358,49.3980229],[-123.1839219,49.3980039],[-123.1839019,49.3979879],[-123.1838742,49.3979809],[-123.1838527,49.3979989],[-123.1838358,49.3980189],[-123.1838312,49.398043],[-123.1838189,49.398064],[-123.1838066,49.398083],[-123.1838143,49.398103],[-123.1838266,49.398124],[-123.1838419,49.398143],[-123.1838712,49.3981691]]]}},{"type":"Feature","id":"1431395005","properties":{"kind":"water","name":"","osmWayId":"1431395005"},"geometry":{"type":"Polygon","coordinates":[[[-123.1818317,49.3988562],[-123.1818479,49.3988552],[-123.1818579,49.3988472],[-123.1818625,49.3988337],[-123.1818656,49.3988232],[-123.1818663,49.3988127],[-123.1818602,49.3988027],[-123.1818579,49.3987932],[-123.1818579,49.3987837],[-123.1818502,49.3987736],[-123.1818417,49.3987651],[-123.1818348,49.3987551],[-123.1818225,49.3987496],[-123.1818056,49.3987516],[-123.1817917,49.3987571],[-123.1817825,49.3987661],[-123.1817756,49.3987806],[-123.181771,49.3987937],[-123.1817671,49.3988042],[-123.1817633,49.3988142],[-123.1817671,49.3988242],[-123.1817794,49.3988322],[-123.1817917,49.3988392],[-123.1818317,49.3988562]]]}},{"type":"Feature","id":"1431395006","properties":{"kind":"water","name":"","osmWayId":"1431395006"},"geometry":{"type":"Polygon","coordinates":[[[-123.1817717,49.399137],[-123.1817856,49.399119],[-123.1817948,49.3990989],[-123.1818163,49.3990829],[-123.1818133,49.3990629],[-123.1818286,49.3990449],[-123.1818394,49.3990259],[-123.1818163,49.3990129],[-123.1817825,49.3990139],[-123.1817564,49.3990239],[-123.1817379,49.3990419],[-123.1817133,49.3990529],[-123.1816948,49.3990699],[-123.1816964,49.3990929],[-123.1817118,49.399113],[-123.1817379,49.399125],[-123.1817717,49.399137]]]}},{"type":"Feature","id":"1431395009","properties":{"kind":"water","name":"","osmWayId":"1431395009"},"geometry":{"type":"Polygon","coordinates":[[[-123.1835993,49.4016507],[-123.1836274,49.4016464],[-123.1836543,49.4016368],[-123.1836717,49.4016219],[-123.1836811,49.4016036],[-123.1836918,49.4015862],[-123.1836703,49.4015757],[-123.1836435,49.4015757],[-123.183618,49.4015801],[-123.1835952,49.4015731],[-123.1835698,49.4015705],[-123.1835483,49.4015809],[-123.1835483,49.4016001],[-123.1835255,49.4016089],[-123.1835175,49.4016254],[-123.1835322,49.4016411],[-123.183555,49.4016516],[-123.1835993,49.4016507]]]}},{"type":"Feature","id":"1454105145","properties":{"kind":"stream","name":"Cypress Creek","osmWayId":"1454105145"},"geometry":{"type":"LineString","coordinates":[[-123.2054593,49.3973192],[-123.2053185,49.3973319],[-123.2052948,49.3973578],[-123.205136,49.397348],[-123.2050199,49.3973407],[-123.2047441,49.3972866],[-123.2045786,49.3972153],[-123.2044542,49.3971256],[-123.2043177,49.3969818]]}},{"type":"Feature","id":"1454105146","properties":{"kind":"stream","name":"Cypress Creek","osmWayId":"1454105146"},"geometry":{"type":"LineString","coordinates":[[-123.2057096,49.3974019],[-123.2054593,49.3973192]]}},{"type":"Feature","id":"1454105148","properties":{"kind":"water","name":"","osmWayId":"1454105148"},"geometry":{"type":"Polygon","coordinates":[[[-123.2243876,49.3896886],[-123.2244037,49.3896545],[-123.2243018,49.3896292],[-123.2242522,49.3896711],[-123.2242441,49.3897252],[-123.2243072,49.3897505],[-123.2243487,49.3897287],[-123.2243876,49.3896886]]]}},{"type":"Feature","id":"1454105149","properties":{"kind":"water","name":"","osmWayId":"1454105149"},"geometry":{"type":"Polygon","coordinates":[[[-123.2216048,49.3902708],[-123.2215646,49.3903415],[-123.2216424,49.3904],[-123.2217282,49.3903878],[-123.2217711,49.3903607],[-123.2217644,49.3903328],[-123.2216732,49.3902699],[-123.2216048,49.3902708]]]}},{"type":"Feature","id":"1454105150","properties":{"kind":"water","name":"","osmWayId":"1454105150"},"geometry":{"type":"Polygon","coordinates":[[[-123.2208297,49.3899129],[-123.220949,49.3899592],[-123.2209852,49.3899452],[-123.2210375,49.3899461],[-123.2210845,49.3899138],[-123.2210509,49.389871],[-123.2209477,49.3898518],[-123.220835,49.3898378],[-123.2208525,49.389864],[-123.2208216,49.3898675],[-123.2207707,49.3898317],[-123.2207479,49.3898439],[-123.2208297,49.3899129]]]}},{"type":"Feature","id":"1454105151","properties":{"kind":"water","name":"","osmWayId":"1454105151"},"geometry":{"type":"Polygon","coordinates":[[[-123.2204676,49.389926],[-123.2203898,49.3898771],[-123.220304,49.3899173],[-123.2202959,49.3900011],[-123.22032,49.3900238],[-123.2203549,49.3900098],[-123.2204488,49.3899889],[-123.2204676,49.389926]]]}},{"type":"Feature","id":"1454105152","properties":{"kind":"water","name":"","osmWayId":"1454105152"},"geometry":{"type":"Polygon","coordinates":[[[-123.220422,49.387019],[-123.2203469,49.3870313],[-123.2203308,49.3870994],[-123.2204032,49.3871273],[-123.2204515,49.3870644],[-123.220422,49.387019]]]}},{"type":"Feature","id":"1454105153","properties":{"kind":"water","name":"","osmWayId":"1454105153"},"geometry":{"type":"Polygon","coordinates":[[[-123.2197943,49.3879549],[-123.2197782,49.3880596],[-123.219848,49.3880649],[-123.2199177,49.3881312],[-123.2199821,49.3881347],[-123.2199767,49.3880631],[-123.2199124,49.3879863],[-123.2198694,49.387913],[-123.2197943,49.3879549]]]}},{"type":"Feature","id":"1454105154","properties":{"kind":"water","name":"","osmWayId":"1454105154"},"geometry":{"type":"Polygon","coordinates":[[[-123.2195556,49.3879095],[-123.2196683,49.388002],[-123.2196066,49.3880788],[-123.2194778,49.3880561],[-123.2194456,49.3879898],[-123.2195556,49.3879095]]]}},{"type":"Feature","id":"1454105155","properties":{"kind":"water","name":"","osmWayId":"1454105155"},"geometry":{"type":"Polygon","coordinates":[[[-123.2249448,49.3870212],[-123.2248758,49.387081],[-123.2248181,49.3870636],[-123.2247732,49.3870369],[-123.2247189,49.3869929],[-123.2247061,49.3869723],[-123.2247544,49.3869802],[-123.2247853,49.3869802],[-123.2247839,49.3869566],[-123.2248854,49.3869389],[-123.2249194,49.386964],[-123.2248885,49.3869767],[-123.2248858,49.3870147],[-123.2249254,49.3870086],[-123.2249448,49.3870212]]]}},{"type":"Feature","id":"1454105156","properties":{"kind":"water","name":"","osmWayId":"1454105156"},"geometry":{"type":"Polygon","coordinates":[[[-123.2238981,49.3851788],[-123.2238244,49.3851683],[-123.2237935,49.3852023],[-123.2237788,49.3852329],[-123.2237989,49.3852783],[-123.2238914,49.3852416],[-123.2239102,49.3852032],[-123.2238981,49.3851788]]]}},{"type":"Feature","id":"1454105161","properties":{"kind":"water","name":"","osmWayId":"1454105161"},"geometry":{"type":"Polygon","coordinates":[[[-123.2263966,49.3847484],[-123.226288,49.3847361],[-123.2262571,49.3847614],[-123.2262746,49.3847876],[-123.2263282,49.3848016],[-123.2263483,49.3848409],[-123.2263778,49.3848426],[-123.2264127,49.3847911],[-123.2263966,49.3847484]]]}},{"type":"Feature","id":"1454105162","properties":{"kind":"water","name":"","osmWayId":"1454105162"},"geometry":{"type":"Polygon","coordinates":[[[-123.2228842,49.3888837],[-123.2228896,49.3890653],[-123.222903,49.3891037],[-123.2228091,49.3891299],[-123.2227743,49.3891124],[-123.2228225,49.389067],[-123.2227984,49.3890129],[-123.2227287,49.3889029],[-123.2228011,49.3888837],[-123.2228601,49.3888697],[-123.2228842,49.3888837]]]}},{"type":"Feature","id":"1454105163","properties":{"kind":"water","name":"","osmWayId":"1454105163"},"geometry":{"type":"Polygon","coordinates":[[[-123.1736939,49.3860771],[-123.1736664,49.3860312],[-123.1736094,49.3860247],[-123.1735872,49.3860539],[-123.1735866,49.386098],[-123.1736255,49.386129],[-123.1736288,49.3861779],[-123.1736496,49.3861827],[-123.1736422,49.3861207],[-123.1736939,49.3860771]]]}},{"type":"Feature","id":"1454105164","properties":{"kind":"water","name":"","osmWayId":"1454105164"},"geometry":{"type":"Polygon","coordinates":[[[-123.1737723,49.3866026],[-123.1737274,49.3866044],[-123.1736805,49.3865686],[-123.1736255,49.3865057],[-123.1735383,49.3864909],[-123.173486,49.3864202],[-123.1734753,49.3863093],[-123.1735249,49.3862176],[-123.1735504,49.3861513],[-123.1736013,49.3861687],[-123.1736107,49.3862726],[-123.1736268,49.3863477],[-123.1736697,49.3863722],[-123.1736939,49.3864595],[-123.1737784,49.3865171],[-123.1737869,49.3865327],[-123.1737904,49.3865756],[-123.1737723,49.3866026]]]}},{"type":"Feature","id":"1454105165","properties":{"kind":"water","name":"","osmWayId":"1454105165"},"geometry":{"type":"Polygon","coordinates":[[[-123.1762433,49.3836684],[-123.1761387,49.383637],[-123.1760716,49.3836571],[-123.1760046,49.3837051],[-123.176018,49.3837767],[-123.1761052,49.3837479],[-123.1761682,49.3837452],[-123.1762433,49.3836684]]]}},{"type":"Feature","id":"1454105166","properties":{"kind":"water","name":"","osmWayId":"1454105166"},"geometry":{"type":"Polygon","coordinates":[[[-123.1729952,49.3836867],[-123.1729268,49.3837208],[-123.1727538,49.3837758],[-123.1727578,49.3838264],[-123.1727792,49.3839181],[-123.1728704,49.3839172],[-123.1729643,49.3838875],[-123.1730247,49.3838098],[-123.1731494,49.3837199],[-123.1731373,49.3836579],[-123.1730984,49.3836475],[-123.1729952,49.3836867]]]}},{"type":"Feature","id":"1454105169","properties":{"kind":"water","name":"","osmWayId":"1454105169"},"geometry":{"type":"Polygon","coordinates":[[[-123.1784414,49.387294],[-123.1782925,49.387363],[-123.178326,49.3874158],[-123.1784159,49.387418],[-123.1785078,49.3873831],[-123.1784823,49.3873159],[-123.1784414,49.387294]]]}},{"type":"Feature","id":"1454105170","properties":{"kind":"water","name":"","osmWayId":"1454105170"},"geometry":{"type":"Polygon","coordinates":[[[-123.1794821,49.3894066],[-123.1793466,49.3894005],[-123.179293,49.3894302],[-123.1793077,49.3894625],[-123.1794016,49.3895288],[-123.1794861,49.3895122],[-123.1795263,49.3894564],[-123.1794821,49.3894066]]]}},{"type":"Feature","id":"1454105171","properties":{"kind":"water","name":"","osmWayId":"1454105171"},"geometry":{"type":"Polygon","coordinates":[[[-123.1754467,49.3871709],[-123.1754708,49.3872713],[-123.1755406,49.3872818],[-123.1756197,49.387243],[-123.1756204,49.387208],[-123.1755707,49.3871749],[-123.1754849,49.3871526],[-123.1754467,49.3871709]]]}},{"type":"Feature","id":"1454105172","properties":{"kind":"water","name":"","osmWayId":"1454105172"},"geometry":{"type":"Polygon","coordinates":[[[-123.1759389,49.387033],[-123.175896,49.3870627],[-123.1757887,49.3870592],[-123.1757498,49.3870382],[-123.1757793,49.3869955],[-123.1758437,49.3869736],[-123.1759121,49.3869806],[-123.1759389,49.387033]]]}},{"type":"Feature","id":"1454105173","properties":{"kind":"water","name":"","osmWayId":"1454105173"},"geometry":{"type":"Polygon","coordinates":[[[-123.1768495,49.3891753],[-123.1767449,49.389198],[-123.1767046,49.3892041],[-123.1766188,49.389129],[-123.1765853,49.3890915],[-123.1764847,49.3890889],[-123.176427,49.3890356],[-123.176474,49.3889885],[-123.1765705,49.3889501],[-123.1766336,49.3889535],[-123.1766993,49.3890112],[-123.1766349,49.3890662],[-123.1766859,49.3891264],[-123.1767543,49.3890635],[-123.1767958,49.3890644],[-123.17682,49.3891072],[-123.1768495,49.3891753]]]}},{"type":"Feature","id":"1454105174","properties":{"kind":"water","name":"","osmWayId":"1454105174"},"geometry":{"type":"Polygon","coordinates":[[[-123.176997,49.3897584],[-123.1769729,49.3898439],[-123.1769434,49.3898448],[-123.1768119,49.3897881],[-123.17682,49.3897549],[-123.1768146,49.3897165],[-123.1768119,49.3896929],[-123.1768401,49.3896912],[-123.1768401,49.3897209],[-123.1768736,49.3897305],[-123.1769018,49.3897148],[-123.1769246,49.3897322],[-123.1769528,49.3897488],[-123.176997,49.3897584]]]}},{"type":"Feature","id":"1454105176","properties":{"kind":"stream","name":"","osmWayId":"1454105176"},"geometry":{"type":"LineString","coordinates":[[-123.2195194,49.3933068],[-123.2196015,49.3933078],[-123.2196738,49.3932873]]}},{"type":"Feature","id":"1454105177","properties":{"kind":"water","name":"","osmWayId":"1454105177"},"geometry":{"type":"Polygon","coordinates":[[[-123.2156101,49.3943987],[-123.2155591,49.3944389],[-123.2155725,49.3945017],[-123.2156396,49.3944895],[-123.2156369,49.3944563],[-123.2156101,49.3943987]]]}},{"type":"Feature","id":"1454355604","properties":{"kind":"wood","name":"","osmWayId":"1454355604"},"geometry":{"type":"Polygon","coordinates":[[[-123.1793037,49.3895925],[-123.1792206,49.3897095],[-123.1792259,49.3899225],[-123.1792313,49.3900674],[-123.1794539,49.3900831],[-123.1795076,49.3900028],[-123.1793037,49.3895925]]]}},{"type":"Feature","id":"1454355605","properties":{"kind":"water","name":"","osmWayId":"1454355605"},"geometry":{"type":"Polygon","coordinates":[[[-123.1751932,49.3847632],[-123.1751986,49.3847964],[-123.1751208,49.3848226],[-123.1750055,49.3848322],[-123.174976,49.3848112],[-123.1749558,49.3847772],[-123.1749988,49.3847431],[-123.1751087,49.3847291],[-123.1751932,49.3847632]]]}},{"type":"Feature","id":"1454355606","properties":{"kind":"water","name":"","osmWayId":"1454355606"},"geometry":{"type":"Polygon","coordinates":[[[-123.1753193,49.3850495],[-123.1753032,49.3850836],[-123.1752428,49.3851168],[-123.1751463,49.3850749],[-123.1751785,49.3850365],[-123.1753139,49.3850399],[-123.1753193,49.3850495]]]}},{"type":"Feature","id":"1454355607","properties":{"kind":"water","name":"","osmWayId":"1454355607"},"geometry":{"type":"Polygon","coordinates":[[[-123.1757256,49.3849622],[-123.1756613,49.3849038],[-123.1756063,49.3848872],[-123.1755835,49.3849343],[-123.1755137,49.3849832],[-123.1755768,49.385012],[-123.1755674,49.3850495],[-123.1756076,49.3850539],[-123.1757256,49.3849622]]]}},{"type":"Feature","id":"1454355608","properties":{"kind":"water","name":"","osmWayId":"1454355608"},"geometry":{"type":"Polygon","coordinates":[[[-123.1755459,49.3851691],[-123.1754413,49.385177],[-123.1754011,49.3851831],[-123.1753837,49.3851997],[-123.1754226,49.3852294],[-123.1754829,49.3852137],[-123.1755298,49.3852512],[-123.1755459,49.3851691]]]}},{"type":"Feature","id":"1454355609","properties":{"kind":"wood","name":"","osmWayId":"1454355609"},"geometry":{"type":"Polygon","coordinates":[[[-123.1762567,49.387473],[-123.1761441,49.3875533],[-123.1759483,49.3875865],[-123.1758624,49.3875428],[-123.1758866,49.3874293],[-123.1761119,49.3873979],[-123.1762567,49.387473]]]}},{"type":"Feature","id":"1454355610","properties":{"kind":"wood","name":"","osmWayId":"1454355610"},"geometry":{"type":"Polygon","coordinates":[[[-123.1769997,49.3889064],[-123.177166,49.3890112],[-123.1772169,49.389184],[-123.1771767,49.3893394],[-123.1769487,49.3892486],[-123.1768736,49.3891229],[-123.1769085,49.3890269],[-123.1770721,49.3890653],[-123.1769434,49.3889466],[-123.1769997,49.3889064]]]}},{"type":"Feature","id":"1454355611","properties":{"kind":"wood","name":"","osmWayId":"1454355611"},"geometry":{"type":"Polygon","coordinates":[[[-123.1760904,49.389713],[-123.1759402,49.3896676],[-123.1758249,49.3896955],[-123.1758651,49.3898492],[-123.176018,49.3898457],[-123.1760904,49.389713]]]}},{"type":"Feature","id":"1454355612","properties":{"kind":"wood","name":"","osmWayId":"1454355612"},"geometry":{"type":"Polygon","coordinates":[[[-123.1766,49.3897165],[-123.1762862,49.3896554],[-123.176313,49.3898649],[-123.1764391,49.390015],[-123.1766242,49.3900081],[-123.1766912,49.3898998],[-123.1766,49.3897165]]]}},{"type":"Feature","id":"1454355613","properties":{"kind":"wood","name":"","osmWayId":"1454355613"},"geometry":{"type":"Polygon","coordinates":[[[-123.1769219,49.3893342],[-123.176643,49.3892381],[-123.1763399,49.3892137],[-123.1761789,49.3892434],[-123.1761897,49.3893254],[-123.1762943,49.3895611],[-123.1765732,49.3895733],[-123.176651,49.3896659],[-123.1767905,49.3896554],[-123.1768146,49.3895192],[-123.1769675,49.3893848],[-123.1769219,49.3893342]]]}},{"type":"Feature","id":"1455696398","properties":{"kind":"wood","name":"","osmWayId":"1455696398"},"geometry":{"type":"Polygon","coordinates":[[[-123.2220313,49.3906575],[-123.2219294,49.3905929],[-123.2218382,49.3905493],[-123.2218757,49.3904742],[-123.2217872,49.390455],[-123.2216772,49.3906139],[-123.2217094,49.3906785],[-123.2218355,49.3907169],[-123.2218516,49.3907902],[-123.2219347,49.3909229],[-123.2220581,49.3909019],[-123.2219669,49.3907919],[-123.2220313,49.3906575]]]}},{"type":"Feature","id":"1455696402","properties":{"kind":"wood","name":"","osmWayId":"1455696402"},"geometry":{"type":"Polygon","coordinates":[[[-123.2201698,49.3929393],[-123.2201564,49.3927926],[-123.2202208,49.3925762],[-123.2203093,49.3921781],[-123.2201993,49.392076],[-123.2200002,49.3927206],[-123.2199231,49.3927996],[-123.2199407,49.3928496],[-123.219966,49.3929214],[-123.2199848,49.3929725],[-123.2200599,49.3929986],[-123.2201698,49.3929393]]]}},{"type":"Feature","id":"1455696405","properties":{"kind":"wood","name":"","osmWayId":"1455696405"},"geometry":{"type":"Polygon","coordinates":[[[-123.2159346,49.3932396],[-123.2161278,49.3932326],[-123.2162163,49.39336],[-123.2161036,49.3934071],[-123.2159266,49.3933286],[-123.2159346,49.3932396]]]}},{"type":"Feature","id":"1462449054","properties":{"kind":"stream","name":"","osmWayId":"1462449054"},"geometry":{"type":"LineString","coordinates":[[-123.2227129,49.4046172],[-123.222748,49.4047188],[-123.2227763,49.4047531],[-123.222897,49.4048045],[-123.2229765,49.4048452],[-123.2230735,49.4049282],[-123.223093,49.4050158],[-123.2231262,49.4050465],[-123.2232221,49.4050722],[-123.223246,49.4050886],[-123.2232563,49.405143],[-123.2232452,49.4051803],[-123.2231451,49.4052697],[-123.2231545,49.4053959],[-123.2232083,49.4054639],[-123.2231946,49.4055168],[-123.2231996,49.4055816],[-123.2232526,49.4056695],[-123.2233047,49.4057405],[-123.2232948,49.4057799],[-123.2232925,49.4058331],[-123.2233206,49.4058438],[-123.2233633,49.4058415],[-123.2234468,49.4058103],[-123.2235269,49.4057667],[-123.223585,49.4057681],[-123.2236817,49.4058196],[-123.223818,49.405854],[-123.2240426,49.4058745],[-123.2241783,49.4058937],[-123.2242454,49.4059337],[-123.224326,49.4060192],[-123.2243381,49.4060924],[-123.2244325,49.4061386]]}},{"type":"Feature","id":"1462449055","properties":{"kind":"stream","name":"","osmWayId":"1462449055"},"geometry":{"type":"LineString","coordinates":[[-123.2091871,49.4019785],[-123.2094344,49.4018613],[-123.2095445,49.4017872],[-123.209657,49.4017635],[-123.2098347,49.401788],[-123.2099819,49.4017691],[-123.2100955,49.4017235],[-123.2101785,49.401697],[-123.2103903,49.4016714],[-123.2105063,49.4015998],[-123.2106327,49.4015968],[-123.2108727,49.4015406],[-123.2111351,49.4014311],[-123.2113265,49.4014223],[-123.2114261,49.4013564],[-123.2115774,49.4012883],[-123.2117614,49.4012552],[-123.211909,49.4012649],[-123.2120885,49.4013331],[-123.2122414,49.4014201],[-123.2125164,49.4015382]]}},{"type":"Feature","id":"1462449056","properties":{"kind":"stream","name":"","osmWayId":"1462449056"},"geometry":{"type":"LineString","coordinates":[[-123.2090861,49.4020351],[-123.2091871,49.4019785]]}},{"type":"Feature","id":"1462449057","properties":{"kind":"stream","name":"","osmWayId":"1462449057"},"geometry":{"type":"LineString","coordinates":[[-123.2044205,49.402219],[-123.2044676,49.4022293],[-123.2045092,49.4022821],[-123.2046014,49.4023377],[-123.2046971,49.402369],[-123.2048344,49.4023734],[-123.2049413,49.4023441],[-123.2051056,49.4023305],[-123.2052632,49.4022937],[-123.2053184,49.4022896],[-123.2054019,49.4023183],[-123.2055548,49.4023234],[-123.2057312,49.4023774],[-123.2059182,49.4023749],[-123.2061303,49.4023876],[-123.2063188,49.4023737],[-123.2064148,49.4023999],[-123.2064998,49.4024054],[-123.2066188,49.4024358],[-123.2067529,49.4024258],[-123.20683,49.4024426],[-123.2070023,49.4024382],[-123.2070946,49.4024084],[-123.2073232,49.4023853],[-123.2075905,49.4024242],[-123.2076115,49.4024272],[-123.2077154,49.4024242],[-123.207828,49.4024069],[-123.2079801,49.4024069],[-123.2081,49.4023965],[-123.2081937,49.4023729],[-123.2083344,49.4023562],[-123.2084443,49.4023742],[-123.2085391,49.4023692],[-123.2086194,49.4023328],[-123.2087787,49.4022284],[-123.2089148,49.4021125],[-123.2090861,49.4020351]]}},{"type":"Feature","id":"1462449058","properties":{"kind":"stream","name":"","osmWayId":"1462449058"},"geometry":{"type":"LineString","coordinates":[[-123.2040904,49.4022887],[-123.2044205,49.402219]]}},{"type":"Feature","id":"1462449059","properties":{"kind":"stream","name":"","osmWayId":"1462449059"},"geometry":{"type":"LineString","coordinates":[[-123.1964405,49.4065829],[-123.1964853,49.406565],[-123.1965175,49.4065425],[-123.1965371,49.4064808],[-123.1965707,49.4063921],[-123.1965605,49.4063581],[-123.1964881,49.4062967],[-123.1964657,49.4062645],[-123.1964587,49.4062058]]}},{"type":"Feature","id":"1462449060","properties":{"kind":"stream","name":"","osmWayId":"1462449060"},"geometry":{"type":"LineString","coordinates":[[-123.1964587,49.4062058],[-123.1965519,49.4059962]]}},{"type":"Feature","id":"1462449061","properties":{"kind":"stream","name":"","osmWayId":"1462449061"},"geometry":{"type":"LineString","coordinates":[[-123.2001295,49.4062093],[-123.2002174,49.4061678],[-123.2002991,49.4061757],[-123.2003572,49.4061656],[-123.2004304,49.4061426],[-123.2005097,49.4061059],[-123.2006036,49.406063],[-123.2006682,49.4060474],[-123.2007263,49.4060146],[-123.2007564,49.4059667],[-123.2007991,49.4059463],[-123.2008634,49.4059318],[-123.2008943,49.4059008],[-123.2009504,49.4057855],[-123.2010317,49.4056829],[-123.2010789,49.4056416],[-123.2011204,49.4055784],[-123.2011298,49.4054836],[-123.2011615,49.4053633],[-123.2011844,49.4052597],[-123.20119,49.4051682],[-123.201162,49.4051098],[-123.2011914,49.4050144],[-123.2012022,49.4049318],[-123.2012787,49.4048376],[-123.2013675,49.4047452],[-123.2014782,49.4046701],[-123.2015197,49.4046163],[-123.2015263,49.4045793],[-123.2014982,49.4044823],[-123.201523,49.404352],[-123.2015043,49.4042526],[-123.2014427,49.4041429],[-123.2013777,49.4040602],[-123.2014434,49.4039588],[-123.2015268,49.4038242],[-123.2015348,49.4037748],[-123.2015753,49.4036943],[-123.2016078,49.4036631],[-123.2016279,49.4036228],[-123.2016753,49.4035962],[-123.2018112,49.4034647],[-123.2018909,49.403327],[-123.2019057,49.4032772],[-123.2019639,49.4032096]]}},{"type":"Feature","id":"1462449062","properties":{"kind":"stream","name":"","osmWayId":"1462449062"},"geometry":{"type":"LineString","coordinates":[[-123.2003822,49.4055548],[-123.2004817,49.4054725],[-123.200513,49.4054327],[-123.2005177,49.4053719],[-123.2005929,49.4052865],[-123.2006181,49.4052345],[-123.2006447,49.4051996],[-123.2006937,49.4050838],[-123.2007381,49.4050358],[-123.200761,49.404999],[-123.2007727,49.4048948],[-123.2008226,49.4048365],[-123.2008455,49.4047474],[-123.2008665,49.4046948],[-123.2009277,49.4046453],[-123.2010239,49.4046098],[-123.2011042,49.4045174],[-123.2011897,49.4044174],[-123.2012004,49.4043712],[-123.2011677,49.4043056],[-123.2011654,49.4042545],[-123.2012163,49.4042156],[-123.2012429,49.4041752],[-123.2013777,49.4040602]]}},{"type":"Feature","id":"1462449063","properties":{"kind":"stream","name":"","osmWayId":"1462449063"},"geometry":{"type":"LineString","coordinates":[[-123.2036364,49.4048705],[-123.2035854,49.4047576],[-123.203601,49.4046932],[-123.2036392,49.4046374],[-123.2037348,49.4045686],[-123.2037808,49.4045089],[-123.2038523,49.4044527],[-123.2038537,49.404418],[-123.2038133,49.4043086],[-123.2038317,49.4042655],[-123.2039025,49.4042275],[-123.2039376,49.4041893],[-123.2039379,49.4041259],[-123.2039057,49.4040138],[-123.2039255,49.4039159],[-123.2039542,49.4038834],[-123.2040498,49.403848],[-123.2041092,49.4038081],[-123.2042087,49.4037662],[-123.2042809,49.403728],[-123.2043456,49.4036218],[-123.2043924,49.4035951],[-123.2044628,49.403541],[-123.2045293,49.4034682],[-123.2045615,49.4034046],[-123.2045969,49.4033724],[-123.2046815,49.4033563],[-123.2047395,49.4033397],[-123.2048266,49.403286],[-123.2049469,49.403263],[-123.2050354,49.4032284],[-123.2051197,49.4031469],[-123.2051894,49.4030836],[-123.2052733,49.4030582],[-123.2053759,49.4030608],[-123.2054867,49.4030239],[-123.2056558,49.4029838],[-123.2057468,49.4029866],[-123.2058908,49.4029728],[-123.2060682,49.4030011],[-123.2062331,49.4030384],[-123.2063591,49.4030536],[-123.2064918,49.4030186],[-123.206559,49.403023],[-123.2067799,49.4030912],[-123.2068358,49.4030979],[-123.2069239,49.4030886],[-123.2070811,49.4031223],[-123.2071756,49.4031236],[-123.2073157,49.4031193],[-123.2078367,49.4030423],[-123.2081336,49.4029981],[-123.2082119,49.4029972],[-123.2082897,49.4029804],[-123.2083684,49.4029958],[-123.2084352,49.4029931],[-123.2085861,49.4029609],[-123.2087481,49.4029077],[-123.2089111,49.4028341],[-123.2090418,49.4027949],[-123.2091156,49.4027998],[-123.2092431,49.4028199],[-123.2093384,49.4028582],[-123.2094517,49.4029162],[-123.209559,49.4029564]]}},{"type":"Feature","id":"1462449064","properties":{"kind":"stream","name":"","osmWayId":"1462449064"},"geometry":{"type":"LineString","coordinates":[[-123.209559,49.4029564],[-123.2098162,49.403011]]}},{"type":"Feature","id":"1462454636","properties":{"kind":"stream","name":"","osmWayId":"1462454636"},"geometry":{"type":"LineString","coordinates":[[-123.2136494,49.4032354],[-123.2137621,49.403241],[-123.2139303,49.4032249],[-123.2141694,49.4032537],[-123.2143354,49.4032669],[-123.2145041,49.4032965],[-123.214586,49.4033186],[-123.2146764,49.403315],[-123.2147726,49.4033423],[-123.2149187,49.4033491],[-123.2150362,49.4033598],[-123.2151405,49.403381],[-123.2153508,49.4034614],[-123.2154916,49.4034743],[-123.2155958,49.4034578],[-123.2157097,49.4034625],[-123.2158815,49.4034185],[-123.2160807,49.4034008],[-123.2162412,49.403374],[-123.2163986,49.4033753],[-123.2167401,49.4033324],[-123.2168787,49.4032992],[-123.2169547,49.4032626],[-123.2170243,49.403253],[-123.2171415,49.403244],[-123.2172666,49.4032672],[-123.2173558,49.4033008],[-123.2174758,49.4033205],[-123.2175942,49.403369],[-123.2177867,49.4034269],[-123.2179059,49.4034444],[-123.218015,49.4034127],[-123.2181305,49.4033726],[-123.2182403,49.4033704],[-123.2183489,49.4033827],[-123.2184132,49.4034195],[-123.2184684,49.4034833],[-123.2185864,49.4035574],[-123.218726,49.4036119],[-123.2187488,49.403653],[-123.2188018,49.4037103],[-123.218937,49.4037702],[-123.2190734,49.4038191],[-123.2191122,49.403849],[-123.2191293,49.4038853],[-123.2191345,49.4039153],[-123.2190665,49.4040087],[-123.2190635,49.4040276],[-123.2190596,49.4040517],[-123.2191153,49.4041511],[-123.219207,49.4042698],[-123.2192865,49.4043648],[-123.2194012,49.4044389],[-123.2197138,49.4046242],[-123.2197451,49.4046343],[-123.2198158,49.404646],[-123.2199049,49.4046518],[-123.2199584,49.4046389],[-123.2200169,49.4046217],[-123.2200533,49.4046219],[-123.2201186,49.4046486],[-123.2201775,49.4046525],[-123.2202126,49.4046757],[-123.2202639,49.4046943],[-123.2203125,49.4046967],[-123.2204683,49.4046847],[-123.2206191,49.404683],[-123.2207422,49.4046732],[-123.2208162,49.4046717],[-123.2208797,49.404687],[-123.2209157,49.4046848],[-123.2209591,49.4046761],[-123.2209922,49.4046597],[-123.2210415,49.404657],[-123.2211274,49.404672],[-123.2211664,49.4046664],[-123.2212008,49.404646],[-123.2212187,49.4046079],[-123.2212575,49.404591],[-123.2213147,49.4045901],[-123.2213665,49.4046041],[-123.2214146,49.4046222],[-123.2214861,49.4046229],[-123.2215587,49.4046206],[-123.2216101,49.4046065],[-123.221652,49.4046023],[-123.2217093,49.4046171],[-123.2217404,49.4046164],[-123.2217863,49.404606],[-123.2218306,49.4046058],[-123.2218708,49.4046017],[-123.2219231,49.4045837],[-123.2219493,49.4045888],[-123.2219553,49.4045991],[-123.2219701,49.4046113],[-123.2220296,49.404625],[-123.222073,49.4046362],[-123.2221407,49.4046832],[-123.2221648,49.4046868],[-123.2222219,49.404681],[-123.2222827,49.4046786],[-123.2223173,49.4046728],[-123.222336,49.4046504],[-123.2223618,49.4046339],[-123.2224278,49.4046355],[-123.2224632,49.4046243],[-123.2225202,49.4045831]]}},{"type":"Feature","id":"1462454637","properties":{"kind":"stream","name":"","osmWayId":"1462454637"},"geometry":{"type":"LineString","coordinates":[[-123.2157924,49.4045658],[-123.2158721,49.4045595],[-123.216053,49.4045206],[-123.2162062,49.4044907],[-123.2163274,49.4044751],[-123.2164177,49.4044706],[-123.2164799,49.4044544],[-123.2165961,49.4044235],[-123.2166843,49.404379],[-123.2168771,49.404305],[-123.2168974,49.4042613],[-123.2169307,49.4042322],[-123.2169986,49.4042145],[-123.2170872,49.4041573],[-123.2171834,49.4041141],[-123.2172532,49.4041057],[-123.2173537,49.4041176],[-123.2174565,49.4041453],[-123.2175592,49.4041403],[-123.217622,49.4041082],[-123.2176762,49.4040598],[-123.2177506,49.4040327],[-123.2178847,49.4040057],[-123.2179764,49.4040149],[-123.2181073,49.4040115],[-123.2183045,49.4039884],[-123.2184896,49.4039608],[-123.2185933,49.4039599],[-123.2188088,49.403991],[-123.2189649,49.4040075],[-123.2190635,49.4040276]]}},{"type":"Feature","id":"1462498655","properties":{"kind":"stream","name":"Charles Creek Debris Flow Control Structure","osmWayId":"1462498655"},"geometry":{"type":"LineString","coordinates":[[-123.2322418,49.420803],[-123.2324003,49.420784],[-123.2324271,49.4208871],[-123.2323434,49.4209464],[-123.2323857,49.4210881],[-123.232458,49.4210892],[-123.2324987,49.4212309],[-123.2318881,49.4214758],[-123.2314856,49.4216054],[-123.231005,49.4214425],[-123.2309107,49.4213727],[-123.2310083,49.4213388],[-123.2311351,49.4213769],[-123.2313636,49.4213616],[-123.2314083,49.4212055],[-123.2313872,49.4211151],[-123.2312043,49.4209607],[-123.231066,49.4209564],[-123.2310539,49.4208785],[-123.2310217,49.4206543],[-123.2312694,49.4206048],[-123.2316427,49.4206474],[-123.2320512,49.4207935],[-123.2322418,49.420803]]}},{"type":"Feature","id":"1462498656","properties":{"kind":"path","name":"","osmWayId":"1462498656"},"geometry":{"type":"LineString","coordinates":[[-123.2316633,49.4216807],[-123.2315729,49.4216255],[-123.2314441,49.4215569],[-123.2312225,49.4214795],[-123.2310413,49.42141],[-123.2309684,49.4213732]]}},{"type":"Feature","id":"1487523160","properties":{"kind":"water","name":"","osmWayId":"1487523160"},"geometry":{"type":"Polygon","coordinates":[[[-123.1761729,49.3872281],[-123.176126,49.3872451],[-123.1760844,49.3872417],[-123.1760656,49.3872107],[-123.1760723,49.387198],[-123.17613,49.3871867],[-123.1761608,49.3871928],[-123.1761729,49.3872281]]]}},{"type":"Feature","id":"1487523161","properties":{"kind":"water","name":"","osmWayId":"1487523161"},"geometry":{"type":"Polygon","coordinates":[[[-123.1762648,49.3873001],[-123.1761763,49.3872897],[-123.1761454,49.3872993],[-123.1761447,49.3873565],[-123.1762151,49.3873412],[-123.1762648,49.3873001]]]}},{"type":"Feature","id":"1487523162","properties":{"kind":"water","name":"","osmWayId":"1487523162"},"geometry":{"type":"Polygon","coordinates":[[[-123.1763399,49.3873682],[-123.1764431,49.3873141],[-123.1765397,49.3872722],[-123.1765746,49.3872949],[-123.176427,49.3873848],[-123.1763546,49.3874119],[-123.1763399,49.3873682]]]}},{"type":"Feature","id":"1487523164","properties":{"kind":"water","name":"","osmWayId":"1487523164"},"geometry":{"type":"Polygon","coordinates":[[[-123.1722119,49.3894773],[-123.1722535,49.3895428],[-123.1723353,49.389624],[-123.172515,49.389672],[-123.1726049,49.3896615],[-123.1726035,49.3896414],[-123.1725365,49.3896423],[-123.1724909,49.3895812],[-123.1724681,49.389521],[-123.1723622,49.3894738],[-123.1722119,49.3894773]]]}}]}
