{"type":"FeatureCollection","source":"\u00a9 OpenStreetMap contributors","license":"ODbL 1.0","snapshotDate":"2026-10-06","features":[{"type":"Feature","id":"23614260","properties":{"kind":"path","name":"Grousewoods Drive","osmWayId":"23614260"},"geometry":{"type":"LineString","coordinates":[[-123.1019411,49.3660876],[-123.1018656,49.3660648],[-123.1018266,49.3660548],[-123.1015605,49.3659864],[-123.1013502,49.3659449],[-123.1011731,49.3659251],[-123.1009647,49.365912],[-123.1007581,49.3659263],[-123.1005531,49.3659485],[-123.1003168,49.3659899],[-123.1000276,49.3660413],[-123.0997683,49.3660652],[-123.0995467,49.3660631],[-123.0993937,49.366055],[-123.099281,49.366049],[-123.0988615,49.3659748],[-123.0987235,49.3659319],[-123.0985614,49.3658816],[-123.0984648,49.365846],[-123.0983215,49.3657933],[-123.0981687,49.36571],[-123.0980128,49.3655818],[-123.0978463,49.3654375],[-123.0978342,49.365427],[-123.0976728,49.3652778],[-123.0975222,49.3651832],[-123.0973286,49.3651089],[-123.0971716,49.3650767],[-123.0970371,49.3650683],[-123.0968768,49.3650669],[-123.0967144,49.3650914],[-123.0965853,49.3651271],[-123.0964003,49.3651937],[-123.0962249,49.3653065],[-123.096084,49.365434],[-123.0960109,49.3655327],[-123.0959732,49.3656133],[-123.0958624,49.3658858],[-123.095842,49.3660105],[-123.0958398,49.3661282],[-123.0958538,49.3662515],[-123.0958882,49.3664056],[-123.095927,49.3665219],[-123.0959832,49.3666445],[-123.0960517,49.3667461],[-123.0962378,49.3669716],[-123.0963277,49.3670528],[-123.0963992,49.3671173],[-123.0967399,49.3673493],[-123.0971565,49.3675909],[-123.0975341,49.3677814],[-123.0977912,49.3678865],[-123.0980353,49.3679822],[-123.0983484,49.3680791],[-123.0984285,49.368101],[-123.0986786,49.3681695],[-123.0990831,49.3682802],[-123.0992987,49.3683397],[-123.0998728,49.3684938],[-123.0999598,49.3685222],[-123.1000286,49.3685428]]}},{"type":"Feature","id":"23614266","properties":{"kind":"path","name":"Grousewoods Place","osmWayId":"23614266"},"geometry":{"type":"LineString","coordinates":[[-123.0969492,49.365478],[-123.096851,49.3653926],[-123.0966664,49.3652307],[-123.0966238,49.3651769],[-123.0965853,49.3651271]]}},{"type":"Feature","id":"23614271","properties":{"kind":"path","name":"Sumac Place","osmWayId":"23614271"},"geometry":{"type":"LineString","coordinates":[[-123.0964788,49.3659647],[-123.0964252,49.3658657],[-123.0963092,49.3657763],[-123.0961979,49.3657116],[-123.0960486,49.3656403],[-123.0959732,49.3656133]]}},{"type":"Feature","id":"23614276","properties":{"kind":"path","name":"Covey Place","osmWayId":"23614276"},"geometry":{"type":"LineString","coordinates":[[-123.0971317,49.3667709],[-123.0971701,49.3668257],[-123.0972057,49.3669081],[-123.0972041,49.366922],[-123.0971997,49.3669598],[-123.097168,49.3670277],[-123.097055,49.3671377],[-123.0968006,49.3673071],[-123.0967399,49.3673493]]}},{"type":"Feature","id":"23614277","properties":{"kind":"path","name":"Honeysuckle Place","osmWayId":"23614277"},"geometry":{"type":"LineString","coordinates":[[-123.0976079,49.3662421],[-123.0978521,49.3660195],[-123.097962,49.3659107],[-123.0981165,49.3657557],[-123.0981687,49.36571]]}},{"type":"Feature","id":"23614299","properties":{"kind":"path","name":"Grousewoods Crescent","osmWayId":"23614299"},"geometry":{"type":"LineString","coordinates":[[-123.0990831,49.3682802],[-123.0991149,49.3682262],[-123.099175,49.3681098],[-123.0992169,49.3680578],[-123.0992846,49.3680003],[-123.0993736,49.3679468],[-123.0994747,49.3678904],[-123.0995934,49.3678116],[-123.0996192,49.3677769],[-123.0996291,49.3677378],[-123.0996177,49.3676809],[-123.099585,49.3676373],[-123.0995333,49.3675962],[-123.099439,49.367561],[-123.0993081,49.3675273],[-123.0989932,49.3674505],[-123.0989709,49.3674425],[-123.0988114,49.3673856],[-123.0986281,49.3673014],[-123.0984707,49.3672365],[-123.0983649,49.3672351],[-123.0982995,49.3672529],[-123.0982562,49.3672781],[-123.0982113,49.3673361],[-123.0981953,49.3673871],[-123.0981664,49.367449],[-123.0981186,49.3675178],[-123.0979801,49.3676843],[-123.0978454,49.3678285],[-123.0977912,49.3678865]]}},{"type":"Feature","id":"23614301","properties":{"kind":"path","name":"Eagle Court","osmWayId":"23614301"},"geometry":{"type":"LineString","coordinates":[[-123.0951274,49.3657332],[-123.0950998,49.3658187],[-123.0950877,49.3659331],[-123.0950924,49.3660423],[-123.0951361,49.3662075],[-123.0952573,49.3665262],[-123.0952871,49.3665942],[-123.0953367,49.3666537],[-123.0954033,49.3667129],[-123.0954639,49.366758],[-123.0955177,49.3668251],[-123.0955647,49.3668944],[-123.0956133,49.3669509],[-123.0956847,49.3670008],[-123.0957681,49.3670328],[-123.0958765,49.3670521],[-123.0959849,49.3670534],[-123.0960786,49.3670351],[-123.0961747,49.3670057],[-123.0962378,49.3669716]]}},{"type":"Feature","id":"23614304","properties":{"kind":"path","name":"Molina Road","osmWayId":"23614304"},"geometry":{"type":"LineString","coordinates":[[-123.0938964,49.3652219],[-123.0939137,49.3651921],[-123.0938482,49.3651204],[-123.0934082,49.3646954],[-123.0932282,49.3645299],[-123.0931828,49.3644761],[-123.0931392,49.3644018],[-123.0931225,49.364325],[-123.0931215,49.3642423],[-123.0931345,49.3641722],[-123.0931683,49.3641005],[-123.0932338,49.364032],[-123.0940784,49.3634093],[-123.094111,49.3633928],[-123.0941374,49.3633197],[-123.0941458,49.3632884],[-123.0941532,49.363261],[-123.094156,49.3631928],[-123.0941504,49.3631239],[-123.0941068,49.362962],[-123.0940929,49.3629251]]}},{"type":"Feature","id":"23614307","properties":{"kind":"path","name":"Cortez Road","osmWayId":"23614307"},"geometry":{"type":"LineString","coordinates":[[-123.0957489,49.3649887],[-123.09556,49.3647819],[-123.0952123,49.3644013],[-123.0947091,49.363848],[-123.0942637,49.3634763],[-123.0941843,49.3634298],[-123.094111,49.3633928]]}},{"type":"Feature","id":"23614422","properties":{"kind":"path","name":"Cliffridge Place","osmWayId":"23614422"},"geometry":{"type":"LineString","coordinates":[[-123.0967857,49.3636445],[-123.096871,49.3636839],[-123.0969471,49.3637048],[-123.0970481,49.3637108],[-123.0971688,49.3637035],[-123.0973282,49.3636826],[-123.0975034,49.3636488],[-123.0977028,49.3636023],[-123.0978432,49.36356],[-123.09796,49.3635164],[-123.0980872,49.3634455],[-123.0981574,49.3633754],[-123.0982079,49.3632861],[-123.098218,49.3632506],[-123.0982185,49.3631962],[-123.0982064,49.3631337],[-123.0981777,49.3630826],[-123.0981387,49.3630312],[-123.097968,49.362866],[-123.0978149,49.3627101],[-123.0977685,49.3626684]]}},{"type":"Feature","id":"23614426","properties":{"kind":"path","name":"Ptarmigan Place","osmWayId":"23614426"},"geometry":{"type":"LineString","coordinates":[[-123.0991192,49.3664387],[-123.099165,49.3663295],[-123.0992148,49.3662392],[-123.0992696,49.3661045],[-123.099281,49.366049]]}},{"type":"Feature","id":"23614457","properties":{"kind":"path","name":"Deerhorn Lane","osmWayId":"23614457"},"geometry":{"type":"LineString","coordinates":[[-123.0971716,49.3650767],[-123.0971904,49.3650247],[-123.097235,49.3649295],[-123.0972691,49.3648675],[-123.0973185,49.3647951],[-123.0974181,49.3647344],[-123.0975402,49.3646747],[-123.0976536,49.3646383],[-123.0977808,49.3646168],[-123.0978871,49.3646156],[-123.0979882,49.3646173],[-123.0981069,49.3646186],[-123.0982361,49.3646058],[-123.0983614,49.3645755],[-123.0984902,49.3645125],[-123.0985109,49.3644967],[-123.0990214,49.3641064],[-123.0991224,49.3640201],[-123.0992221,49.3638402],[-123.0992904,49.3638283],[-123.0993815,49.3637966],[-123.0995121,49.3637612]]}},{"type":"Feature","id":"23710099","properties":{"kind":"path","name":"Grouse Mountain Highway","osmWayId":"23710099"},"geometry":{"type":"LineString","coordinates":[[-123.0628514,49.3774082],[-123.0628016,49.3773342],[-123.0627329,49.3772594],[-123.0626418,49.3771902],[-123.0625428,49.3771446],[-123.062442,49.37711],[-123.0621758,49.3770432],[-123.0620599,49.377009],[-123.0619894,49.376977],[-123.0619584,49.3769529],[-123.0619276,49.3769163],[-123.0619125,49.3768818],[-123.0619034,49.3768556],[-123.0619018,49.3768163],[-123.061907,49.3767773],[-123.0619191,49.3767388],[-123.0619398,49.3766943],[-123.0619654,49.3766587],[-123.0620834,49.3765322],[-123.0621723,49.3764275],[-123.0621962,49.37639],[-123.0622233,49.3763275],[-123.0622547,49.3762142],[-123.0622867,49.3759864],[-123.062377,49.3756727],[-123.0623891,49.3755544],[-123.0623852,49.3753868],[-123.0623761,49.3752704],[-123.0623777,49.3751288],[-123.0623809,49.3750391],[-123.06239,49.3749492],[-123.0624253,49.3746078],[-123.0624421,49.3745298],[-123.0624723,49.3744371],[-123.0625848,49.3741865],[-123.0625941,49.3741439],[-123.062597,49.374079],[-123.062586,49.3740096],[-123.0624768,49.3737743],[-123.0624412,49.3736764],[-123.0624163,49.3735586],[-123.0623961,49.3733858],[-123.0624008,49.373286],[-123.0624141,49.3731876],[-123.0624534,49.3729278],[-123.0624977,49.3727152],[-123.0625305,49.372576],[-123.0626022,49.3723059],[-123.062644,49.3721608],[-123.0627265,49.3718439],[-123.0628928,49.3713098],[-123.0628946,49.3711739],[-123.0628732,49.3710093],[-123.0628353,49.370804],[-123.0628212,49.3706286],[-123.0628302,49.3704983],[-123.0628439,49.370405],[-123.0628784,49.3702611],[-123.0629198,49.3700181],[-123.0629558,49.3697385],[-123.0629775,49.3694862],[-123.0629766,49.3693849],[-123.0629751,49.3692073],[-123.0629647,49.3690468],[-123.0629618,49.3688464],[-123.0629671,49.3687585],[-123.0629783,49.3686565],[-123.063032,49.3684303],[-123.0630585,49.3682975]]}},{"type":"Feature","id":"23710119","properties":{"kind":"path","name":"Grouse Mountain Highway","osmWayId":"23710119"},"geometry":{"type":"LineString","coordinates":[[-123.0770043,49.3806388],[-123.0769397,49.3807526],[-123.0769131,49.3807995],[-123.0767723,49.3809216],[-123.0767518,49.3809394],[-123.0766209,49.3810061],[-123.0761078,49.3812178],[-123.0759901,49.3812834],[-123.0759336,49.3813319],[-123.0759056,49.3813669],[-123.0759002,49.3814051],[-123.0759005,49.3814637],[-123.0759381,49.3815717],[-123.0759676,49.3816286],[-123.0759713,49.3816732],[-123.0759399,49.3817186],[-123.0758841,49.3817522],[-123.075817,49.3817685],[-123.0757527,49.381763],[-123.0756955,49.3817423],[-123.0756427,49.3816921],[-123.0756181,49.3816305],[-123.075613,49.3815633],[-123.0756288,49.3814898],[-123.0756666,49.3813594],[-123.0757752,49.3811219],[-123.0759643,49.3808783],[-123.0760398,49.3807741],[-123.0760693,49.3807311],[-123.0760802,49.3806976],[-123.0760754,49.3806489],[-123.0760442,49.3805583],[-123.0759609,49.3804191],[-123.0758568,49.3801853],[-123.0758342,49.379962],[-123.075831,49.3796844],[-123.075866,49.3794802],[-123.0758879,49.3793522],[-123.0758709,49.3792993],[-123.0758264,49.379258],[-123.0758155,49.3792549],[-123.0757582,49.3792387],[-123.0756956,49.3792384],[-123.0756438,49.3792553],[-123.0755849,49.3792948],[-123.0754859,49.3794746],[-123.075304,49.379777],[-123.0752503,49.3800039],[-123.0751906,49.3802493],[-123.0751474,49.3803393],[-123.0750623,49.3804428],[-123.0747809,49.3806829],[-123.0746487,49.3807584],[-123.074551,49.3807778],[-123.0744584,49.3807688],[-123.0743897,49.3807455],[-123.0743362,49.3807122],[-123.0743014,49.3806728],[-123.0742827,49.3806048],[-123.0742936,49.380518],[-123.0743241,49.3804768],[-123.0743465,49.3804464],[-123.0744319,49.3803794],[-123.0745594,49.3802792],[-123.0746131,49.3802191],[-123.074637,49.38017],[-123.0746472,49.3801045],[-123.0746401,49.3799736],[-123.0746262,49.3797951],[-123.0746424,49.3796473],[-123.0746907,49.3795239],[-123.0747099,49.3794749],[-123.0746864,49.3793282],[-123.0746175,49.3792296],[-123.0745817,49.3790302],[-123.0745628,49.3788426],[-123.0745414,49.3786032],[-123.0745005,49.3784314],[-123.0744407,49.3782938],[-123.0743828,49.378231],[-123.074293,49.3781854],[-123.0742183,49.3781711],[-123.0740814,49.3781773],[-123.0740223,49.378192],[-123.0739788,49.3782325],[-123.0739696,49.3782725],[-123.07398,49.378364],[-123.0740031,49.3784701],[-123.0739931,49.3785545],[-123.0739495,49.3786784],[-123.0738777,49.3788007],[-123.0738553,49.3788286],[-123.0738091,49.3788863],[-123.0737425,49.3789694],[-123.0736669,49.3791287],[-123.0736208,49.3793113],[-123.0735875,49.3794301],[-123.0733976,49.3796854]]}},{"type":"Feature","id":"23710154","properties":{"kind":"path","name":"","osmWayId":"23710154"},"geometry":{"type":"LineString","coordinates":[[-123.0663151,49.3783644],[-123.0662652,49.3783557],[-123.0661407,49.3783303],[-123.0660979,49.3782981],[-123.0659078,49.3782449],[-123.0657701,49.3781785],[-123.0655927,49.3781625],[-123.0654363,49.3781592],[-123.0653957,49.3781531],[-123.0650592,49.3778899],[-123.0650492,49.3778581],[-123.0650378,49.3778217],[-123.0650487,49.3777132],[-123.0650677,49.3776113],[-123.0651092,49.3774637],[-123.0651694,49.3771861],[-123.0651758,49.3770724],[-123.0651749,49.376999],[-123.0651238,49.3768712],[-123.0649504,49.3765661],[-123.0648208,49.3762387],[-123.0647768,49.3761301],[-123.0646244,49.3757535],[-123.0645999,49.375631],[-123.0646054,49.3755573],[-123.0646332,49.375398],[-123.0647169,49.3750251],[-123.064939,49.374516],[-123.0651886,49.373992],[-123.0653006,49.3735799],[-123.0655847,49.3730552],[-123.0658864,49.3724682],[-123.0658699,49.3722472],[-123.0658427,49.3718813]]}},{"type":"Feature","id":"23797776","properties":{"kind":"path","name":"Swordfern Place","osmWayId":"23797776"},"geometry":{"type":"LineString","coordinates":[[-123.0968264,49.3645878],[-123.0969683,49.3646348],[-123.0972661,49.3647705],[-123.0973185,49.3647951]]}},{"type":"Feature","id":"23797780","properties":{"kind":"path","name":"Staghorn Place","osmWayId":"23797780"},"geometry":{"type":"LineString","coordinates":[[-123.0978297,49.3647981],[-123.0977808,49.3646168]]}},{"type":"Feature","id":"23797782","properties":{"kind":"path","name":"Owl Court","osmWayId":"23797782"},"geometry":{"type":"LineString","coordinates":[[-123.0970034,49.3680963],[-123.0971631,49.3680977],[-123.0972615,49.3681082],[-123.097389,49.3681386],[-123.0975353,49.3681737],[-123.0976117,49.3681786],[-123.0977171,49.3681782],[-123.0978457,49.3681726],[-123.0980102,49.3681908],[-123.098038,49.368198],[-123.0981711,49.3682325],[-123.0982984,49.3682732],[-123.0983744,49.3682966],[-123.0984534,49.3683064],[-123.0985395,49.3683071],[-123.0985831,49.3682892],[-123.0986207,49.3682616],[-123.0986513,49.3682219],[-123.0986786,49.3681695]]}},{"type":"Feature","id":"23797784","properties":{"kind":"path","name":"Owl Court","osmWayId":"23797784"},"geometry":{"type":"LineString","coordinates":[[-123.0981377,49.368622],[-123.0980968,49.3685572],[-123.098057,49.3685176],[-123.0979946,49.3684724],[-123.0978322,49.3683747],[-123.0977408,49.3683022],[-123.0977263,49.3682626],[-123.0977225,49.3682199],[-123.0977171,49.3681782]]}},{"type":"Feature","id":"23797788","properties":{"kind":"path","name":"","osmWayId":"23797788"},"geometry":{"type":"LineString","coordinates":[[-123.0985787,49.3696671],[-123.0991603,49.3696429],[-123.0992324,49.3696296],[-123.0992913,49.3695984],[-123.0993497,49.3695274],[-123.0994173,49.3693799],[-123.0995298,49.3691591],[-123.0994106,49.3690573],[-123.0991877,49.3689825],[-123.0988415,49.3690084]]}},{"type":"Feature","id":"23946220","properties":{"kind":"wood","name":"","osmWayId":"23946220"},"geometry":{"type":"Polygon","coordinates":[[[-123.1013494,49.3644119],[-123.1014884,49.3645684],[-123.1014839,49.364753],[-123.1014351,49.364974],[-123.1012932,49.3651334],[-123.1013945,49.3653015],[-123.1014639,49.3651215],[-123.101558,49.3648771],[-123.1016525,49.3646318],[-123.1020056,49.3647131],[-123.1021383,49.3649412],[-123.1021397,49.3649435],[-123.1021493,49.3649391],[-123.1021618,49.3649355],[-123.1021778,49.3649324],[-123.1021765,49.3649301],[-123.1019847,49.3645992],[-123.1018127,49.3643027],[-123.1020016,49.3640136],[-123.1020421,49.3639514],[-123.1023593,49.3637929],[-123.1022194,49.3637603],[-123.1021282,49.3637388],[-123.1019225,49.3636863],[-123.1019223,49.3636885],[-123.1019124,49.3638519],[-123.1019009,49.3640402],[-123.1017081,49.3642547],[-123.1014155,49.3643613],[-123.1013098,49.3643256],[-123.1008803,49.3641806],[-123.1006234,49.3641963],[-123.1005457,49.3641935],[-123.1005422,49.3641934],[-123.1005395,49.3641933],[-123.100283,49.364184],[-123.1000272,49.3640285],[-123.0999838,49.3639082],[-123.0999294,49.3637571],[-123.1000182,49.3636293],[-123.1001478,49.3634428],[-123.1001735,49.3634058],[-123.1002808,49.3632514],[-123.1003923,49.3630909],[-123.100538,49.3630412],[-123.1007771,49.36296],[-123.1010194,49.3626376],[-123.1005426,49.3626966],[-123.1005364,49.3626973],[-123.1005211,49.3626992],[-123.1004712,49.3625159],[-123.1004206,49.3623302],[-123.1003709,49.3621479],[-123.1002385,49.3620426],[-123.1000344,49.3621662],[-123.0998271,49.3622917],[-123.0998224,49.3622945],[-123.0997272,49.3623472],[-123.0995931,49.3624076],[-123.0993513,49.3625165],[-123.099111,49.3626247],[-123.0988749,49.3627311],[-123.098726,49.3627981],[-123.0987992,49.3630912],[-123.0988615,49.3633402],[-123.0992455,49.3634051],[-123.0992788,49.3634459],[-123.0995035,49.3637215],[-123.0995582,49.3637943],[-123.0996195,49.3641927],[-123.0995496,49.3643509],[-123.0994055,49.364429],[-123.0992543,49.364511],[-123.0991099,49.3645893],[-123.099089,49.3646047],[-123.0989405,49.3647146],[-123.0986015,49.364495],[-123.098589,49.364505],[-123.0985848,49.3645081],[-123.0985358,49.3645414],[-123.0984867,49.3645684],[-123.0984896,49.3645703],[-123.0988321,49.3647912],[-123.0987737,49.3649557],[-123.0986183,49.3650371],[-123.0984097,49.3650861],[-123.0983564,49.3651003],[-123.0980806,49.3651895],[-123.097901,49.3653354],[-123.0978988,49.3653372],[-123.0981721,49.3655873],[-123.0982161,49.3656229],[-123.0982723,49.365664],[-123.0983404,49.3657039],[-123.0984133,49.3657368],[-123.0984898,49.3657652],[-123.0987259,49.3658468],[-123.0987589,49.3658577],[-123.0989416,49.3659099],[-123.0991286,49.3659486],[-123.0993215,49.3659728],[-123.0995155,49.366013],[-123.0997152,49.3659811],[-123.0999045,49.3659657],[-123.0998354,49.3658101],[-123.0997578,49.3656364],[-123.0997245,49.3655226],[-123.099715,49.3654093],[-123.0997006,49.3652387],[-123.0997295,49.3650099],[-123.099848,49.3648077],[-123.0998822,49.3647493],[-123.0999418,49.3646957],[-123.1000446,49.3646034],[-123.1001373,49.36452],[-123.100327,49.3643496],[-123.1004949,49.3642925],[-123.1005397,49.3642868],[-123.1005424,49.3642865],[-123.1005459,49.364286],[-123.1007357,49.3642618],[-123.1010072,49.3642763],[-123.1013494,49.3644119]]]}},{"type":"Feature","id":"23946239","properties":{"kind":"path","name":"Molina Crescent","osmWayId":"23946239"},"geometry":{"type":"LineString","coordinates":[[-123.0924125,49.3636606],[-123.0924184,49.3636474],[-123.092414,49.3636176],[-123.0923933,49.3635909],[-123.0923575,49.3635705],[-123.0923125,49.3635603],[-123.092265,49.363562],[-123.092222,49.3635753],[-123.0921899,49.3635981],[-123.0921734,49.3636272],[-123.0921759,49.3636605],[-123.0921989,49.3636903],[-123.0922385,49.3637115],[-123.0922879,49.3637203],[-123.0923385,49.3637154],[-123.0923778,49.3636999],[-123.0924057,49.3636762],[-123.0924125,49.3636606],[-123.0925315,49.3636937],[-123.0926159,49.3637245],[-123.0927152,49.3637674],[-123.0932338,49.364032]]}},{"type":"Feature","id":"23946241","properties":{"kind":"path","name":"Cortez Crescent","osmWayId":"23946241"},"geometry":{"type":"LineString","coordinates":[[-123.0956715,49.3635626],[-123.0955515,49.3635293],[-123.095478,49.3635284],[-123.0954071,49.363534],[-123.0953356,49.3635524],[-123.0952563,49.3635831],[-123.0947091,49.363848]]}},{"type":"Feature","id":"23946589","properties":{"kind":"path","name":"","osmWayId":"23946589"},"geometry":{"type":"LineString","coordinates":[[-123.09954,49.369658],[-123.0994105,49.3696249],[-123.0992913,49.3695984]]}},{"type":"Feature","id":"23946591","properties":{"kind":"path","name":"","osmWayId":"23946591"},"geometry":{"type":"LineString","coordinates":[[-123.0996725,49.3692004],[-123.0995298,49.3691591]]}},{"type":"Feature","id":"23946596","properties":{"kind":"path","name":"","osmWayId":"23946596"},"geometry":{"type":"LineString","coordinates":[[-123.0984761,49.3693229],[-123.0987628,49.3693854],[-123.0990936,49.3693187],[-123.0994173,49.3693799]]}},{"type":"Feature","id":"38556750","properties":{"kind":"lift","name":"Screaming Eagle Chair","osmWayId":"38556750"},"geometry":{"type":"LineString","coordinates":[[-123.078756,49.3712493],[-123.0788679,49.3718252],[-123.0789212,49.3720903],[-123.0790594,49.372778],[-123.0791918,49.3734369],[-123.079302,49.3739853],[-123.0794227,49.3745861],[-123.0795024,49.3749827],[-123.0796297,49.3756159],[-123.0797369,49.3761495],[-123.0798391,49.3766584],[-123.0799815,49.3773671],[-123.0801058,49.3779852],[-123.0803149,49.379026],[-123.0804923,49.3797647],[-123.0805686,49.3801147]]}},{"type":"Feature","id":"39504230","properties":{"kind":"lift","name":"Olympic Express","osmWayId":"39504230"},"geometry":{"type":"LineString","coordinates":[[-123.068719,49.3810821],[-123.069451,49.3815923],[-123.0703036,49.3821866],[-123.0714924,49.3830153],[-123.0727338,49.3838805],[-123.0737574,49.384594],[-123.0743525,49.3850087],[-123.0754315,49.3857608],[-123.0757413,49.3859767],[-123.0758762,49.3860708],[-123.0761288,49.3862477]]}},{"type":"Feature","id":"39517415","properties":{"kind":"path","name":"","osmWayId":"39517415"},"geometry":{"type":"LineString","coordinates":[[-123.098944,49.3722371],[-123.0990773,49.3721738],[-123.0991514,49.37224]]}},{"type":"Feature","id":"39517417","properties":{"kind":"path","name":"","osmWayId":"39517417"},"geometry":{"type":"LineString","coordinates":[[-123.0982659,49.3720119],[-123.0983161,49.3719582],[-123.0985474,49.3717269]]}},{"type":"Feature","id":"39838239","properties":{"kind":"path","name":"Heaven's Sake","osmWayId":"39838239"},"geometry":{"type":"LineString","coordinates":[[-123.0762872,49.3863074],[-123.0762135,49.3863723],[-123.0761662,49.3864487],[-123.076064,49.3866651],[-123.0759114,49.3868419],[-123.0757654,49.3871382],[-123.0757305,49.3872082],[-123.0756811,49.3872704],[-123.0755738,49.3873502],[-123.0753767,49.3874149],[-123.0752028,49.3874506],[-123.0750202,49.3874677],[-123.0749011,49.3874572],[-123.07487,49.3874552],[-123.0747613,49.3873985],[-123.0746646,49.3873253],[-123.074641,49.3872524],[-123.0746119,49.3871853],[-123.0746206,49.3871212],[-123.074707,49.3869234],[-123.0747788,49.3867743],[-123.0747748,49.3866037],[-123.0747508,49.3864649],[-123.0747444,49.3864277],[-123.0747107,49.3860827],[-123.0747044,49.385989],[-123.0747224,49.3859133],[-123.0747616,49.3857487],[-123.0748836,49.385519],[-123.0749265,49.3854382],[-123.0750674,49.3852081],[-123.0751968,49.3851043],[-123.075329,49.3850055],[-123.075457,49.3849061],[-123.0755892,49.3847771],[-123.0756375,49.384719],[-123.0756848,49.3846189],[-123.075696,49.3845158],[-123.0757225,49.3843794],[-123.075735,49.3842784],[-123.0757502,49.3842178],[-123.0757989,49.3840959],[-123.0758803,49.3839887],[-123.076015,49.3839038],[-123.0762338,49.383792],[-123.0764752,49.3836496],[-123.0767162,49.3835051],[-123.0767839,49.38346],[-123.0770474,49.3832835],[-123.0771864,49.3832043],[-123.0773638,49.3831361],[-123.077487,49.3830894],[-123.0776051,49.3830744],[-123.0777704,49.383067]]}},{"type":"Feature","id":"39838288","properties":{"kind":"lift","name":"Greenway Chair","osmWayId":"39838288"},"geometry":{"type":"LineString","coordinates":[[-123.080425,49.3815946],[-123.080669,49.3811167],[-123.080937,49.380596],[-123.081106,49.3802665],[-123.0811828,49.3801178],[-123.08123,49.3800265]]}},{"type":"Feature","id":"39838290","properties":{"kind":"lift","name":"Peak Chair","osmWayId":"39838290"},"geometry":{"type":"LineString","coordinates":[[-123.0803579,49.381948],[-123.080047,49.3822994],[-123.079864,49.3825061],[-123.079374,49.3830612],[-123.078609,49.3839272],[-123.0784039,49.3841592],[-123.07792,49.3847065],[-123.077196,49.3855259],[-123.076765,49.3860136],[-123.07673,49.386053],[-123.0766262,49.3862316]]}},{"type":"Feature","id":"39876710","properties":{"kind":"path","name":"Skyline Trail","osmWayId":"39876710"},"geometry":{"type":"LineString","coordinates":[[-123.0798934,49.3584532],[-123.0798695,49.3585145],[-123.0798899,49.3585876],[-123.0798819,49.3586276],[-123.0798041,49.3596294],[-123.0797137,49.3607302],[-123.0794482,49.3639598],[-123.0793481,49.3651766],[-123.0791628,49.3674304],[-123.079073,49.3685229],[-123.0789602,49.3692855],[-123.078899,49.369759],[-123.0788353,49.3698956],[-123.0788564,49.3701361],[-123.0788644,49.370455],[-123.0787891,49.3707549],[-123.078801,49.3707743],[-123.0788384,49.3708007],[-123.0788696,49.3708182],[-123.0788814,49.3708271],[-123.0788874,49.370836],[-123.0788899,49.3708439],[-123.0788837,49.3708539],[-123.0788745,49.3708654],[-123.0788745,49.3708744],[-123.0788802,49.3708994],[-123.0788921,49.3709115],[-123.0789146,49.3709226],[-123.0789275,49.3709341],[-123.078937,49.3709445],[-123.07894,49.3709529],[-123.0789759,49.370968],[-123.0789947,49.3709768],[-123.0790009,49.3709848],[-123.0790038,49.3709924],[-123.0790015,49.3710029],[-123.0789944,49.3710169],[-123.0789928,49.3710296],[-123.0789964,49.3710471],[-123.0789984,49.3710853],[-123.078992,49.3711054],[-123.0789857,49.3711183],[-123.0789864,49.3711394],[-123.078983,49.3711523],[-123.0790003,49.3711996]]}},{"type":"Feature","id":"39996485","properties":{"kind":"path","name":"","osmWayId":"39996485"},"geometry":{"type":"LineString","coordinates":[[-123.0787996,49.3819734],[-123.0786865,49.3820483],[-123.0785733,49.3820863],[-123.0784695,49.3822906],[-123.0783853,49.3824001],[-123.0782888,49.382663],[-123.0781908,49.3828926],[-123.0781812,49.3830027]]}},{"type":"Feature","id":"39996490","properties":{"kind":"path","name":"Alpine Trail","osmWayId":"39996490"},"geometry":{"type":"LineString","coordinates":[[-123.07773,49.3888758],[-123.0778107,49.3889626],[-123.0779172,49.3890215],[-123.0780637,49.3890778],[-123.0782334,49.3891353],[-123.0783898,49.3891526],[-123.0786279,49.3891475],[-123.0787941,49.3891593],[-123.0788871,49.3891731],[-123.0789419,49.3891985],[-123.0789525,49.389242],[-123.0789536,49.3893005],[-123.0789286,49.3893699],[-123.0788598,49.3894529],[-123.078698,49.389575],[-123.0786421,49.3896318],[-123.0786365,49.3896375],[-123.0785775,49.3897916],[-123.0785884,49.3898411],[-123.0786517,49.3899121],[-123.0787236,49.3899725],[-123.0787861,49.3899916],[-123.0789345,49.3899649],[-123.0790306,49.3899668],[-123.0791761,49.3899961],[-123.0792933,49.3899939],[-123.079366,49.3899748],[-123.0794556,49.3899278],[-123.0796436,49.3898082],[-123.0797788,49.3897476],[-123.0798471,49.3897356],[-123.0798751,49.3897421],[-123.0798858,49.3897634],[-123.0798718,49.3897913],[-123.079764,49.3899234],[-123.079758,49.3899503],[-123.0797671,49.3899693],[-123.0797945,49.3899883],[-123.0798442,49.3900098]]}},{"type":"Feature","id":"39996491","properties":{"kind":"path","name":"Goat Mountain Trail","osmWayId":"39996491"},"geometry":{"type":"LineString","coordinates":[[-123.0833005,49.3991543],[-123.0832401,49.3992232],[-123.0829905,49.3993606],[-123.082751,49.3994769],[-123.0826892,49.3995544],[-123.0825592,49.3996254],[-123.0825101,49.3996889],[-123.0824676,49.3997104],[-123.082389,49.3997269],[-123.0823189,49.3997534],[-123.0822955,49.3997823],[-123.0822762,49.399931],[-123.0823006,49.4000798],[-123.0822041,49.4002901],[-123.0822327,49.400457],[-123.0821182,49.4005288],[-123.081949,49.4006035],[-123.0819295,49.4006788],[-123.0819538,49.4007479],[-123.0819403,49.4008115],[-123.0818191,49.400955],[-123.0817856,49.401065],[-123.081719,49.4011574],[-123.0815581,49.4012261],[-123.0814806,49.401381],[-123.0813553,49.4014752],[-123.0813033,49.4015733],[-123.0813028,49.4016651],[-123.0812176,49.4017146],[-123.0810429,49.4018357],[-123.080978,49.4019169],[-123.0809477,49.4020041],[-123.0808676,49.402156],[-123.0807509,49.4022614],[-123.080604,49.4023271],[-123.0804382,49.4023713],[-123.0803097,49.4024797],[-123.0802118,49.4025158],[-123.0801105,49.4025793],[-123.0799944,49.4025963],[-123.079923,49.4025715],[-123.079832,49.402512],[-123.0797407,49.4024993],[-123.0795929,49.4025375],[-123.079507,49.40262],[-123.0793693,49.4026507],[-123.0792433,49.402671],[-123.0791733,49.402704],[-123.0790084,49.4027626],[-123.0788425,49.4027733],[-123.0787056,49.4028047],[-123.0787068,49.4028622],[-123.0786069,49.40295],[-123.0784989,49.4030218],[-123.0784006,49.4031025],[-123.0782807,49.4031205],[-123.078115,49.4031705],[-123.0779648,49.4032021],[-123.0778209,49.4032599],[-123.0776978,49.4033268],[-123.0775634,49.403336],[-123.0774656,49.4033842],[-123.0773671,49.4034216],[-123.0772805,49.4034229],[-123.077215,49.4034655],[-123.0771225,49.4035888],[-123.0772996,49.4035816],[-123.0774118,49.403602],[-123.0774659,49.4036435],[-123.0775335,49.4036621],[-123.0776487,49.4036808],[-123.077708,49.403728],[-123.0777168,49.4037798],[-123.0778042,49.4037999],[-123.077883,49.4037768],[-123.0779963,49.4037388],[-123.0780612,49.4036764],[-123.0781438,49.4036629],[-123.0783415,49.4036592],[-123.0784135,49.4036597],[-123.078464,49.4036739],[-123.0786249,49.4036619],[-123.078787,49.40366]]}},{"type":"Feature","id":"39996503","properties":{"kind":"path","name":"","osmWayId":"39996503"},"geometry":{"type":"LineString","coordinates":[[-123.0833005,49.3991543],[-123.0834191,49.3992271],[-123.0834269,49.399276],[-123.0833619,49.3994328],[-123.0832911,49.3994949],[-123.0830937,49.3995773],[-123.0830109,49.3996873],[-123.082971,49.3997927],[-123.0829165,49.3998953],[-123.0829319,49.4000529],[-123.0828548,49.4002778],[-123.0830354,49.4005727],[-123.0831497,49.4007248],[-123.0831642,49.4008447],[-123.0831027,49.4011893],[-123.0830521,49.4012699],[-123.0830898,49.401385],[-123.0831811,49.4014605],[-123.083257,49.4015916],[-123.0834922,49.4017043],[-123.0834973,49.401909],[-123.0834767,49.4020312],[-123.0835334,49.4021223],[-123.083643,49.4021866],[-123.0837419,49.4022441],[-123.0837493,49.4023096],[-123.0837565,49.4024103],[-123.0837109,49.4025423],[-123.0838696,49.4029129],[-123.0838851,49.4032125],[-123.0839348,49.4032946],[-123.0839482,49.4034682],[-123.0839895,49.4035385],[-123.0841362,49.4035551],[-123.0842883,49.4037242],[-123.0844687,49.4039561],[-123.0845348,49.4041438]]}},{"type":"Feature","id":"39996505","properties":{"kind":"path","name":"BCMC","osmWayId":"39996505"},"geometry":{"type":"LineString","coordinates":[[-123.0953078,49.3703593],[-123.0950519,49.3704548],[-123.0949493,49.3704925],[-123.0948209,49.3705218],[-123.0946266,49.3706515],[-123.0944814,49.3707515],[-123.094324,49.3707829],[-123.0941474,49.3708826],[-123.0939185,49.37095],[-123.0936435,49.3711615],[-123.0934143,49.3712492],[-123.0932241,49.3712941],[-123.093141,49.3713536],[-123.0930735,49.3714642],[-123.0930103,49.3714775],[-123.0927878,49.3714197],[-123.0926801,49.3714629],[-123.0926223,49.37147],[-123.092486,49.3714515],[-123.0924176,49.3714828],[-123.0922856,49.371687],[-123.0921799,49.3717211],[-123.0921072,49.3718353],[-123.0919744,49.3718589],[-123.0918618,49.3719702],[-123.0917872,49.3719893],[-123.0916926,49.3719656],[-123.0915283,49.3719243],[-123.0912938,49.3718969],[-123.0911668,49.3718704],[-123.0909985,49.3717461],[-123.0909034,49.3717428],[-123.0908454,49.3718854],[-123.090764,49.3719686],[-123.0906398,49.3719929],[-123.0905515,49.3720322],[-123.0904812,49.3721356],[-123.0903613,49.3721827],[-123.0902496,49.3721723],[-123.0901067,49.3720955],[-123.0900142,49.3720903],[-123.0899095,49.3721],[-123.0898108,49.3720716],[-123.0895016,49.371893],[-123.0894339,49.3718064],[-123.0894452,49.3716905],[-123.0893661,49.3716044],[-123.0891808,49.37154],[-123.0890708,49.3715627],[-123.0889341,49.3715036],[-123.0888242,49.3715281],[-123.0887499,49.3715967],[-123.088696,49.3716153],[-123.0886502,49.3716106],[-123.088563,49.3715673],[-123.0884897,49.3714738],[-123.0884499,49.371446],[-123.0884197,49.3714463],[-123.088388,49.3714721],[-123.08835,49.371556],[-123.0883187,49.3716461],[-123.0882979,49.3717688],[-123.0882284,49.3718734],[-123.0881749,49.3719912],[-123.0881598,49.3720678],[-123.0881399,49.3721056],[-123.0881175,49.3721332],[-123.0880764,49.3721561],[-123.0880002,49.3721632],[-123.0879416,49.3721569],[-123.0878892,49.3721384],[-123.0877666,49.3720618],[-123.0877463,49.3720491],[-123.0876758,49.3719963],[-123.0876023,49.3718737],[-123.0875601,49.3718195],[-123.0874576,49.3717654],[-123.0872856,49.3716577],[-123.0870897,49.3715778],[-123.0869987,49.3715116],[-123.0869119,49.371474],[-123.0868555,49.3714839],[-123.0868095,49.3715076],[-123.0867457,49.3715875],[-123.086695,49.371649],[-123.086583,49.371859],[-123.086488,49.371966],[-123.0863566,49.3720984],[-123.0862656,49.3721037],[-123.0860817,49.3719855],[-123.086007,49.3719763],[-123.0858748,49.3720284],[-123.0856928,49.3719545],[-123.0855554,49.371964],[-123.085301,49.3718548],[-123.0849635,49.3718151],[-123.0848416,49.371926],[-123.0847749,49.3719261],[-123.0846679,49.3718933],[-123.0845795,49.3718966],[-123.0844198,49.3719479],[-123.0842363,49.3718986],[-123.0840116,49.3717679],[-123.0838828,49.3717199],[-123.0837261,49.3717335],[-123.0835802,49.3718014],[-123.0834673,49.3718978],[-123.0834257,49.3719682],[-123.0834418,49.3720523],[-123.08338,49.3721472],[-123.0833103,49.3721808],[-123.0830985,49.3721957],[-123.0830172,49.3722345],[-123.0829911,49.3723032],[-123.0829897,49.3723571],[-123.083118,49.3724804],[-123.0831427,49.3725716],[-123.0831842,49.3726931],[-123.0831778,49.3727922],[-123.083034,49.372937],[-123.0828852,49.373331],[-123.0828266,49.37339],[-123.0827411,49.3734162],[-123.0825327,49.3733607],[-123.0824675,49.3733827],[-123.0824071,49.373576],[-123.0823271,49.3736066],[-123.0821978,49.3736382],[-123.0819183,49.3739058],[-123.0816763,49.3740399],[-123.0816056,49.374129],[-123.081562,49.37442],[-123.0815874,49.3745117],[-123.0815645,49.3745785],[-123.0815459,49.3747859],[-123.0815284,49.3748707],[-123.0814276,49.3749598],[-123.0813756,49.3750431],[-123.081399,49.3751675],[-123.0814117,49.3752514],[-123.0812808,49.3753597],[-123.0812646,49.3754484],[-123.081326,49.375524],[-123.0813163,49.3756467],[-123.0813664,49.3757778],[-123.0813677,49.3759105],[-123.0814831,49.3760019],[-123.0815166,49.3761804],[-123.0816125,49.3762877],[-123.0816807,49.3763992],[-123.081752,49.3764655],[-123.0817653,49.3765726],[-123.0817429,49.3766762],[-123.0817853,49.3767743],[-123.0817604,49.3769236],[-123.0817436,49.3770209],[-123.0817491,49.3771014],[-123.0817458,49.3771846],[-123.081824,49.3772212],[-123.0819125,49.3772666],[-123.0821286,49.3773479],[-123.0822771,49.3774388],[-123.0823751,49.3774997],[-123.0823754,49.3775567],[-123.0822697,49.3777139],[-123.0822663,49.3777823],[-123.0823326,49.3778315],[-123.0824227,49.377885],[-123.0825356,49.3779657],[-123.0827323,49.3780291],[-123.0829116,49.3780354],[-123.0829408,49.3780711],[-123.0829305,49.3782723],[-123.0829679,49.3783441],[-123.0829894,49.3784409],[-123.0830462,49.3784936],[-123.0831736,49.3785569],[-123.0832404,49.3786673],[-123.0832609,49.3787972],[-123.0833173,49.378878],[-123.0832968,49.3789671]]}},{"type":"Feature","id":"39996506","properties":{"kind":"path","name":"","osmWayId":"39996506"},"geometry":{"type":"LineString","coordinates":[[-123.0900546,49.372495],[-123.0901463,49.3723446],[-123.0903613,49.3721827]]}},{"type":"Feature","id":"39996509","properties":{"kind":"path","name":"Flint and Feather","osmWayId":"39996509"},"geometry":{"type":"LineString","coordinates":[[-123.090437,49.3726938],[-123.090281,49.3729041],[-123.0901682,49.3729925],[-123.089744,49.3731853],[-123.0893542,49.3732907],[-123.089134,49.3733783],[-123.0887634,49.3734475],[-123.0887248,49.3734933],[-123.0887937,49.3736138],[-123.0889952,49.3737698],[-123.0890593,49.3739309],[-123.0888084,49.3740087],[-123.0885912,49.3740509],[-123.0886567,49.3741585],[-123.0886797,49.3742998],[-123.088653,49.3743991],[-123.0885662,49.3744729],[-123.0883858,49.3744833],[-123.0882569,49.3745452],[-123.0880735,49.3746509],[-123.0879454,49.3746723],[-123.0878095,49.3747605],[-123.0875753,49.3747256],[-123.0872205,49.3748896],[-123.0869995,49.3748122],[-123.0868439,49.3748558],[-123.0868435,49.3749296],[-123.0867321,49.3749792],[-123.0867144,49.3750569],[-123.0866159,49.3751487],[-123.0866025,49.3752362],[-123.0865436,49.3753122],[-123.0865605,49.3753962],[-123.0864758,49.3754848],[-123.0863558,49.3754569],[-123.0862508,49.3754555],[-123.0861674,49.3755334],[-123.0861632,49.3755863],[-123.0861391,49.375649],[-123.0858339,49.3756945],[-123.0858502,49.3757646],[-123.0859685,49.37592],[-123.0858562,49.3760154],[-123.0856258,49.3760875],[-123.0855673,49.3761486],[-123.0855222,49.3762446],[-123.0853853,49.3763551],[-123.0851322,49.3763825],[-123.0850456,49.3763488],[-123.0849634,49.3763973],[-123.0848751,49.3764954],[-123.0847388,49.3765016],[-123.0844899,49.3764994],[-123.0841906,49.3765227],[-123.0841528,49.3765478],[-123.0841203,49.3765567],[-123.0840763,49.3765515],[-123.0840241,49.3765329],[-123.0839484,49.3765252],[-123.083935,49.3765238],[-123.0839056,49.3765391],[-123.08388,49.3765612],[-123.0838796,49.3766026],[-123.0838843,49.3767588],[-123.0838796,49.3768035],[-123.083838,49.3768286],[-123.0837869,49.3768535],[-123.0837021,49.376863],[-123.0836204,49.3768843],[-123.083543,49.3769253],[-123.0834896,49.3769676],[-123.0834569,49.3769898],[-123.0834125,49.3769971],[-123.0833842,49.3770154],[-123.0833456,49.3770268],[-123.083305,49.3770243],[-123.0832666,49.3770125],[-123.083207,49.3770013],[-123.0830994,49.3770096],[-123.0830046,49.377022],[-123.0829352,49.3770373],[-123.0828915,49.3770512],[-123.0828707,49.3770901],[-123.0828747,49.3771251],[-123.0828605,49.3771609],[-123.0828449,49.3772226],[-123.0828096,49.3772929],[-123.0827796,49.3773525],[-123.0827422,49.3773849],[-123.0826846,49.3774078],[-123.08258,49.3774383],[-123.0823751,49.3774997]]}},{"type":"Feature","id":"40260761","properties":{"kind":"path","name":"Erik the Red Trail","osmWayId":"40260761"},"geometry":{"type":"LineString","coordinates":[[-123.061532,49.3875078],[-123.0615673,49.3876904],[-123.0617636,49.3880354],[-123.0618687,49.38824],[-123.0622934,49.3886143],[-123.0625246,49.3887726],[-123.0637711,49.3893976],[-123.0640385,49.3896156],[-123.0641544,49.3896598],[-123.0643193,49.3896527],[-123.0645858,49.3896134],[-123.0646817,49.3895922],[-123.0647923,49.3895989],[-123.0648571,49.3896212],[-123.0649133,49.389681],[-123.0649626,49.3897538],[-123.0650216,49.38977],[-123.0651089,49.3897674],[-123.0651987,49.389775],[-123.0653517,49.3898623],[-123.0654389,49.3898906],[-123.0655695,49.3898914],[-123.0656836,49.3898539],[-123.0657744,49.3898509],[-123.0658623,49.3898491],[-123.0661263,49.3899085],[-123.0662245,49.3899187],[-123.0663588,49.3898967],[-123.0665114,49.3899542],[-123.0665728,49.3899784],[-123.0666584,49.3899852],[-123.0667137,49.3899785],[-123.0667424,49.389951],[-123.0668071,49.3899353],[-123.0669438,49.3899399],[-123.067029,49.3899239],[-123.0670945,49.3898968],[-123.0671373,49.3898848],[-123.0671776,49.3898917],[-123.0673016,49.3899509],[-123.0673747,49.389957],[-123.0674654,49.3899474],[-123.0676096,49.3899477],[-123.0677949,49.3899943],[-123.0679748,49.3900707],[-123.0680483,49.3901438],[-123.0681163,49.3902311],[-123.0682175,49.3903433],[-123.0682404,49.3903916],[-123.0682343,49.3904744],[-123.0682433,49.3905927],[-123.0682274,49.3906196],[-123.0681356,49.3906487],[-123.0680767,49.3906763],[-123.068062,49.3907013],[-123.0680749,49.3907162],[-123.068151,49.3907308],[-123.0682357,49.3907416],[-123.0683205,49.390766],[-123.0684229,49.390824],[-123.068686,49.3909246],[-123.0693584,49.3910838],[-123.0696291,49.3911502],[-123.0697942,49.3911677],[-123.0699439,49.3912336],[-123.0699594,49.3912628],[-123.06995,49.3912803],[-123.0698667,49.3913259],[-123.069768,49.3913893],[-123.0696411,49.3914333],[-123.0695075,49.3914703],[-123.0695321,49.3915312],[-123.0696092,49.3915932],[-123.0699407,49.3917881],[-123.0703786,49.391881],[-123.0704582,49.3918783],[-123.0707172,49.3918034],[-123.0709652,49.3917768],[-123.0715271,49.39184],[-123.0719144,49.391872],[-123.0721729,49.3918927],[-123.0722639,49.3919295],[-123.0723132,49.3919729],[-123.0724421,49.3920199],[-123.0726114,49.3920691],[-123.072762,49.3921119],[-123.0728826,49.3921836],[-123.0729161,49.3923581],[-123.0733296,49.3926242],[-123.0736032,49.3927178],[-123.0738167,49.3928468],[-123.073836,49.3928945],[-123.0738182,49.3929478],[-123.0737757,49.3929904],[-123.0737146,49.39307],[-123.0737084,49.393137],[-123.0738795,49.3933523],[-123.0743107,49.3937594],[-123.0744696,49.3938692],[-123.074761,49.3940505],[-123.0752117,49.3941982],[-123.0756392,49.3942368],[-123.0758987,49.3943251],[-123.0762243,49.3943776],[-123.0764451,49.3944751],[-123.0764914,49.3945477],[-123.0764736,49.3946203],[-123.0763581,49.3947136],[-123.0763317,49.3947588],[-123.0763842,49.3949138],[-123.0763598,49.3950417],[-123.0762933,49.3952255]]}},{"type":"Feature","id":"40260762","properties":{"kind":"path","name":"","osmWayId":"40260762"},"geometry":{"type":"LineString","coordinates":[[-123.0744696,49.3938692],[-123.0744069,49.3939093],[-123.0743437,49.3939286],[-123.0742803,49.3939314],[-123.0741286,49.3939006],[-123.0740563,49.3938867],[-123.0739745,49.3938973],[-123.0739198,49.3939204],[-123.073905,49.393971],[-123.0738825,49.3939972],[-123.0737599,49.3940649],[-123.0736513,49.3941987],[-123.0734958,49.3942683],[-123.0734009,49.3943201],[-123.0732946,49.3943713]]}},{"type":"Feature","id":"40260763","properties":{"kind":"path","name":"Thunderbird Ridge Trail","osmWayId":"40260763"},"geometry":{"type":"LineString","coordinates":[[-123.070609,49.3938172],[-123.0708646,49.3939454],[-123.0714173,49.3940992],[-123.0716666,49.3941213],[-123.0718018,49.3941078],[-123.0719342,49.3940611],[-123.0720097,49.3940474],[-123.0720654,49.3940128],[-123.0721546,49.3940174],[-123.0724646,49.3941326],[-123.0725072,49.3942232],[-123.0725669,49.3942761],[-123.0726263,49.3942882],[-123.072732,49.3942876],[-123.0728559,49.3942947],[-123.0730664,49.3943233],[-123.0732946,49.3943713],[-123.0734752,49.3944185],[-123.0735705,49.3944141],[-123.073688,49.3943929],[-123.0737555,49.394392],[-123.0739396,49.3944369],[-123.0741922,49.3945438],[-123.0743334,49.3946414],[-123.0744521,49.3947269],[-123.0745107,49.3947366],[-123.0745915,49.3947286],[-123.0746519,49.3947399],[-123.0747081,49.3947644],[-123.0747852,49.3948162],[-123.0748433,49.3948251],[-123.0750012,49.3948341],[-123.0751666,49.3948431],[-123.075231,49.3948663],[-123.0753015,49.3949256],[-123.0753529,49.3949526],[-123.0755309,49.3949858],[-123.0755736,49.394989],[-123.075613,49.3949785],[-123.0756544,49.3949489],[-123.0757113,49.3949225],[-123.0757681,49.3949259],[-123.0758101,49.3949444],[-123.0758259,49.3949665],[-123.0758216,49.3950086],[-123.0758171,49.3950574],[-123.0758245,49.3950937],[-123.0758491,49.3951188],[-123.0759184,49.3951441],[-123.0760715,49.3951808],[-123.0762933,49.3952255],[-123.0767055,49.3953265],[-123.0770453,49.3954122],[-123.0770973,49.395451],[-123.077127,49.3955153],[-123.0772122,49.3955595],[-123.0773102,49.3955807],[-123.0773986,49.3955882],[-123.0774477,49.3955951],[-123.0775042,49.3956212],[-123.0775407,49.3956174],[-123.0775768,49.3956033],[-123.0776195,49.3955558],[-123.0776776,49.3955009],[-123.0777718,49.3954873],[-123.0778903,49.3954952],[-123.0780457,49.3955495],[-123.0781053,49.3955428],[-123.0782268,49.395518],[-123.0785623,49.3954237],[-123.0787386,49.3953247],[-123.0790796,49.3952058],[-123.0792201,49.3951468],[-123.0792632,49.395111],[-123.0792841,49.3950736],[-123.0792999,49.3950201],[-123.0793539,49.3949822],[-123.0795643,49.3949467]]}},{"type":"Feature","id":"40260811","properties":{"kind":"path","name":"","osmWayId":"40260811"},"geometry":{"type":"LineString","coordinates":[[-123.081214,49.376825],[-123.0810106,49.376691],[-123.0808604,49.3764046],[-123.0807531,49.3763487],[-123.0806388,49.3763538]]}},{"type":"Feature","id":"40261256","properties":{"kind":"path","name":"Old BCMC","osmWayId":"40261256"},"geometry":{"type":"LineString","coordinates":[[-123.0884197,49.3714463],[-123.0880339,49.3711058],[-123.0878796,49.3708926],[-123.087791,49.370652],[-123.0877887,49.3705155],[-123.0877438,49.3703426],[-123.087771,49.3702242],[-123.0877264,49.3701208],[-123.0877492,49.3699776],[-123.0877412,49.3698555],[-123.0876915,49.3697274],[-123.0876759,49.3696115],[-123.0876483,49.369555],[-123.0875802,49.3694972],[-123.0873266,49.3693578],[-123.0872222,49.3692939],[-123.0871198,49.3692314],[-123.0869488,49.3690839],[-123.0868425,49.3689091],[-123.0866986,49.368772],[-123.0865361,49.3686898],[-123.0861836,49.3685296],[-123.0859569,49.3684406],[-123.0857909,49.3683649],[-123.0855848,49.3683233],[-123.0854839,49.3682859],[-123.0853489,49.3682012],[-123.0850106,49.3680253],[-123.0848242,49.3679537],[-123.0846387,49.3679111],[-123.0844513,49.367889],[-123.0843012,49.3679153],[-123.0841258,49.3679341],[-123.0840188,49.3679261],[-123.0839802,49.3679012],[-123.0839516,49.367882],[-123.0839162,49.367841],[-123.08393,49.3677253],[-123.0839697,49.3675994],[-123.0839788,49.3673034],[-123.08399,49.3671961],[-123.0839596,49.3670556],[-123.0839504,49.3669885],[-123.0839583,49.3669231],[-123.084015,49.3668653],[-123.0840503,49.3667862],[-123.0840573,49.366685],[-123.0840287,49.3664919],[-123.0839913,49.3663181],[-123.0839679,49.3662203],[-123.0839031,49.3661274],[-123.0838651,49.3660469],[-123.083804,49.3659236],[-123.0837675,49.3657914],[-123.0836747,49.3656764],[-123.0836189,49.3656239],[-123.0835167,49.3655897],[-123.0833701,49.3655765],[-123.0832051,49.3655706],[-123.083048,49.3655979],[-123.0829519,49.3656292],[-123.0828988,49.3656402],[-123.0828706,49.3656385],[-123.0828453,49.3656228],[-123.0828366,49.3656157],[-123.0828375,49.3655742],[-123.0828819,49.3654871],[-123.0829662,49.3652366],[-123.0830221,49.3650869],[-123.0830585,49.3648694],[-123.0831842,49.3646205],[-123.0832621,49.3644555],[-123.0833406,49.3643276],[-123.0834725,49.3641984],[-123.0835777,49.3640698],[-123.083783,49.3636577]]}},{"type":"Feature","id":"40261257","properties":{"kind":"path","name":"Larsen Trail","osmWayId":"40261257"},"geometry":{"type":"LineString","coordinates":[[-123.0873061,49.3661162],[-123.0872512,49.3662284],[-123.0872205,49.3663446],[-123.0871744,49.366412],[-123.0870562,49.3664758],[-123.0870239,49.3665022],[-123.0870163,49.3665267],[-123.0870511,49.3666823],[-123.0870224,49.3668489],[-123.0869508,49.366951],[-123.0868581,49.3670354],[-123.0868535,49.3670726],[-123.0868756,49.3671929],[-123.0868716,49.3672365],[-123.0868238,49.3672798],[-123.0867526,49.3673325],[-123.0867312,49.367376],[-123.0867439,49.3674587],[-123.0867399,49.3675457],[-123.0867013,49.3676475],[-123.0866923,49.3676982],[-123.0866997,49.3677501],[-123.0867672,49.3678306],[-123.0868729,49.3679576],[-123.0869189,49.3680452],[-123.0869464,49.368145],[-123.0869362,49.3682524],[-123.0868979,49.3683263],[-123.0868296,49.3684003],[-123.0866796,49.3685177],[-123.0865765,49.3686175],[-123.0865361,49.3686898],[-123.0865003,49.368756],[-123.0864187,49.3688087],[-123.0862827,49.3688582],[-123.0860761,49.3688988],[-123.08587,49.3689259],[-123.0857515,49.3689273],[-123.0856606,49.3689094],[-123.0854533,49.368851],[-123.0854007,49.368847],[-123.085381,49.3688685],[-123.0853824,49.3688982],[-123.0853985,49.3689601],[-123.0853344,49.3690539],[-123.0852022,49.3691433],[-123.0851486,49.3691447],[-123.0850723,49.3691208],[-123.0849829,49.3691012],[-123.0849055,49.3691051],[-123.0848705,49.3691341],[-123.0848498,49.3691717],[-123.0848387,49.3692264],[-123.0848519,49.3693075],[-123.0848702,49.369354],[-123.0848681,49.3693852],[-123.0848037,49.3694215],[-123.0847019,49.3694557],[-123.0846824,49.3694838],[-123.084685,49.3695191],[-123.0847312,49.369609],[-123.084817,49.3697011],[-123.0848602,49.3697636],[-123.0848653,49.3698057],[-123.0848452,49.3698368],[-123.0847988,49.3698667],[-123.084661,49.3699228],[-123.0846089,49.3699778],[-123.0845788,49.3700274],[-123.0845869,49.3701054],[-123.0845843,49.3701698],[-123.084613,49.3702425],[-123.0846114,49.3702883],[-123.0845885,49.3703073],[-123.0845459,49.3703171],[-123.0844488,49.37032],[-123.0843915,49.3703378],[-123.0843562,49.3703621],[-123.0843286,49.3704213],[-123.0842698,49.3705716],[-123.0841843,49.3706921],[-123.0840654,49.3708058],[-123.0839426,49.3710437],[-123.0838751,49.371125],[-123.0837511,49.3711943],[-123.0836034,49.3712662],[-123.0834721,49.3713359],[-123.0833415,49.3714348],[-123.0832258,49.371471],[-123.0831666,49.371508],[-123.0831421,49.3715445],[-123.0831402,49.3716286],[-123.0830965,49.3716906],[-123.0830676,49.3717434],[-123.0830459,49.3718373],[-123.0830275,49.3718825],[-123.082937,49.3719355],[-123.0828497,49.3719822],[-123.0828358,49.3720168],[-123.0828424,49.3720581],[-123.0829001,49.3721137],[-123.0829675,49.3721891],[-123.0830172,49.3722345]]}},{"type":"Feature","id":"40261258","properties":{"kind":"path","name":"SIMIC","osmWayId":"40261258"},"geometry":{"type":"LineString","coordinates":[[-123.0793784,49.3717768],[-123.0794883,49.3718453],[-123.0797404,49.3720384],[-123.0800494,49.3723053],[-123.0801991,49.3724777],[-123.0802064,49.3725803],[-123.0801904,49.3726894],[-123.0802417,49.3727741],[-123.080257,49.3728404],[-123.080227,49.3729385],[-123.0802432,49.3730574],[-123.0802371,49.373134],[-123.0803063,49.3732601],[-123.0803177,49.3733041],[-123.080309,49.3734187],[-123.0803469,49.3736062],[-123.0803394,49.373682],[-123.0803672,49.3738081],[-123.0804984,49.3739174],[-123.0805767,49.3739693],[-123.0805907,49.3739936],[-123.0806115,49.3740459],[-123.0806225,49.3742093],[-123.0806384,49.3742626],[-123.0807064,49.3743236],[-123.0807119,49.3743474],[-123.0807011,49.3743786],[-123.0807181,49.3744347],[-123.0807599,49.3744997],[-123.0807654,49.3745507],[-123.0807901,49.374625],[-123.0807532,49.374693],[-123.0807582,49.3747563],[-123.0808108,49.3748247],[-123.0809235,49.3748927],[-123.0809611,49.3749614],[-123.0809628,49.3750687],[-123.0809438,49.3751638],[-123.0808934,49.3752466],[-123.0808956,49.3753241],[-123.0809105,49.3754155],[-123.0809638,49.37553],[-123.0810456,49.3756216],[-123.0810869,49.3756718],[-123.0811132,49.3757736],[-123.0812136,49.3759447],[-123.0812461,49.3760687],[-123.0812417,49.3761415],[-123.0812038,49.3762055],[-123.081176,49.3762772],[-123.0811868,49.376351],[-123.081101,49.3764718],[-123.081126,49.3766181],[-123.0811918,49.3766993],[-123.0811858,49.3767562],[-123.081214,49.376825],[-123.0813047,49.3769439],[-123.0814272,49.3770455],[-123.0815847,49.3771132],[-123.0817458,49.3771846]]}},{"type":"Feature","id":"40261259","properties":{"kind":"path","name":"","osmWayId":"40261259"},"geometry":{"type":"LineString","coordinates":[[-123.0828358,49.3720168],[-123.0827013,49.3720424],[-123.0825627,49.3720784],[-123.0824997,49.372145],[-123.0824827,49.3721822],[-123.0823169,49.3721693],[-123.0820215,49.372179],[-123.0817778,49.3721423],[-123.0814591,49.3720849],[-123.0813806,49.3720959],[-123.0813197,49.3721441],[-123.0812442,49.3721869],[-123.0811548,49.37218],[-123.0810005,49.3721427],[-123.0808767,49.3720717],[-123.0806792,49.3719091],[-123.0805056,49.3717785],[-123.0802927,49.3716849],[-123.0801281,49.3716022],[-123.0799262,49.3715394],[-123.0791644,49.3716432]]}},{"type":"Feature","id":"40262316","properties":{"kind":"path","name":"Jetboy","osmWayId":"40262316"},"geometry":{"type":"LineString","coordinates":[[-123.0789602,49.3692855],[-123.0787605,49.3691943],[-123.0787056,49.3691567],[-123.0786463,49.369141],[-123.0785587,49.3691238],[-123.0783869,49.3690317],[-123.078348,49.3689696],[-123.0783133,49.3688885],[-123.0783001,49.3688197],[-123.0782703,49.3686471],[-123.078279,49.3685639],[-123.0783281,49.3684902],[-123.0783781,49.3684426],[-123.0784246,49.3683964],[-123.0784502,49.3683347],[-123.0784714,49.3682559],[-123.0784512,49.3681925],[-123.0784487,49.3681483],[-123.0784893,49.3681078],[-123.078538,49.3680417],[-123.0785594,49.3679795],[-123.078542,49.3679317],[-123.0784908,49.3677515],[-123.0784159,49.3675467],[-123.0783775,49.367471],[-123.0782881,49.3673823],[-123.078261,49.3673393],[-123.078254,49.3672987],[-123.0782652,49.3672593],[-123.0782787,49.3672252],[-123.0783377,49.3671808],[-123.0784511,49.3671669],[-123.0785634,49.3671553],[-123.0786462,49.3671395],[-123.0786794,49.3671169],[-123.078696,49.3670819],[-123.0787047,49.3670314],[-123.0786815,49.3668515],[-123.0786657,49.3667295],[-123.0786608,49.3666646],[-123.0786638,49.3666357],[-123.0786726,49.3666178],[-123.0786953,49.3666043],[-123.0787308,49.3665844],[-123.078785,49.3665683],[-123.0788077,49.3665568],[-123.0788324,49.3665298],[-123.0788402,49.3664553],[-123.0788521,49.3664297],[-123.0788797,49.3664136],[-123.0789418,49.3663841],[-123.0789753,49.3663654],[-123.0789871,49.3663436],[-123.0789862,49.3662473],[-123.0789773,49.3661838],[-123.0789852,49.3661523],[-123.0790157,49.3661106],[-123.0790571,49.3660631],[-123.0790709,49.3660059],[-123.079065,49.3659058],[-123.0790364,49.3658088],[-123.0790246,49.3657607],[-123.0790226,49.3657241],[-123.0790414,49.3656862],[-123.0790631,49.3656213],[-123.079065,49.3655635],[-123.0790502,49.365491],[-123.0790374,49.3654204],[-123.079048,49.3653275],[-123.0790493,49.3653164],[-123.0790283,49.3652452],[-123.0789937,49.3651192],[-123.0789962,49.3650659],[-123.0790098,49.3650192],[-123.0791278,49.364885],[-123.0791627,49.3648094],[-123.0791706,49.3647592],[-123.0791654,49.364709],[-123.0791108,49.3646143],[-123.0791042,49.3645516],[-123.0791149,49.3643893],[-123.0791053,49.3643096],[-123.0790773,49.3642446],[-123.0790233,49.3641461],[-123.0789831,49.364058],[-123.0789708,49.3640027],[-123.0789803,49.3639663],[-123.0790155,49.3639194],[-123.0790653,49.3638513],[-123.0791018,49.3637639],[-123.0791447,49.3636503],[-123.0791605,49.3635779],[-123.0791609,49.3635309],[-123.0791148,49.3634631],[-123.0790404,49.363367],[-123.0790331,49.3633388],[-123.0790552,49.3632918],[-123.0791853,49.363179],[-123.0792099,49.3631483],[-123.0792188,49.3630894],[-123.0792004,49.3629713],[-123.0791863,49.3627287],[-123.0791813,49.362656],[-123.0791814,49.3625359],[-123.0792186,49.3624729],[-123.0792381,49.362424],[-123.0792469,49.3623855],[-123.0791897,49.3623212],[-123.0791357,49.3622193],[-123.0791301,49.3621174],[-123.0791758,49.3620154],[-123.0791919,49.3619398],[-123.0792142,49.3618109],[-123.0791971,49.3617412],[-123.0792245,49.3616623],[-123.079246,49.3615325],[-123.0792685,49.3614164],[-123.079262,49.3613385],[-123.0792191,49.3612766],[-123.0791655,49.361173],[-123.0791335,49.3610832],[-123.0791362,49.3610068],[-123.0791448,49.3609266],[-123.07918,49.3608187],[-123.0791987,49.3607116],[-123.0793205,49.3604034],[-123.0793374,49.3603159],[-123.0793109,49.3601469],[-123.0793182,49.3600828],[-123.0793446,49.3600431],[-123.0793558,49.3599982],[-123.0793318,49.3598704],[-123.0793217,49.3597876],[-123.0793165,49.3596751],[-123.0793407,49.3595872],[-123.0793649,49.359531],[-123.0793804,49.3594839],[-123.0793761,49.3594631],[-123.0793379,49.359427],[-123.0792671,49.3593753],[-123.0791766,49.3592594],[-123.079152,49.3592087],[-123.079149,49.3591436],[-123.0791518,49.3590707],[-123.079139,49.3590114],[-123.0791374,49.3589413]]}},{"type":"Feature","id":"40262317","properties":{"kind":"path","name":"","osmWayId":"40262317"},"geometry":{"type":"LineString","coordinates":[[-123.0784714,49.3682559],[-123.0786662,49.3683068],[-123.0787249,49.3684134],[-123.079073,49.3685229]]}},{"type":"Feature","id":"40262318","properties":{"kind":"path","name":"LGMH - Skyline connector","osmWayId":"40262318"},"geometry":{"type":"LineString","coordinates":[[-123.078542,49.3679317],[-123.0784069,49.3679644],[-123.0783038,49.3679884],[-123.0782219,49.3679894],[-123.0781385,49.3679778],[-123.078049,49.3679245],[-123.0779797,49.3678479],[-123.0776878,49.3676701],[-123.0775817,49.3676227],[-123.0773559,49.3675621],[-123.0770354,49.3675691]]}},{"type":"Feature","id":"40262320","properties":{"kind":"path","name":"","osmWayId":"40262320"},"geometry":{"type":"LineString","coordinates":[[-123.0790155,49.3639194],[-123.0790908,49.3639527],[-123.0794482,49.3639598]]}},{"type":"Feature","id":"40262321","properties":{"kind":"path","name":"","osmWayId":"40262321"},"geometry":{"type":"LineString","coordinates":[[-123.0790283,49.3652452],[-123.0793481,49.3651766]]}},{"type":"Feature","id":"40262322","properties":{"kind":"path","name":"","osmWayId":"40262322"},"geometry":{"type":"LineString","coordinates":[[-123.0790331,49.3633388],[-123.0789095,49.3632803],[-123.0784629,49.363025],[-123.0784461,49.3630031],[-123.0782005,49.3629997],[-123.0780962,49.3629544],[-123.0778859,49.3628631],[-123.0776836,49.3628233],[-123.0776041,49.3628076],[-123.077355,49.3628246],[-123.0772567,49.3627521]]}},{"type":"Feature","id":"40262323","properties":{"kind":"path","name":"","osmWayId":"40262323"},"geometry":{"type":"LineString","coordinates":[[-123.0784461,49.3630031],[-123.0784553,49.3629859],[-123.0784705,49.3629742],[-123.0785662,49.3629362],[-123.0786654,49.3629057],[-123.0789617,49.3628446],[-123.0790734,49.3627993],[-123.0790977,49.3627633],[-123.0791031,49.3627397],[-123.0790706,49.3627154],[-123.0789885,49.3626636],[-123.0789177,49.3626302],[-123.0788474,49.3625666],[-123.078792,49.362503],[-123.0786797,49.3623726],[-123.0785764,49.3622993],[-123.0784732,49.3622345],[-123.0783844,49.3621719],[-123.0783441,49.3621363],[-123.0782207,49.362096],[-123.0781895,49.3620699],[-123.0781185,49.3619708],[-123.0780144,49.3618829],[-123.0779026,49.3618187],[-123.0777792,49.3617592],[-123.0777131,49.3617278],[-123.0776964,49.3617055],[-123.0776874,49.3616288],[-123.0776377,49.3615164],[-123.0776436,49.3614881],[-123.0776532,49.3614676],[-123.0777919,49.3613997],[-123.0779261,49.3613108],[-123.0780867,49.3612138],[-123.0782503,49.3611461],[-123.0783299,49.3611147],[-123.0783666,49.3611002],[-123.0791448,49.3609266],[-123.0797137,49.3607302]]}},{"type":"Feature","id":"40262325","properties":{"kind":"path","name":"LGMH","osmWayId":"40262325"},"geometry":{"type":"LineString","coordinates":[[-123.0791374,49.3589413],[-123.0788326,49.3591261],[-123.0783579,49.3593738],[-123.0782858,49.3594114],[-123.0781186,49.3595272],[-123.0780549,49.3596082],[-123.0780056,49.3596506],[-123.0779838,49.3597001],[-123.0779396,49.3597511],[-123.0778852,49.359844],[-123.0777512,49.3599822],[-123.077686,49.3600292],[-123.0775872,49.3601414],[-123.0775387,49.3601869],[-123.0775046,49.3602377],[-123.0774102,49.3603318],[-123.0771468,49.3606094],[-123.0770135,49.3607585],[-123.0769383,49.360813],[-123.0769214,49.3608502],[-123.0769355,49.3608808],[-123.0769645,49.3609223],[-123.0768997,49.3610102],[-123.076873,49.36104],[-123.0767093,49.3611652],[-123.076559,49.361244],[-123.0764733,49.3612891],[-123.0762269,49.3615015],[-123.0759931,49.3616499],[-123.0757485,49.3617557],[-123.0754615,49.3619374],[-123.0752216,49.3622093],[-123.0750467,49.3624281],[-123.0749891,49.3625577],[-123.0750123,49.3627996],[-123.0749485,49.3630241],[-123.0750077,49.3633015],[-123.0750943,49.3636075],[-123.0751022,49.3638003],[-123.0753071,49.3642002],[-123.0754277,49.3643334],[-123.0754634,49.3644354],[-123.0754424,49.3645545],[-123.0752945,49.3647684],[-123.075133,49.3649805],[-123.0749606,49.3652142],[-123.0749014,49.365332],[-123.0748996,49.3654426],[-123.0749318,49.3655124],[-123.0749692,49.3655532],[-123.0750514,49.3656367],[-123.0750545,49.3657429],[-123.0750934,49.3658287],[-123.0751471,49.3658899],[-123.07522,49.3659155],[-123.0752945,49.3659236],[-123.075401,49.3659091],[-123.0754844,49.3659372],[-123.0755815,49.3660103],[-123.0756399,49.3660876],[-123.0757732,49.3661421],[-123.0759077,49.3662051],[-123.0761868,49.3664426],[-123.0763617,49.3665824],[-123.0765556,49.3668582],[-123.0768586,49.3670843],[-123.0770249,49.3672369],[-123.0770598,49.367304],[-123.0770645,49.3673734],[-123.0770354,49.3675691],[-123.0769847,49.3677927],[-123.0768735,49.3681287],[-123.0768327,49.3684105],[-123.0768373,49.3686516],[-123.0769221,49.3688181],[-123.0769329,49.3689268],[-123.0768938,49.3690307],[-123.0767702,49.3691682],[-123.0767122,49.3692566],[-123.0768681,49.3693215],[-123.0770153,49.3694079],[-123.0770643,49.3694607],[-123.0771221,49.369523],[-123.0772304,49.3696056],[-123.0773265,49.3696261],[-123.0774836,49.3696325],[-123.0776265,49.3696329],[-123.0777954,49.3696756],[-123.077969,49.3697527],[-123.0781007,49.3698305],[-123.0781901,49.3698533],[-123.0783363,49.3698474],[-123.0784657,49.3698234],[-123.0785275,49.3698183],[-123.0786941,49.369876],[-123.0788353,49.3698956]]}},{"type":"Feature","id":"40262328","properties":{"kind":"path","name":"Heritage Tree Trail","osmWayId":"40262328"},"geometry":{"type":"LineString","coordinates":[[-123.0790251,49.3583484],[-123.0788212,49.3584362],[-123.0785476,49.3586779],[-123.0781019,49.3589084],[-123.0778135,49.3589469],[-123.0774792,49.359203],[-123.0770204,49.3592243],[-123.0766206,49.3592969],[-123.0763256,49.3593268],[-123.0760372,49.3593951],[-123.0758078,49.3592798],[-123.075657,49.3593097],[-123.0755194,49.3595403],[-123.074851,49.3598506],[-123.073966,49.3602617],[-123.0737153,49.3605234],[-123.0735989,49.3606459],[-123.0732318,49.3608039],[-123.0729238,49.3609874],[-123.0729238,49.3611411],[-123.0728626,49.3612081],[-123.0727403,49.3613119],[-123.0729041,49.361615],[-123.0731597,49.3618882],[-123.0732198,49.3621636],[-123.073216,49.3622474],[-123.0732019,49.3623668],[-123.0731677,49.3624468],[-123.0731248,49.3626585],[-123.0730847,49.3627327],[-123.073033,49.3629559],[-123.0730094,49.3630402],[-123.0730458,49.3631464],[-123.0731297,49.3632718],[-123.0731761,49.3633531],[-123.0731919,49.363435],[-123.0731219,49.3636871],[-123.0730832,49.3637877],[-123.0733171,49.3639415],[-123.0735137,49.3639841],[-123.0738021,49.3642403],[-123.0737038,49.3647141],[-123.0738152,49.3649275],[-123.0741036,49.3650598],[-123.0741429,49.365269],[-123.0744838,49.3653544],[-123.0745952,49.3654995],[-123.0749692,49.3655532]]}},{"type":"Feature","id":"40262331","properties":{"kind":"path","name":"Upper Dreamweaver","osmWayId":"40262331"},"geometry":{"type":"LineString","coordinates":[[-123.076124,49.3695013],[-123.0759648,49.3694093],[-123.0756978,49.3691072],[-123.0755471,49.3690072],[-123.0754255,49.368916],[-123.0753404,49.3688801],[-123.0751548,49.3688628],[-123.0750038,49.368828],[-123.0748592,49.3687566],[-123.0747899,49.3686892],[-123.0747295,49.3686427],[-123.0746606,49.3686305],[-123.0745202,49.3686598],[-123.0743982,49.3686361],[-123.0742336,49.368667],[-123.0741311,49.3687111],[-123.0740119,49.3687332],[-123.0739518,49.3687243],[-123.0739154,49.3686975],[-123.0739017,49.3686512],[-123.0739201,49.3685884],[-123.0739032,49.3685246],[-123.0737488,49.3683753],[-123.0737054,49.3682813],[-123.0736546,49.3681168],[-123.0735885,49.3680037],[-123.0734677,49.3678719],[-123.0732704,49.3677673],[-123.0730087,49.3677132],[-123.0727756,49.3676169],[-123.0726449,49.3675355],[-123.0724775,49.3674708],[-123.0724295,49.3674069],[-123.0723423,49.3671052],[-123.0723322,49.3670346],[-123.0722959,49.367007],[-123.0722491,49.3669923],[-123.0721164,49.3669833],[-123.0720212,49.3669328],[-123.0719698,49.3668816],[-123.0719106,49.3667299],[-123.0718465,49.3666983],[-123.0717768,49.3666936],[-123.0717072,49.3666742],[-123.0716417,49.3666353],[-123.0714754,49.366347],[-123.0713035,49.3661843],[-123.0711736,49.3662188],[-123.0710896,49.3662284],[-123.070936,49.3660877],[-123.0708964,49.3660321],[-123.0708589,49.3659902],[-123.0708663,49.365961],[-123.0709081,49.3659189],[-123.0710207,49.3657934],[-123.0709505,49.3657576],[-123.0708039,49.3657552],[-123.0707243,49.3657863],[-123.0706468,49.3658663],[-123.0705851,49.3658996],[-123.0705678,49.3658993],[-123.0705356,49.3658941],[-123.0705128,49.3658915],[-123.0704697,49.3658881],[-123.0704085,49.3658892],[-123.070383,49.3658892],[-123.0703441,49.3658883],[-123.0703146,49.3658849],[-123.0702353,49.3658662],[-123.0701265,49.3658195],[-123.0700706,49.3657292],[-123.0700452,49.3656054],[-123.0700843,49.3655097],[-123.0700655,49.3653031],[-123.0701163,49.3652336]]}},{"type":"Feature","id":"40262353","properties":{"kind":"path","name":"","osmWayId":"40262353"},"geometry":{"type":"LineString","coordinates":[[-123.0938964,49.3652219],[-123.0938799,49.365429],[-123.0940562,49.3656952],[-123.093823,49.3657985],[-123.0937312,49.3659053],[-123.0936919,49.3661272],[-123.0935883,49.3663052]]}},{"type":"Feature","id":"40665487","properties":{"kind":"water","name":"Kennedy Lake","osmWayId":"40665487"},"geometry":{"type":"Polygon","coordinates":[[[-123.0759229,49.4002948],[-123.0762795,49.4003753],[-123.0765891,49.4002916],[-123.0769345,49.4002096],[-123.0772838,49.4000438],[-123.0773638,49.3999065],[-123.0774002,49.3994992],[-123.0770337,49.3990169],[-123.0768819,49.3987383],[-123.0768604,49.3985288],[-123.0765125,49.3983632],[-123.0762458,49.3980015],[-123.075602,49.3976105],[-123.0745291,49.3972474],[-123.0733275,49.3973032],[-123.0726409,49.3976663],[-123.072408,49.3978368],[-123.0722952,49.3979528],[-123.0721156,49.3981376],[-123.0723318,49.3982506],[-123.0721018,49.3984292],[-123.0721259,49.3986159],[-123.0725581,49.3988386],[-123.0726841,49.3989541],[-123.0729527,49.399176],[-123.0732632,49.3991137],[-123.073585,49.3992304],[-123.0742287,49.3993979],[-123.0745721,49.3995655],[-123.0753196,49.3999329],[-123.0759229,49.4002948]]]}},{"type":"Feature","id":"43675208","properties":{"kind":"path","name":"","osmWayId":"43675208"},"geometry":{"type":"LineString","coordinates":[[-123.0982079,49.3632861],[-123.0983395,49.3633146],[-123.0985582,49.3633566],[-123.0987675,49.3634053],[-123.0988515,49.3634344],[-123.0989341,49.3634762],[-123.0989788,49.3635149],[-123.0990155,49.3635467],[-123.0990883,49.3636407],[-123.0991565,49.3637334],[-123.0991985,49.3637915],[-123.0992221,49.3638402]]}},{"type":"Feature","id":"52828340","properties":{"kind":"wood","name":"","osmWayId":"52828340"},"geometry":{"type":"Polygon","coordinates":[[[-123.0763865,49.3778086],[-123.0758072,49.37762],[-123.0753673,49.377627],[-123.0753565,49.3779344],[-123.0755282,49.3781788],[-123.0759895,49.3783884],[-123.0761827,49.3783884],[-123.0761827,49.3783255],[-123.0763221,49.3783115],[-123.0763543,49.3781718],[-123.0763865,49.3778086]]]}},{"type":"Feature","id":"52828341","properties":{"kind":"wood","name":"","osmWayId":"52828341"},"geometry":{"type":"Polygon","coordinates":[[[-123.0772341,49.3779902],[-123.0774916,49.3782417],[-123.0779529,49.3784303],[-123.0779529,49.3782557],[-123.0778349,49.3780671],[-123.0775667,49.378081],[-123.0773092,49.3779344],[-123.0772341,49.3779902]]]}},{"type":"Feature","id":"52828342","properties":{"kind":"wood","name":"","osmWayId":"52828342"},"geometry":{"type":"Polygon","coordinates":[[[-123.0734254,49.3781369],[-123.0729962,49.378102],[-123.07261,49.3781788],[-123.0723525,49.3782696],[-123.0723847,49.3783744],[-123.0726636,49.3783954],[-123.0730177,49.3783046],[-123.0734254,49.3781369]]]}},{"type":"Feature","id":"52828343","properties":{"kind":"wood","name":"","osmWayId":"52828343"},"geometry":{"type":"Polygon","coordinates":[[[-123.073597,49.3787656],[-123.0733288,49.3786748],[-123.0730284,49.3787586],[-123.0729318,49.3788913],[-123.0732322,49.3792406],[-123.0734146,49.3793384],[-123.0735005,49.3789891],[-123.073597,49.3787656]]]}},{"type":"Feature","id":"52828344","properties":{"kind":"wood","name":"","osmWayId":"52828344"},"geometry":{"type":"Polygon","coordinates":[[[-123.0760789,49.3792611],[-123.0763203,49.3792768],[-123.0764571,49.3793571],[-123.0769184,49.3793327],[-123.0772832,49.3794025],[-123.0773664,49.3794811],[-123.0774039,49.3794287],[-123.0774871,49.3794043],[-123.0775139,49.3794584],[-123.0773342,49.3796086],[-123.0771866,49.3796068],[-123.0770624,49.3796317],[-123.077133,49.3797133],[-123.0771652,49.3799037],[-123.0770499,49.3799735],[-123.077125,49.3800923],[-123.0770901,49.3802163],[-123.0769766,49.3803232],[-123.0767307,49.3803734],[-123.0764938,49.3803372],[-123.076103,49.3803088],[-123.0759877,49.3802372],[-123.0759099,49.3799823],[-123.0759153,49.3796767],[-123.0759593,49.3795519],[-123.0759904,49.3794636],[-123.076044,49.3793589],[-123.0760065,49.379296],[-123.0760789,49.3792611]]]}},{"type":"Feature","id":"52828346","properties":{"kind":"wood","name":"","osmWayId":"52828346"},"geometry":{"type":"Polygon","coordinates":[[[-123.0777062,49.379506],[-123.0775943,49.3795213],[-123.0774161,49.3796688],[-123.0774594,49.3799321],[-123.077538,49.3800154],[-123.0773985,49.3800486],[-123.0772939,49.3801394],[-123.0772805,49.3803472],[-123.0773556,49.380438],[-123.0775434,49.3804153],[-123.0776185,49.380459],[-123.0777445,49.3804328],[-123.0779806,49.3804852],[-123.0780771,49.380431],[-123.0780181,49.3803437],[-123.0779833,49.3802372],[-123.0778518,49.3801307],[-123.0778679,49.3799945],[-123.0777553,49.379757],[-123.0778357,49.3797256],[-123.0778518,49.3796662],[-123.0777794,49.379626],[-123.0777821,49.379544],[-123.0777062,49.379506]]]}},{"type":"Feature","id":"52828347","properties":{"kind":"wood","name":"","osmWayId":"52828347"},"geometry":{"type":"Polygon","coordinates":[[[-123.0757248,49.3793239],[-123.075639,49.3793711],[-123.0755156,49.3795125],[-123.0753922,49.3797116],[-123.0753493,49.3798408],[-123.0753815,49.3801115],[-123.0756792,49.3802826],[-123.0757543,49.3802966],[-123.0757839,49.3802617],[-123.0757168,49.3801045],[-123.0757651,49.3799927],[-123.0757543,49.3796051],[-123.0757919,49.3794008],[-123.0757248,49.3793239]]]}},{"type":"Feature","id":"52828348","properties":{"kind":"wood","name":"","osmWayId":"52828348"},"geometry":{"type":"Polygon","coordinates":[[[-123.0781251,49.3759348],[-123.0777983,49.3761099],[-123.0778027,49.3761391],[-123.0775667,49.3764954],[-123.0775452,49.3768027],[-123.0777062,49.3770682],[-123.0780388,49.3770891],[-123.0781353,49.3773476],[-123.0780495,49.3775083],[-123.078189,49.3778156],[-123.0784138,49.3778916],[-123.0785721,49.3779989],[-123.0788268,49.3780328],[-123.0789335,49.3780722],[-123.0791331,49.3780661],[-123.0787254,49.3766993],[-123.0786039,49.3762623],[-123.078506,49.3757806],[-123.0784353,49.3757637],[-123.0783602,49.3757887],[-123.0781251,49.3759348]]]}},{"type":"Feature","id":"52828349","properties":{"kind":"wood","name":"","osmWayId":"52828349"},"geometry":{"type":"Polygon","coordinates":[[[-123.075378,49.3833895],[-123.0751742,49.3837457],[-123.0752922,49.3838924],[-123.0755282,49.3838854],[-123.0756677,49.3837387],[-123.0756462,49.383599],[-123.075378,49.3833895]]]}},{"type":"Feature","id":"52828350","properties":{"kind":"wood","name":"","osmWayId":"52828350"},"geometry":{"type":"Polygon","coordinates":[[[-123.0737687,49.3833965],[-123.0749274,49.3838644],[-123.0749274,49.3835571],[-123.0746484,49.3833406],[-123.0740262,49.3833196],[-123.0737687,49.3833965]]]}},{"type":"Feature","id":"52828351","properties":{"kind":"wood","name":"","osmWayId":"52828351"},"geometry":{"type":"Polygon","coordinates":[[[-123.0733288,49.3834314],[-123.0736142,49.3835501],[-123.0747857,49.3840359],[-123.0758715,49.384486],[-123.0751634,49.3843463],[-123.0747772,49.3843743],[-123.0745519,49.3841857],[-123.0741227,49.3840111],[-123.0737794,49.384039],[-123.073597,49.3837387],[-123.0734039,49.3835641],[-123.0733288,49.3834314]]]}},{"type":"Feature","id":"52828352","properties":{"kind":"wood","name":"","osmWayId":"52828352"},"geometry":{"type":"Polygon","coordinates":[[[-123.0750355,49.3809933],[-123.0753225,49.3809837],[-123.0755143,49.3810012],[-123.0756739,49.3809497],[-123.0757356,49.3810422],[-123.0755894,49.3814176],[-123.0754746,49.3814827],[-123.0752707,49.3814059],[-123.0752487,49.381312],[-123.0749765,49.3810815],[-123.0750355,49.3809933]]]}},{"type":"Feature","id":"52828353","properties":{"kind":"wood","name":"","osmWayId":"52828353"},"geometry":{"type":"Polygon","coordinates":[[[-123.0759904,49.3810082],[-123.0758777,49.3811068],[-123.0757718,49.3812893],[-123.0758072,49.381364],[-123.075871,49.3813347],[-123.0759582,49.3812579],[-123.0761191,49.3811837],[-123.076158,49.3810998],[-123.0761071,49.3810204],[-123.0759904,49.3810082]]]}},{"type":"Feature","id":"52828354","properties":{"kind":"wood","name":"","osmWayId":"52828354"},"geometry":{"type":"Polygon","coordinates":[[[-123.0763543,49.3849889],[-123.0756784,49.3848562],[-123.0752063,49.3851286],[-123.0752922,49.3854219],[-123.0759037,49.3858479],[-123.0760432,49.3854568],[-123.0760217,49.3852263],[-123.0763543,49.3851565],[-123.0763543,49.3849889]]]}},{"type":"Feature","id":"52828355","properties":{"kind":"wood","name":"","osmWayId":"52828355"},"geometry":{"type":"Polygon","coordinates":[[[-123.0749703,49.3856384],[-123.0752707,49.3857432],[-123.0752922,49.3860575],[-123.0750347,49.3865882],[-123.0748201,49.3864206],[-123.0748952,49.3859248],[-123.0749703,49.3856384]]]}},{"type":"Feature","id":"52828357","properties":{"kind":"wood","name":"","osmWayId":"52828357"},"geometry":{"type":"Polygon","coordinates":[[[-123.075528,49.3858785],[-123.0755389,49.3863019],[-123.0752814,49.3866022],[-123.0753244,49.3867698],[-123.0757535,49.386707],[-123.0759144,49.3865254],[-123.0759359,49.3862809],[-123.0759994,49.3862198],[-123.075528,49.3858785]]]}},{"type":"Feature","id":"52828358","properties":{"kind":"wood","name":"","osmWayId":"52828358"},"geometry":{"type":"Polygon","coordinates":[[[-123.0711508,49.3853311],[-123.07055,49.3854289],[-123.0706251,49.3858898],[-123.0707002,49.3860155],[-123.0711187,49.3860714],[-123.071698,49.3860365],[-123.0716766,49.3856803],[-123.0713869,49.3856244],[-123.0711508,49.3853311]]]}},{"type":"Feature","id":"52828359","properties":{"kind":"wood","name":"","osmWayId":"52828359"},"geometry":{"type":"Polygon","coordinates":[[[-123.0697132,49.3834174],[-123.0693484,49.3841997],[-123.0693806,49.3843952],[-123.0694879,49.3844232],[-123.0696273,49.3843324],[-123.0700458,49.3843952],[-123.0702818,49.3842066],[-123.0697132,49.3834174]]]}},{"type":"Feature","id":"52828360","properties":{"kind":"wood","name":"","osmWayId":"52828360"},"geometry":{"type":"Polygon","coordinates":[[[-123.0697561,49.3824256],[-123.0697239,49.3826491],[-123.0701423,49.3833965],[-123.0707431,49.3835292],[-123.0708397,49.3833546],[-123.0705286,49.383159],[-123.0702925,49.3827469],[-123.0701101,49.382712],[-123.0699921,49.3825374],[-123.0697561,49.3824256]]]}},{"type":"Feature","id":"52828361","properties":{"kind":"wood","name":"","osmWayId":"52828361"},"geometry":{"type":"Polygon","coordinates":[[[-123.0712825,49.3834153],[-123.0711535,49.3835635],[-123.0711294,49.3837806],[-123.070941,49.3837688],[-123.0707861,49.3839552],[-123.0715478,49.3848562],[-123.0715371,49.3851006],[-123.0724598,49.3859387],[-123.0727709,49.3859597],[-123.0743266,49.3852613],[-123.0744131,49.3851295],[-123.0741183,49.3848824],[-123.072441,49.383723],[-123.0717946,49.3836549],[-123.0714512,49.3834942],[-123.0712825,49.3834153]]]}},{"type":"Feature","id":"52828363","properties":{"kind":"wood","name":"","osmWayId":"52828363"},"geometry":{"type":"Polygon","coordinates":[[[-123.0730177,49.3839063],[-123.0742193,49.3847165],[-123.0741871,49.3845768],[-123.0740476,49.3843603],[-123.0735648,49.3841578],[-123.0730177,49.3839063]]]}},{"type":"Feature","id":"52828364","properties":{"kind":"wood","name":"","osmWayId":"52828364"},"geometry":{"type":"Polygon","coordinates":[[[-123.0743802,49.3854848],[-123.0735541,49.3858549],[-123.0740584,49.3861482],[-123.0745948,49.3864486],[-123.0746377,49.3862251],[-123.0746806,49.3859108],[-123.0744553,49.3856454],[-123.0743802,49.3854848]]]}},{"type":"Feature","id":"52828365","properties":{"kind":"wood","name":"","osmWayId":"52828365"},"geometry":{"type":"Polygon","coordinates":[[[-123.0748308,49.3849679],[-123.0749167,49.3847514],[-123.0747128,49.3846955],[-123.0746163,49.3848213],[-123.0748308,49.3849679]]]}},{"type":"Feature","id":"52828366","properties":{"kind":"wood","name":"","osmWayId":"52828366"},"geometry":{"type":"Polygon","coordinates":[[[-123.0731282,49.3814345],[-123.0733637,49.3813276],[-123.0735047,49.3813549],[-123.0739618,49.3815665],[-123.0749918,49.3819018],[-123.075116,49.3819834],[-123.075057,49.3820567],[-123.0747378,49.3820358],[-123.0740905,49.3818389],[-123.073597,49.3815735],[-123.0733722,49.381518],[-123.0731904,49.3815267],[-123.0731218,49.3814673],[-123.0731282,49.3814345]]]}},{"type":"Feature","id":"52828369","properties":{"kind":"wood","name":"","osmWayId":"52828369"},"geometry":{"type":"Polygon","coordinates":[[[-123.0708826,49.3805677],[-123.0711187,49.3804978],[-123.0715263,49.3805118],[-123.0717838,49.380435],[-123.0720628,49.380435],[-123.0729533,49.3805258],[-123.0729962,49.3808122],[-123.0726851,49.3807842],[-123.0719126,49.3805956],[-123.0715585,49.3806306],[-123.0712152,49.3806236],[-123.0710328,49.3806375],[-123.0708826,49.3805677]]]}},{"type":"Feature","id":"52828370","properties":{"kind":"wood","name":"","osmWayId":"52828370"},"geometry":{"type":"Polygon","coordinates":[[[-123.0715585,49.3800299],[-123.0710221,49.3802045],[-123.0707324,49.3801207],[-123.0704535,49.3800229],[-123.0700994,49.3802673],[-123.0702711,49.3803232],[-123.0709899,49.3803162],[-123.0717087,49.3801696],[-123.0715585,49.3800299]]]}},{"type":"Feature","id":"52828371","properties":{"kind":"wood","name":"","osmWayId":"52828371"},"geometry":{"type":"Polygon","coordinates":[[[-123.0716122,49.3797016],[-123.0724168,49.3796387],[-123.0724168,49.3795689],[-123.0714834,49.3794711],[-123.0710543,49.3796038],[-123.070668,49.3797505],[-123.0704857,49.3799181],[-123.071065,49.3797435],[-123.0713225,49.3797435],[-123.0716122,49.3797016]]]}},{"type":"Feature","id":"52828373","properties":{"kind":"wood","name":"","osmWayId":"52828373"},"geometry":{"type":"Polygon","coordinates":[[[-123.0733472,49.3799637],[-123.0733198,49.3801311],[-123.0735326,49.3801696],[-123.0735112,49.3800089],[-123.0734561,49.3798998],[-123.0733965,49.3798967],[-123.0733472,49.3799637]]]}},{"type":"Feature","id":"52828374","properties":{"kind":"wood","name":"","osmWayId":"52828374"},"geometry":{"type":"Polygon","coordinates":[[[-123.072095,49.3818529],[-123.0718482,49.3820065],[-123.0715263,49.3820694],[-123.0711401,49.3819577],[-123.0704964,49.3817481],[-123.0701531,49.3816573],[-123.0699707,49.3814687],[-123.0700136,49.3812592],[-123.0704964,49.3812592],[-123.0713332,49.3814198],[-123.0718053,49.3816224],[-123.0720735,49.3816503],[-123.072095,49.3818529]]]}},{"type":"Feature","id":"52828375","properties":{"kind":"wood","name":"","osmWayId":"52828375"},"geometry":{"type":"Polygon","coordinates":[[[-123.072449,49.3819367],[-123.0724168,49.3821462],[-123.0722452,49.3823139],[-123.0736292,49.3827609],[-123.0740154,49.3830193],[-123.0744875,49.3830472],[-123.0747665,49.3829983],[-123.0747986,49.3828377],[-123.0746163,49.3826142],[-123.0743158,49.3825025],[-123.0737043,49.3825025],[-123.0730606,49.382237],[-123.0728675,49.3820345],[-123.072449,49.3819367]]]}},{"type":"Feature","id":"52828376","properties":{"kind":"wood","name":"","osmWayId":"52828376"},"geometry":{"type":"Polygon","coordinates":[[[-123.0719865,49.3828231],[-123.0718797,49.3829438],[-123.0729855,49.3833126],[-123.0719865,49.3828231]]]}},{"type":"Feature","id":"52828377","properties":{"kind":"wood","name":"","osmWayId":"52828377"},"geometry":{"type":"Polygon","coordinates":[[[-123.0753064,49.3818699],[-123.075293,49.3817651],[-123.0750006,49.3815346],[-123.0747941,49.3814735],[-123.0746573,49.3813076],[-123.074348,49.3810706],[-123.0738867,49.380875],[-123.0735434,49.3805537],[-123.0733427,49.3804245],[-123.0732982,49.3804521],[-123.0732757,49.3806252],[-123.0732813,49.3807814],[-123.0735326,49.3810077],[-123.074112,49.3812243],[-123.0744642,49.3815032],[-123.0751616,49.3818228],[-123.0753064,49.3818699]]]}},{"type":"Feature","id":"52867695","properties":{"kind":"wood","name":"","osmWayId":"52867695"},"geometry":{"type":"Polygon","coordinates":[[[-123.0780074,49.3838613],[-123.0778961,49.3838762],[-123.0778103,49.3839539],[-123.0778089,49.3840691],[-123.0777365,49.3841276],[-123.0777352,49.3842114],[-123.077821,49.3842883],[-123.0779323,49.3842839],[-123.0778921,49.3843197],[-123.0778022,49.3843633],[-123.0777714,49.3844498],[-123.0778103,49.3844838],[-123.0777767,49.3845362],[-123.0778089,49.384627],[-123.0778746,49.3846619],[-123.07799,49.3845982],[-123.0781589,49.3843686],[-123.0781844,49.384194],[-123.0783373,49.3841442],[-123.0784607,49.3840351],[-123.07845,49.3839705],[-123.0783547,49.3839888],[-123.0782796,49.3839425],[-123.0781281,49.3839801],[-123.0780973,49.3839714],[-123.0780825,49.3839041],[-123.0780074,49.3838613]]]}},{"type":"Feature","id":"52867696","properties":{"kind":"wood","name":"","osmWayId":"52867696"},"geometry":{"type":"Polygon","coordinates":[[[-123.0784728,49.3835689],[-123.0785988,49.3835828],[-123.0786484,49.3836518],[-123.0786203,49.3837068],[-123.078631,49.3837592],[-123.0786659,49.3837758],[-123.0786887,49.3837479],[-123.0787034,49.3836981],[-123.0787987,49.3836763],[-123.0788952,49.3836178],[-123.0790575,49.383348],[-123.0789582,49.3831437],[-123.078737,49.3831254],[-123.07869,49.3832039],[-123.0785827,49.3832249],[-123.0786283,49.3833192],[-123.0785868,49.3833786],[-123.0785224,49.3833078],[-123.0784661,49.3833105],[-123.078399,49.3832755],[-123.0783816,49.3831856],[-123.0783172,49.3831367],[-123.0782783,49.3831856],[-123.0783221,49.3833737],[-123.0784728,49.3835689]]]}},{"type":"Feature","id":"52867697","properties":{"kind":"wood","name":"","osmWayId":"52867697"},"geometry":{"type":"Polygon","coordinates":[[[-123.0787624,49.3838989],[-123.0790092,49.3836571],[-123.0790964,49.3835305],[-123.0792157,49.3835043],[-123.0794384,49.3835444],[-123.0794652,49.3836475],[-123.0798447,49.3838055],[-123.0800003,49.3839268],[-123.0800378,49.3840578],[-123.0801398,49.3841748],[-123.0802578,49.3841224],[-123.0803517,49.3841922],[-123.0807942,49.3843022],[-123.0808076,49.3843406],[-123.080695,49.3844122],[-123.080408,49.3844716],[-123.0802631,49.3845502],[-123.0799305,49.3846043],[-123.0796677,49.3846829],[-123.0795899,49.3848365],[-123.0793995,49.3848907],[-123.0793056,49.3847964],[-123.0791232,49.3848025],[-123.0789904,49.3848391],[-123.0789113,49.3848147],[-123.0789194,49.3847719],[-123.0790119,49.3847326],[-123.0791178,49.3846672],[-123.0789229,49.3842327],[-123.0787343,49.3840403],[-123.0787624,49.3838989]]]}},{"type":"Feature","id":"52867700","properties":{"kind":"wood","name":"","osmWayId":"52867700"},"geometry":{"type":"Polygon","coordinates":[[[-123.0805001,49.3754876],[-123.0802962,49.3754946],[-123.0803391,49.3760814],[-123.0801889,49.3767031],[-123.0801996,49.377234],[-123.0803928,49.3776461],[-123.0803409,49.3776493],[-123.0802819,49.3776039],[-123.0802605,49.377672],[-123.0802068,49.3777034],[-123.0801675,49.3777928],[-123.0801398,49.3780072],[-123.0801585,49.3780858],[-123.080231,49.3781277],[-123.0803731,49.3781347],[-123.0804724,49.3780876],[-123.0805448,49.3779584],[-123.080534,49.3778099],[-123.0805421,49.3777401],[-123.0806065,49.3778658],[-123.0805796,49.3779968],[-123.080534,49.3781033],[-123.0806145,49.3781784],[-123.0805966,49.3783586],[-123.0806503,49.3785332],[-123.0803302,49.3786219],[-123.0802631,49.3786534],[-123.0803302,49.3787162],[-123.0805126,49.3787494],[-123.0809149,49.3787058],[-123.0812448,49.3786708],[-123.0814835,49.3786848],[-123.0815694,49.3786638],[-123.0816042,49.3787215],[-123.081623,49.3787686],[-123.0816874,49.3787774],[-123.0817544,49.3787267],[-123.0817518,49.3786796],[-123.0816954,49.3786254],[-123.0815238,49.3785713],[-123.0813092,49.3784159],[-123.0811322,49.3783722],[-123.0809185,49.3782329],[-123.0809042,49.3779968],[-123.0809525,49.3777191],[-123.080872,49.3774432],[-123.0806932,49.3769825],[-123.0806395,49.3765564],[-123.0806181,49.3761373],[-123.0805537,49.3756832],[-123.0805001,49.3754876]]]}},{"type":"Feature","id":"52867701","properties":{"kind":"wood","name":"","osmWayId":"52867701"},"geometry":{"type":"Polygon","coordinates":[[[-123.0779471,49.3809516],[-123.0778902,49.3809359],[-123.0775543,49.3809595],[-123.0774265,49.3810463],[-123.0772687,49.381064],[-123.0771786,49.3810181],[-123.0770478,49.3810105],[-123.0769572,49.3810126],[-123.0769497,49.3810482],[-123.0769703,49.3810967],[-123.0771848,49.3812715],[-123.0773124,49.3812587],[-123.0774419,49.3812178],[-123.0776014,49.381163],[-123.0778606,49.3810711],[-123.0779326,49.3810068],[-123.0779471,49.3809516]]]}},{"type":"Feature","id":"52867703","properties":{"kind":"wood","name":"","osmWayId":"52867703"},"geometry":{"type":"Polygon","coordinates":[[[-123.0763265,49.3811665],[-123.0762158,49.3812127],[-123.0760583,49.3812783],[-123.0759524,49.3814181],[-123.0760583,49.381397],[-123.0761871,49.3813342],[-123.0764553,49.381397],[-123.0765089,49.3813412],[-123.0763265,49.3811665]]]}},{"type":"Feature","id":"52867704","properties":{"kind":"wood","name":"","osmWayId":"52867704"},"geometry":{"type":"Polygon","coordinates":[[[-123.0760574,49.3817948],[-123.0758974,49.381886],[-123.0758885,49.3819747],[-123.0760521,49.3819956],[-123.0761218,49.3819755],[-123.0761848,49.3819048],[-123.0762693,49.3818891],[-123.0762894,49.3818489],[-123.0761875,49.3817878],[-123.0760574,49.3817948]]]}},{"type":"Feature","id":"52867705","properties":{"kind":"wood","name":"","osmWayId":"52867705"},"geometry":{"type":"Polygon","coordinates":[[[-123.0792721,49.3825614],[-123.0794129,49.3823885],[-123.0794343,49.3823265],[-123.0793002,49.3822296],[-123.0791836,49.3822025],[-123.0791715,49.3822584],[-123.0792546,49.3823178],[-123.0793163,49.3823964],[-123.0792815,49.3824549],[-123.0791929,49.3824252],[-123.0791567,49.3823387],[-123.0790924,49.3822558],[-123.079028,49.3822741],[-123.0789019,49.3823868],[-123.0789582,49.3825509],[-123.0791192,49.3826722],[-123.0792037,49.3826469],[-123.0792721,49.3825614]]]}},{"type":"Feature","id":"52867706","properties":{"kind":"wood","name":"","osmWayId":"52867706"},"geometry":{"type":"Polygon","coordinates":[[[-123.0740091,49.3795041],[-123.0740941,49.3795649],[-123.0741745,49.3795213],[-123.0742979,49.3793327],[-123.0744857,49.3793065],[-123.074491,49.3791703],[-123.0744642,49.3790236],[-123.0742952,49.3789415],[-123.074137,49.3789275],[-123.0741021,49.3789782],[-123.074204,49.3790498],[-123.074196,49.3791825],[-123.0741128,49.3791284],[-123.0740565,49.3790323],[-123.0738053,49.3789593],[-123.0737216,49.379164],[-123.0736862,49.3793814],[-123.073934,49.3793924],[-123.0740091,49.3795041]]]}},{"type":"Feature","id":"52867707","properties":{"kind":"wood","name":"","osmWayId":"52867707"},"geometry":{"type":"Polygon","coordinates":[[[-123.077335,49.388493],[-123.0771741,49.3882346],[-123.0773029,49.3880181],[-123.0775818,49.3877736],[-123.0777106,49.3875152],[-123.0778071,49.3868378],[-123.0779573,49.3864816],[-123.0785045,49.3861883],[-123.0788156,49.3859159],[-123.0790409,49.3855877],[-123.0787834,49.385015],[-123.0788174,49.3846864],[-123.0787571,49.3846349],[-123.0787745,49.3845353],[-123.0786552,49.3842507],[-123.0785573,49.384187],[-123.0785908,49.3840918],[-123.078509,49.3840552],[-123.0784647,49.3840988],[-123.0784151,49.3842839],[-123.078285,49.3844611],[-123.078226,49.3845432],[-123.0780007,49.3846689],[-123.0777105,49.3850461],[-123.0777535,49.3853991],[-123.077732,49.3855877],[-123.0774638,49.3857972],[-123.0769274,49.3860347],[-123.0766806,49.3862581],[-123.0763802,49.3864048],[-123.0760798,49.386768],[-123.0758652,49.3869984],[-123.075833,49.3871661],[-123.0758974,49.3872429],[-123.0761441,49.3872499],[-123.0763695,49.3871241],[-123.0765197,49.3870543],[-123.0768093,49.3871032],[-123.0770025,49.3872708],[-123.0770883,49.3875013],[-123.0770239,49.3877038],[-123.0767128,49.3879901],[-123.0765197,49.3882066],[-123.0766055,49.3883673],[-123.0769381,49.3884301],[-123.0771741,49.3885069],[-123.077335,49.388493]]]}},{"type":"Feature","id":"52867708","properties":{"kind":"wood","name":"","osmWayId":"52867708"},"geometry":{"type":"Polygon","coordinates":[[[-123.0815774,49.3788551],[-123.0812636,49.3787957],[-123.0809954,49.3788044],[-123.0808626,49.3788123],[-123.0808425,49.3788856],[-123.0808251,49.378904],[-123.0807862,49.3788411],[-123.0806073,49.3788615],[-123.0800821,49.3791074],[-123.0800888,49.3792017],[-123.0801974,49.3792637],[-123.0801317,49.3794243],[-123.0802108,49.3795309],[-123.0803543,49.3795282],[-123.0804026,49.3794261],[-123.0803959,49.3793126],[-123.0804496,49.3793143],[-123.0804777,49.3794034],[-123.0806212,49.3796898],[-123.0807433,49.3798059],[-123.080809,49.3798076],[-123.0808425,49.3797422],[-123.0808117,49.3796863],[-123.0809686,49.3796941],[-123.0809833,49.3796217],[-123.0809417,49.3795518],[-123.0808479,49.3795204],[-123.0807714,49.3794095],[-123.0805859,49.3792597],[-123.0807146,49.3791898],[-123.0808423,49.3790702],[-123.0809498,49.3790367],[-123.0810893,49.3790541],[-123.0812046,49.3790052],[-123.0812696,49.3789194],[-123.0815479,49.3789127],[-123.081615,49.378897],[-123.0815774,49.3788551]]]}},{"type":"Feature","id":"52867711","properties":{"kind":"wood","name":"","osmWayId":"52867711"},"geometry":{"type":"Polygon","coordinates":[[[-123.0767613,49.3724182],[-123.0766168,49.372587],[-123.0765185,49.372716],[-123.0764338,49.37284],[-123.0765948,49.372854],[-123.0767342,49.3727772],[-123.0769166,49.3726235],[-123.0768844,49.3724907],[-123.0767613,49.3724182]]]}},{"type":"Feature","id":"52867712","properties":{"kind":"wood","name":"","osmWayId":"52867712"},"geometry":{"type":"Polygon","coordinates":[[[-123.0751571,49.3770104],[-123.0747812,49.3773519],[-123.0747087,49.3775247],[-123.074846,49.3775134],[-123.0751142,49.3773178],[-123.0751571,49.3770104]]]}},{"type":"Feature","id":"52867713","properties":{"kind":"wood","name":"","osmWayId":"52867713"},"geometry":{"type":"Polygon","coordinates":[[[-123.0749819,49.3800801],[-123.0751356,49.3796858],[-123.0752429,49.3794552],[-123.0753931,49.3793016],[-123.0753225,49.3791406],[-123.0750811,49.3790498],[-123.0749846,49.3790637],[-123.0747941,49.3789921],[-123.0746815,49.3790061],[-123.0746734,49.3790882],[-123.074711,49.3792314],[-123.0748746,49.3794741],[-123.0747646,49.3795824],[-123.0747217,49.3797168],[-123.0747378,49.3799491],[-123.0748236,49.3800364],[-123.0749819,49.3800801]]]}},{"type":"Feature","id":"52867714","properties":{"kind":"wood","name":"","osmWayId":"52867714"},"geometry":{"type":"Polygon","coordinates":[[[-123.074508,49.379794],[-123.0745286,49.3797343],[-123.0744758,49.3796613],[-123.0744866,49.3795425],[-123.0745983,49.3794689],[-123.0745715,49.3793885],[-123.0744544,49.3793749],[-123.0743364,49.3794657],[-123.0742818,49.379647],[-123.0743578,49.3797311],[-123.0744293,49.379778],[-123.074508,49.379794]]]}},{"type":"Feature","id":"52867716","properties":{"kind":"wood","name":"","osmWayId":"52867716"},"geometry":{"type":"Polygon","coordinates":[[[-123.0794379,49.3724698],[-123.0790731,49.372344],[-123.079277,49.3732941],[-123.0795452,49.3741045],[-123.0795666,49.3745376],[-123.0797705,49.3748589],[-123.0799743,49.3749288],[-123.0802747,49.3748869],[-123.0800709,49.3745027],[-123.0797705,49.3739648],[-123.0796632,49.3735526],[-123.079513,49.3730915],[-123.0795345,49.3727911],[-123.0794379,49.3724698]]]}},{"type":"Feature","id":"52867717","properties":{"kind":"wood","name":"","osmWayId":"52867717"},"geometry":{"type":"Polygon","coordinates":[[[-123.080382,49.3750266],[-123.0801996,49.3750825],[-123.0801782,49.3752152],[-123.0802855,49.3753689],[-123.0804679,49.3753339],[-123.0804893,49.3751593],[-123.080382,49.3750266]]]}},{"type":"Feature","id":"52867718","properties":{"kind":"wood","name":"","osmWayId":"52867718"},"geometry":{"type":"Polygon","coordinates":[[[-123.0778715,49.3740018],[-123.077924,49.3739858],[-123.0778832,49.373781],[-123.0778167,49.3736063],[-123.0777685,49.3733689],[-123.0777339,49.3732346],[-123.077714,49.3730714],[-123.0776516,49.3730525],[-123.0775818,49.3730496],[-123.0773946,49.3730892],[-123.0772814,49.3731544],[-123.0772707,49.3733151],[-123.0774101,49.3735945],[-123.0778715,49.3740018]]]}},{"type":"Feature","id":"52867719","properties":{"kind":"wood","name":"","osmWayId":"52867719"},"geometry":{"type":"Polygon","coordinates":[[[-123.077378,49.3730147],[-123.0775174,49.3729588],[-123.0774853,49.3726724],[-123.0774638,49.3725117],[-123.0771956,49.3726165],[-123.0771527,49.3727283],[-123.077217,49.3728889],[-123.077378,49.3730147]]]}},{"type":"Feature","id":"52867721","properties":{"kind":"wood","name":"","osmWayId":"52867721"},"geometry":{"type":"Polygon","coordinates":[[[-123.0736658,49.3782049],[-123.0736658,49.3783376],[-123.0737838,49.3783446],[-123.073816,49.3782957],[-123.0737409,49.3782049],[-123.0736658,49.3782049]]]}},{"type":"Feature","id":"52867722","properties":{"kind":"wood","name":"","osmWayId":"52867722"},"geometry":{"type":"Polygon","coordinates":[[[-123.0758008,49.378631],[-123.0756184,49.3785402],[-123.0755326,49.3785472],[-123.0755541,49.378617],[-123.075715,49.378631],[-123.0758008,49.378631]]]}},{"type":"Feature","id":"52867723","properties":{"kind":"wood","name":"","osmWayId":"52867723"},"geometry":{"type":"Polygon","coordinates":[[[-123.0770346,49.3781071],[-123.0766591,49.3781281],[-123.0764231,49.3782329],[-123.0764338,49.3783516],[-123.0764446,49.3784564],[-123.0765948,49.3784913],[-123.0766484,49.3784075],[-123.0767986,49.3784215],[-123.0768952,49.3784983],[-123.0767771,49.3785751],[-123.0768952,49.378645],[-123.0772492,49.378638],[-123.0776784,49.3786659],[-123.0777106,49.3787358],[-123.0779251,49.3787847],[-123.078247,49.3788476],[-123.07785,49.378617],[-123.0775711,49.3784704],[-123.077335,49.3783307],[-123.0770346,49.3781071]]]}},{"type":"Feature","id":"52867724","properties":{"kind":"wood","name":"","osmWayId":"52867724"},"geometry":{"type":"Polygon","coordinates":[[[-123.0781183,49.379085],[-123.0780002,49.37912],[-123.0778822,49.379099],[-123.0778286,49.3790152],[-123.0779359,49.3790152],[-123.0781183,49.379085]]]}},{"type":"Feature","id":"52867725","properties":{"kind":"wood","name":"","osmWayId":"52867725"},"geometry":{"type":"Polygon","coordinates":[[[-123.0770589,49.3753506],[-123.0763813,49.3759074],[-123.0762357,49.3760567],[-123.0762085,49.3761093],[-123.0762866,49.3761299],[-123.0764065,49.3760911],[-123.0765411,49.3760604],[-123.0766591,49.3761443],[-123.0766699,49.376263],[-123.076584,49.3766053],[-123.0762944,49.3768568],[-123.0760798,49.3767241],[-123.0758759,49.3769127],[-123.0755541,49.3769127],[-123.075436,49.3768428],[-123.075479,49.3772619],[-123.0763909,49.3775413],[-123.0766699,49.3768079],[-123.0768308,49.3768009],[-123.0768522,49.376731],[-123.0767557,49.3766961],[-123.0769639,49.3762089],[-123.0769531,49.3760027],[-123.077039,49.3755659],[-123.0771283,49.3754052],[-123.07712,49.3753545],[-123.0770902,49.3753399],[-123.0770589,49.3753506]]]}},{"type":"Feature","id":"52867726","properties":{"kind":"wood","name":"","osmWayId":"52867726"},"geometry":{"type":"Polygon","coordinates":[[[-123.0771938,49.375215],[-123.077351,49.3746377],[-123.0774411,49.374454],[-123.0774361,49.3743502],[-123.0774085,49.3742832],[-123.0766601,49.3736475],[-123.0765932,49.3735562],[-123.0765238,49.3735344],[-123.0764624,49.3736334],[-123.0764231,49.3737412],[-123.0764049,49.373881],[-123.0763706,49.3739559],[-123.0762729,49.3740276],[-123.0761763,49.3740835],[-123.075833,49.3749148],[-123.0754575,49.3759068],[-123.0753073,49.3763818],[-123.0752966,49.3765564],[-123.0755219,49.3763957],[-123.0758298,49.3761366],[-123.0760423,49.376066],[-123.0762198,49.375953],[-123.0766443,49.3755831],[-123.0769507,49.3753107],[-123.0771938,49.375215]]]}},{"type":"Feature","id":"52867727","properties":{"kind":"wood","name":"","osmWayId":"52867727"},"geometry":{"type":"Polygon","coordinates":[[[-123.0751571,49.3778487],[-123.074846,49.3778277],[-123.0745456,49.3779674],[-123.0744704,49.3779991],[-123.074463,49.3780577],[-123.0745885,49.3780792],[-123.0749425,49.3780303],[-123.0752319,49.3780782],[-123.0751571,49.3778487]]]}},{"type":"Feature","id":"52867728","properties":{"kind":"wood","name":"","osmWayId":"52867728"},"geometry":{"type":"Polygon","coordinates":[[[-123.0742666,49.3778277],[-123.0731723,49.3777718],[-123.0725929,49.3777229],[-123.0722174,49.3778207],[-123.0718955,49.3780443],[-123.071917,49.3781351],[-123.0722818,49.3780024],[-123.072786,49.3779185],[-123.0737302,49.3780093],[-123.0740198,49.3780163],[-123.0742237,49.3779395],[-123.0742666,49.3778277]]]}},{"type":"Feature","id":"52867729","properties":{"kind":"wood","name":"","osmWayId":"52867729"},"geometry":{"type":"Polygon","coordinates":[[[-123.075082,49.3783097],[-123.0747816,49.3782957],[-123.0746099,49.3783376],[-123.0747923,49.3784005],[-123.0752,49.3785193],[-123.0751786,49.3784284],[-123.075082,49.3783097]]]}},{"type":"Feature","id":"53048581","properties":{"kind":"wood","name":"","osmWayId":"53048581"},"geometry":{"type":"Polygon","coordinates":[[[-123.1046899,49.3611641],[-123.1045075,49.3624777],[-123.1043573,49.3639032],[-123.10336,49.36536],[-123.1034717,49.3654261],[-123.1035627,49.365425],[-123.1036679,49.3653262],[-123.1038203,49.3653019],[-123.1039416,49.3653365],[-123.1040022,49.3654335],[-123.1039467,49.3655225],[-123.1038538,49.3655773],[-123.1037646,49.365578],[-123.1035329,49.3655325],[-123.1033909,49.3655196],[-123.1032623,49.3655038],[-123.1028767,49.3659853],[-123.1021144,49.3671703],[-123.1015676,49.3679146],[-123.1007953,49.3689616],[-123.0997628,49.3705063],[-123.0996421,49.3707177],[-123.0995026,49.3707561],[-123.0994275,49.3708452],[-123.0994061,49.3709412],[-123.0994919,49.3709657],[-123.0994999,49.371074],[-123.0996428,49.3711897],[-123.1030698,49.3740475],[-123.1054731,49.3758358],[-123.110065,49.3801247],[-123.1154294,49.3845669],[-123.1174565,49.3863339],[-123.1180881,49.3866288],[-123.1186466,49.3868507],[-123.1190813,49.3868661],[-123.1199046,49.3866447],[-123.1200106,49.3867569],[-123.1200264,49.3871077],[-123.1198582,49.3871606],[-123.1197105,49.3872483],[-123.1194352,49.3871306],[-123.1190183,49.3870158],[-123.1185526,49.3869834],[-123.118234,49.3867921],[-123.1177729,49.3865998],[-123.1194849,49.3881008],[-123.1231971,49.3908383],[-123.1235404,49.390992],[-123.1259008,49.3911177],[-123.1266947,49.3912154],[-123.1277462,49.3916484],[-123.1285401,49.3919417],[-123.1295486,49.3920395],[-123.1305786,49.3923467],[-123.1317373,49.3929054],[-123.13266,49.3934919],[-123.1336256,49.3943159],[-123.133926,49.3942601],[-123.1341405,49.3941064],[-123.1346984,49.393883],[-123.1352993,49.3937433],[-123.1357713,49.3937992],[-123.1362434,49.3939249],[-123.136694,49.3939249],[-123.1371661,49.3940366],[-123.13796,49.3944416],[-123.1386252,49.394707],[-123.1397839,49.3947349],[-123.1404491,49.394693],[-123.1414791,49.3943997],[-123.1418326,49.3943808],[-123.1422271,49.3944444],[-123.1433889,49.3933432],[-123.143106,49.3933076],[-123.1429407,49.3932632],[-123.1424798,49.3931688],[-123.1422403,49.3931849],[-123.1419766,49.3932358],[-123.1411323,49.3932099],[-123.1405229,49.3930403],[-123.1404329,49.3930133],[-123.1400169,49.392871],[-123.1393727,49.3925096],[-123.139038,49.3923308],[-123.1386174,49.3922359],[-123.1384114,49.3920292],[-123.1377198,49.3915623],[-123.1375096,49.3907785],[-123.1373053,49.3906903],[-123.1369644,49.390672],[-123.1363988,49.3906509],[-123.1359273,49.3905967],[-123.1351108,49.3903179],[-123.1348033,49.3902075],[-123.1346541,49.3902085],[-123.1343659,49.3901024],[-123.1339619,49.3899788],[-123.1337144,49.3898969],[-123.1335138,49.3899438],[-123.1332215,49.3899682],[-123.1328558,49.3899327],[-123.1324894,49.3898089],[-123.1318895,49.3894708],[-123.1315012,49.3891274],[-123.1313775,49.3889685],[-123.1313519,49.3889356],[-123.131,49.388394],[-123.13092,49.3878335],[-123.1309027,49.3876373],[-123.1307098,49.3875338],[-123.1303363,49.387398],[-123.1300751,49.3872478],[-123.1297888,49.387019],[-123.1295937,49.3868242],[-123.1293764,49.3867252],[-123.1291263,49.3866948],[-123.1288712,49.3865453],[-123.1284511,49.3863953],[-123.1281419,49.3862356],[-123.1277919,49.3860755],[-123.1274855,49.3858224],[-123.127232,49.3857821],[-123.126891,49.3858542],[-123.127007,49.385636],[-123.1271551,49.3853184],[-123.1270499,49.3850811],[-123.126275,49.3844644],[-123.1260633,49.3842135],[-123.125968,49.3840493],[-123.1258537,49.3838912],[-123.1254837,49.3837502],[-123.1250223,49.3838344],[-123.1239984,49.3841235],[-123.1243902,49.3837461],[-123.1244812,49.3835383],[-123.1245401,49.3833618],[-123.1244554,49.3828664],[-123.1249188,49.3826149],[-123.1252965,49.3825032],[-123.1256227,49.3822517],[-123.1251295,49.3820222],[-123.1246338,49.3816573],[-123.124411,49.3815094],[-123.1228566,49.3816301],[-123.1221811,49.3816342],[-123.1218881,49.3816603],[-123.1218374,49.3817355],[-123.1221917,49.3817873],[-123.1225805,49.3817984],[-123.1225505,49.3818945],[-123.1221689,49.381897],[-123.1221172,49.3820205],[-123.1220382,49.3820363],[-123.1218861,49.3820246],[-123.1215547,49.3819478],[-123.1211289,49.3818862],[-123.1208967,49.3818038],[-123.1208278,49.3817011],[-123.1208362,49.3816096],[-123.1205516,49.3814365],[-123.1203299,49.3812979],[-123.1202146,49.3812524],[-123.1201762,49.3811829],[-123.1199413,49.3811062],[-123.1198328,49.3810048],[-123.1195559,49.3809931],[-123.1194088,49.3809833],[-123.119348,49.3809288],[-123.1194203,49.3808478],[-123.1194943,49.3807095],[-123.119666,49.3805363],[-123.1196367,49.3803405],[-123.1195054,49.3801975],[-123.119469,49.3800632],[-123.1192875,49.3799769],[-123.1189794,49.3798601],[-123.1178464,49.3792064],[-123.1177606,49.3790433],[-123.1176199,49.3790098],[-123.1174258,49.3790611],[-123.1169881,49.3791728],[-123.1169103,49.379045],[-123.1167907,49.3790443],[-123.1163829,49.3788676],[-123.115672,49.3787278],[-123.1153007,49.3783854],[-123.1146892,49.3781479],[-123.1146164,49.3779953],[-123.1145025,49.3777105],[-123.113906,49.3773866],[-123.1126024,49.3764656],[-123.1124991,49.3763452],[-123.1124378,49.3762974],[-123.1120614,49.3760043],[-123.1121038,49.3758597],[-123.1123612,49.3751891],[-123.1122331,49.3750152],[-123.1123361,49.3749369],[-123.1116326,49.3743859],[-123.1112547,49.3744262],[-123.1111046,49.3743627],[-123.1109531,49.374193],[-123.1107697,49.3739592],[-123.110745,49.3738239],[-123.1107195,49.3736633],[-123.1106658,49.3733629],[-123.1101294,49.3730136],[-123.1101302,49.3728859],[-123.1097005,49.3718918],[-123.1096066,49.3717737],[-123.1094007,49.3717123],[-123.1091775,49.3717179],[-123.1089372,49.3718352],[-123.1088684,49.3718036],[-123.1087913,49.3717682],[-123.1087569,49.371567],[-123.1085509,49.3715222],[-123.1085338,49.3713099],[-123.1090573,49.3709689],[-123.1091174,49.3706113],[-123.1092462,49.37022],[-123.1090573,49.3700188],[-123.1091346,49.3697897],[-123.1087483,49.3693314],[-123.1085455,49.3692234],[-123.1084136,49.3691637],[-123.1081475,49.3688172],[-123.1074952,49.3686607],[-123.1068858,49.3686104],[-123.106563,49.36818],[-123.1062506,49.3678625],[-123.1063193,49.3675316],[-123.106594,49.3673248],[-123.1066627,49.3671404],[-123.1069631,49.3667827],[-123.1070397,49.366638],[-123.1067056,49.3665199],[-123.1058215,49.3664473],[-123.1053648,49.3664665],[-123.1050233,49.3664808],[-123.1050016,49.3663876],[-123.1050944,49.366179],[-123.1053959,49.3660424],[-123.1057231,49.3659376],[-123.105873,49.3656256],[-123.1063451,49.3654076],[-123.1060018,49.3651058],[-123.1059073,49.3644909],[-123.1053323,49.3643344],[-123.1055211,49.3638817],[-123.1058387,49.3631773],[-123.1056928,49.3629538],[-123.1058988,49.362814],[-123.1060533,49.3624507],[-123.1063277,49.3618061],[-123.1062093,49.3614799],[-123.106073,49.3612343],[-123.1060448,49.3610592],[-123.1062039,49.3607862],[-123.1061119,49.3607368],[-123.1063091,49.3606163],[-123.1064061,49.3605065],[-123.1063561,49.3603581],[-123.1059629,49.3603457],[-123.1058405,49.3602893],[-123.1056752,49.360287],[-123.1053783,49.3604328],[-123.1050225,49.3606261],[-123.1046899,49.3611641]]]}},{"type":"Feature","id":"53048672","properties":{"kind":"wood","name":"","osmWayId":"53048672"},"geometry":{"type":"Polygon","coordinates":[[[-123.0753251,49.3874653],[-123.074456,49.3877027],[-123.0744061,49.3877806],[-123.0733868,49.3881927],[-123.0719599,49.3886606],[-123.0706939,49.3888003],[-123.0695677,49.3888325],[-123.0702111,49.3891005],[-123.0708548,49.3889748],[-123.0709192,49.3894567],[-123.0712733,49.389331],[-123.0717131,49.3893729],[-123.0720886,49.3894637],[-123.0723317,49.3892391],[-123.0725034,49.388848],[-123.072718,49.3886455],[-123.0733724,49.3886874],[-123.0739089,49.3887573],[-123.073941,49.3890226],[-123.0742093,49.3891693],[-123.0742451,49.3892891],[-123.0748138,49.3890447],[-123.0752,49.3888841],[-123.0756184,49.3889469],[-123.0756292,49.3891355],[-123.0752537,49.3895335],[-123.0754323,49.3896093],[-123.075883,49.3894347],[-123.0762048,49.3895534],[-123.0760439,49.3897419],[-123.075368,49.3899794],[-123.0756362,49.3901679],[-123.0764838,49.3903495],[-123.0806895,49.3908733],[-123.0804105,49.3903705],[-123.0795415,49.3898397],[-123.0779322,49.3891553],[-123.0775352,49.3889458],[-123.0772026,49.3889388],[-123.0772241,49.3887433],[-123.0763979,49.3885058],[-123.0761726,49.3883522],[-123.0762585,49.3880449],[-123.0765803,49.3877237],[-123.0767305,49.3874932],[-123.0767091,49.3872977],[-123.0765803,49.3872138],[-123.0763872,49.3872837],[-123.076119,49.3873605],[-123.0757542,49.3874024],[-123.0753251,49.3874653]]]}},{"type":"Feature","id":"53106730","properties":{"kind":"wood","name":"","osmWayId":"53106730"},"geometry":{"type":"Polygon","coordinates":[[[-123.0989055,49.3998488],[-123.0986701,49.3987154],[-123.0979191,49.3987154],[-123.0978755,49.4002956],[-123.0987982,49.4006028],[-123.0982403,49.40091],[-123.0993561,49.4011614],[-123.1001715,49.4006308],[-123.0998711,49.400128],[-123.0992488,49.4001839],[-123.0989055,49.3998488]]]}},{"type":"Feature","id":"53106731","properties":{"kind":"wood","name":"","osmWayId":"53106731"},"geometry":{"type":"Polygon","coordinates":[[[-123.0974893,49.3986618],[-123.0974249,49.4013289],[-123.0978755,49.401706],[-123.097661,49.4024879],[-123.0971245,49.403214],[-123.096631,49.4033118],[-123.0964593,49.4031442],[-123.0969958,49.4028649],[-123.0959658,49.402837],[-123.0958371,49.4025298],[-123.0964164,49.4017339],[-123.0954937,49.4011614],[-123.0951504,49.4004771],[-123.0947642,49.4003096],[-123.0949788,49.3993181],[-123.095109,49.3991937],[-123.0974839,49.3979035],[-123.0974893,49.3986618]]]}},{"type":"Feature","id":"56701922","properties":{"kind":"water","name":"Blue Grouse Lake","osmWayId":"56701922"},"geometry":{"type":"Polygon","coordinates":[[[-123.0830526,49.3809688],[-123.0830254,49.3808906],[-123.0829796,49.3808562],[-123.0826901,49.3808746],[-123.0824409,49.3809391],[-123.0821681,49.3809431],[-123.081946,49.3810455],[-123.0818454,49.381092],[-123.0818706,49.3811686],[-123.0818687,49.38121],[-123.0819085,49.3812291],[-123.0819278,49.3812653],[-123.081896,49.3812736],[-123.0818753,49.3813029],[-123.0818608,49.3813069],[-123.0818533,49.3813149],[-123.0818573,49.3813253],[-123.0819015,49.381339],[-123.08194,49.3813266],[-123.0819778,49.3813312],[-123.0821052,49.3813589],[-123.0821911,49.3813839],[-123.0823764,49.3813984],[-123.0824471,49.3813209],[-123.082505,49.3812591],[-123.0825997,49.3812266],[-123.0826701,49.3811953],[-123.0827569,49.3811707],[-123.0828165,49.3811843],[-123.0829019,49.3811853],[-123.0829812,49.3811417],[-123.0830282,49.3810855],[-123.0830526,49.3809688]]]}},{"type":"Feature","id":"60193876","properties":{"kind":"path","name":"","osmWayId":"60193876"},"geometry":{"type":"LineString","coordinates":[[-123.0986116,49.3714741],[-123.0987315,49.3712285],[-123.0988326,49.3712222]]}},{"type":"Feature","id":"60193877","properties":{"kind":"path","name":"","osmWayId":"60193877"},"geometry":{"type":"LineString","coordinates":[[-123.0986116,49.3714741],[-123.0985142,49.371384],[-123.0983898,49.3711805]]}},{"type":"Feature","id":"60193878","properties":{"kind":"path","name":"Nancy Greene Way","osmWayId":"60193878"},"geometry":{"type":"LineString","coordinates":[[-123.1063242,49.3590184],[-123.1062518,49.359073],[-123.1060933,49.359189],[-123.1058465,49.35935],[-123.1054551,49.3596042],[-123.1047663,49.3600487],[-123.1044873,49.3602649],[-123.1043799,49.3603636],[-123.1042789,49.3604565],[-123.1041377,49.3606444],[-123.1039988,49.360858],[-123.1039216,49.3610395],[-123.1038796,49.3611517],[-123.103856,49.3612639],[-123.1037926,49.3616635],[-123.103776,49.3617515],[-123.1037367,49.3619569],[-123.1036974,49.3621622],[-123.1036251,49.3625071],[-123.1036262,49.3627128],[-123.1035894,49.3629238],[-123.1035059,49.3632947],[-123.1034661,49.3634545],[-123.1034138,49.3636379],[-123.1033606,49.3637971],[-123.1032704,49.3640254],[-123.1032031,49.3641709],[-123.1030638,49.3644358],[-123.1029446,49.3646294],[-123.1027831,49.364874],[-123.1025798,49.3651633],[-123.102189,49.3657283],[-123.1019411,49.3660876],[-123.101825,49.3662494],[-123.1010737,49.3672959],[-123.1009748,49.3674051],[-123.1005482,49.3678761],[-123.100217,49.3682715],[-123.1000286,49.3685428],[-123.0998695,49.3688223],[-123.0997701,49.3690116],[-123.0996725,49.3692004],[-123.0995973,49.3694189],[-123.09954,49.369658],[-123.0995307,49.3698205],[-123.099505,49.3699761],[-123.0994698,49.3701001],[-123.099426,49.3702203],[-123.099288,49.370485],[-123.0991479,49.3707064]]}},{"type":"Feature","id":"62646572","properties":{"kind":"path","name":"","osmWayId":"62646572"},"geometry":{"type":"LineString","coordinates":[[-123.0750943,49.3769876],[-123.0750697,49.3770151],[-123.0750121,49.3770794],[-123.0749404,49.3771457],[-123.0749101,49.3771729],[-123.0747727,49.3772963],[-123.0746582,49.3774329],[-123.074576,49.3775733],[-123.0744616,49.377741],[-123.0743929,49.3779378],[-123.0743148,49.378078],[-123.0742183,49.3781711]]}},{"type":"Feature","id":"72167027","properties":{"kind":"stream","name":"","osmWayId":"72167027"},"geometry":{"type":"LineString","coordinates":[[-123.076273,49.3738202],[-123.0761732,49.3737765],[-123.076138,49.3737705],[-123.0760995,49.3737714],[-123.0760519,49.373785],[-123.0759997,49.3737892],[-123.0759821,49.3737956],[-123.075926,49.3737947],[-123.0758888,49.3737879],[-123.0758262,49.3737867],[-123.0757825,49.3737722],[-123.0756625,49.3736856],[-123.0756488,49.3736622],[-123.0755868,49.3736091],[-123.0755086,49.3735671],[-123.075427,49.3735611],[-123.0753807,49.3735314],[-123.0753285,49.3735255],[-123.0753122,49.3735081],[-123.0753031,49.3734677],[-123.0752529,49.373415],[-123.0752248,49.3733951],[-123.0751994,49.373393],[-123.0751407,49.3734002],[-123.0751035,49.3733968],[-123.0750428,49.3733828],[-123.0749854,49.3733845],[-123.0749072,49.3733594],[-123.0748608,49.3733496],[-123.0748354,49.3733344],[-123.0747545,49.3732507],[-123.0747193,49.3732316],[-123.0746554,49.3732133],[-123.0745836,49.3731751],[-123.0745738,49.3731301],[-123.0745628,49.3731114],[-123.0745223,49.3731033],[-123.0744036,49.3731139],[-123.0743762,49.3731063],[-123.0743475,49.3730706],[-123.0743299,49.3730693],[-123.074279,49.3730787],[-123.0741981,49.3730732],[-123.0741453,49.3730468],[-123.0741049,49.3730371],[-123.0740964,49.3729984],[-123.0740533,49.3729772],[-123.0740436,49.3729593],[-123.0739803,49.3729309],[-123.0739601,49.3729118],[-123.0739085,49.3728782],[-123.0738022,49.3727937],[-123.0737357,49.3727665],[-123.0737109,49.372727],[-123.073677,49.3727028],[-123.07366,49.3726748],[-123.0736411,49.3726658],[-123.0735994,49.3726557],[-123.0735667,49.3726297],[-123.0735276,49.3726213],[-123.0734617,49.3726153],[-123.0734187,49.3725975],[-123.0734037,49.3725775],[-123.0734011,49.3725321],[-123.0733143,49.3724705],[-123.0732837,49.3724628],[-123.0732106,49.3724586],[-123.0731258,49.3724238],[-123.0730704,49.3724063],[-123.0730032,49.3724025],[-123.0729549,49.3723792],[-123.0728532,49.3723439],[-123.0728075,49.3723329],[-123.0727488,49.3722666],[-123.0727103,49.3722632],[-123.0726483,49.3722394],[-123.0726236,49.372236],[-123.0725805,49.3722416],[-123.072484,49.3722386],[-123.0723953,49.3722135],[-123.0723522,49.3721829],[-123.0723353,49.3721609],[-123.0722837,49.3721413],[-123.0721976,49.3721014],[-123.0721441,49.3720865],[-123.0720639,49.3720797],[-123.0719928,49.3720513],[-123.0718219,49.37194],[-123.0717639,49.3719192],[-123.0717319,49.371889],[-123.0716993,49.3718763],[-123.0716628,49.3718763],[-123.0715923,49.3718844],[-123.0714984,49.3718844],[-123.071441,49.3718708],[-123.0713816,49.3718436],[-123.0713118,49.3718049],[-123.0712388,49.3717005],[-123.0712166,49.3716546],[-123.0711194,49.371593],[-123.0710568,49.3715463],[-123.0709733,49.3715047],[-123.0708755,49.3714125],[-123.0708611,49.3713781],[-123.0707978,49.371294],[-123.0707359,49.3712592],[-123.0707091,49.3712124],[-123.0706335,49.3711615],[-123.0706191,49.3711364],[-123.0706139,49.3711075],[-123.0705996,49.3710825],[-123.0705774,49.3710693],[-123.070535,49.37106],[-123.0704874,49.3710396],[-123.0704619,49.3710387],[-123.070413,49.3710451],[-123.0703041,49.3710226],[-123.0701847,49.3710103],[-123.0700719,49.3709801],[-123.0699897,49.370941],[-123.0699382,49.3709274],[-123.0698377,49.3709173],[-123.0697712,49.3708795],[-123.069749,49.3708761],[-123.0696655,49.3708744],[-123.0696257,49.3708625],[-123.0695885,49.3708344],[-123.0694777,49.3708047],[-123.069447,49.3707767],[-123.06931,49.370741],[-123.069282,49.3707159],[-123.0692128,49.370696],[-123.0691685,49.3706654],[-123.0690922,49.3706242],[-123.0689617,49.3705864],[-123.0689056,49.3705868],[-123.0688149,49.3705639],[-123.0687217,49.3705499],[-123.068558,49.370552],[-123.068511,49.3705431],[-123.0684314,49.3705155],[-123.0683688,49.3705053],[-123.068316,49.3705078],[-123.0681105,49.3705439]]}},{"type":"Feature","id":"72167103","properties":{"kind":"stream","name":"","osmWayId":"72167103"},"geometry":{"type":"LineString","coordinates":[[-123.0797,49.396667],[-123.0794662,49.3967397],[-123.0786122,49.3968835],[-123.0767515,49.3974518],[-123.0758566,49.397795],[-123.0751692,49.3986367]]}},{"type":"Feature","id":"72167273","properties":{"kind":"stream","name":"","osmWayId":"72167273"},"geometry":{"type":"LineString","coordinates":[[-123.0855731,49.3983006],[-123.0857511,49.3978862],[-123.0860103,49.3964021],[-123.0862991,49.3956188],[-123.0864223,49.3954208]]}},{"type":"Feature","id":"72167519","properties":{"kind":"stream","name":"","osmWayId":"72167519"},"geometry":{"type":"LineString","coordinates":[[-123.0830254,49.3808906],[-123.083128,49.3808711],[-123.0832253,49.3808663],[-123.0832883,49.3808573],[-123.0833395,49.3808374],[-123.0834204,49.380789],[-123.0834844,49.3807581],[-123.0835059,49.3807542],[-123.0836133,49.3807691],[-123.0836519,49.380767],[-123.08374,49.3807533],[-123.0837783,49.3807521],[-123.083838,49.3807641],[-123.083864,49.3807846],[-123.0838971,49.3808085],[-123.083952,49.3808272],[-123.0840101,49.3808527],[-123.0840666,49.3808687],[-123.0841304,49.3809128],[-123.0841869,49.3809178],[-123.0842395,49.3809344],[-123.0842741,49.3809422],[-123.0843222,49.3809425],[-123.0843542,49.380943],[-123.0843906,49.3809394],[-123.0844283,49.3809541],[-123.0844776,49.3809787],[-123.0845241,49.3809882],[-123.0845893,49.3810132],[-123.0846364,49.3810288],[-123.0846864,49.3810244],[-123.0847396,49.3810269],[-123.0847752,49.3810357],[-123.0848112,49.3810488],[-123.0849188,49.3810672],[-123.0849619,49.3810843],[-123.0850603,49.3810996],[-123.0851049,49.3811185],[-123.0851314,49.3811347],[-123.0851927,49.3811532],[-123.0852211,49.3811503],[-123.0853081,49.3811181],[-123.0853711,49.3811],[-123.0854174,49.3810908]]}},{"type":"Feature","id":"72168130","properties":{"kind":"stream","name":"Lions Creek","osmWayId":"72168130"},"geometry":{"type":"LineString","coordinates":[[-123.0984891,49.3852292],[-123.0993287,49.3852377],[-123.0995913,49.3852107],[-123.0999349,49.3851024],[-123.1003333,49.3848589],[-123.1008844,49.3846239],[-123.101561,49.3845342],[-123.1026632,49.3844886],[-123.1033236,49.3843619],[-123.1037088,49.3842266],[-123.1040809,49.3840642],[-123.1043978,49.3838833],[-123.1047677,49.383748],[-123.104906,49.3836583],[-123.1053749,49.3834603],[-123.1059793,49.3832894],[-123.1069293,49.3827482],[-123.107617,49.382415],[-123.1080307,49.3821444],[-123.1083465,49.3818652],[-123.1089781,49.3811716],[-123.1095022,49.3808569],[-123.1095985,49.3808298],[-123.1098868,49.3808113],[-123.1104533,49.3808654],[-123.110756,49.380864],[-123.1120911,49.380639],[-123.1124232,49.3806205],[-123.1127526,49.3806105],[-123.1136342,49.3806646],[-123.1143521,49.3806717],[-123.1145725,49.3808156],[-123.114849,49.3811844],[-123.1149859,49.3812827],[-123.1151788,49.3813283],[-123.1155918,49.3813368],[-123.1159235,49.3812727],[-123.1161153,49.3811659],[-123.116378,49.3809224],[-123.1168148,49.3798699],[-123.116965,49.3792304],[-123.1169881,49.3791728]]}},{"type":"Feature","id":"72168378","properties":{"kind":"stream","name":"Windsor Creek","osmWayId":"72168378"},"geometry":{"type":"LineString","coordinates":[[-123.0974372,49.3830986],[-123.0976583,49.3829633],[-123.0981668,49.3825488],[-123.0985376,49.3823694],[-123.0990604,49.3820262],[-123.0998034,49.3816573],[-123.1001071,49.3815576],[-123.1013316,49.3809722],[-123.1024346,49.3805934],[-123.1033134,49.3800351],[-123.1035198,49.3797018],[-123.1036294,49.3792347],[-123.1037518,49.3789456],[-123.1041382,49.3784955],[-123.1043169,49.3783887],[-123.1048254,49.3782249],[-123.1056655,49.3781167],[-123.1061475,49.3778917],[-123.1063533,49.3777564],[-123.1066022,49.3774601],[-123.1069734,49.3772337],[-123.1072758,49.377171],[-123.1077176,49.3772251],[-123.1087356,49.3772237],[-123.1092055,49.3771781],[-123.109562,49.3771782],[-123.110004,49.3770699],[-123.1105944,49.376862],[-123.1114484,49.3765017],[-123.1120544,49.3763393],[-123.1124378,49.3762974],[-123.1157796,49.3737343]]}},{"type":"Feature","id":"72168403","properties":{"kind":"stream","name":"","osmWayId":"72168403"},"geometry":{"type":"LineString","coordinates":[[-123.0736887,49.3669068],[-123.0735778,49.3668441],[-123.0735363,49.366817],[-123.0734389,49.3667729],[-123.073356,49.3666917],[-123.0732878,49.3666461],[-123.0731918,49.3665379],[-123.0731093,49.3664752],[-123.0729836,49.3663769],[-123.0727773,49.3661704],[-123.0727638,49.3661249],[-123.0727228,49.3660622],[-123.0726819,49.3659995],[-123.07264,49.3659269],[-123.0726117,49.3658998],[-123.0725419,49.3658186],[-123.0724866,49.3657389],[-123.0724595,49.3657019],[-123.0724334,49.3656477],[-123.072335,49.3654783],[-123.07228,49.3654327],[-123.0722123,49.3653786],[-123.0721839,49.3653515],[-123.0721145,49.3652888],[-123.07206,49.3652347],[-123.0719082,49.3650823],[-123.0718383,49.3650282],[-123.0717975,49.3649114]]}},{"type":"Feature","id":"72168767","properties":{"kind":"stream","name":"","osmWayId":"72168767"},"geometry":{"type":"LineString","coordinates":[[-123.0929953,49.39475],[-123.0929265,49.3944624],[-123.092746,49.3941205],[-123.092648,49.3937531],[-123.092592,49.3932304],[-123.0926482,49.3930154]]}},{"type":"Feature","id":"72168903","properties":{"kind":"stream","name":"","osmWayId":"72168903"},"geometry":{"type":"LineString","coordinates":[[-123.0655658,49.4011647],[-123.0654688,49.4006605],[-123.0650549,49.3998701],[-123.0650126,49.39942],[-123.0649698,49.3993218],[-123.0646938,49.3991409],[-123.0644177,49.3988176],[-123.0641703,49.3982237],[-123.063811,49.3979274],[-123.063617,49.3976754],[-123.0635218,49.3974959],[-123.0635339,49.3973435]]}},{"type":"Feature","id":"72169068","properties":{"kind":"stream","name":"","osmWayId":"72169068"},"geometry":{"type":"LineString","coordinates":[[-123.0773186,49.3991338],[-123.0767099,49.3995032]]}},{"type":"Feature","id":"72169082","properties":{"kind":"stream","name":"","osmWayId":"72169082"},"geometry":{"type":"LineString","coordinates":[[-123.0905886,49.3903535],[-123.091333,49.3902908],[-123.0920634,49.3902723],[-123.092614,49.3901541],[-123.0938399,49.3899832],[-123.0939642,49.3899376]]}},{"type":"Feature","id":"72169237","properties":{"kind":"stream","name":"Thrasher Creek","osmWayId":"72169237"},"geometry":{"type":"LineString","coordinates":[[-123.0674935,49.3897024],[-123.066998,49.3896229],[-123.0665839,49.389489],[-123.0662256,49.3894264],[-123.0658532,49.3894349],[-123.0649295,49.3896784],[-123.0649133,49.389681],[-123.0643237,49.3897781],[-123.0635798,49.3897511],[-123.0629315,49.3896443],[-123.0612105,49.3896001],[-123.0603698,49.3896357],[-123.0596809,49.3897083],[-123.0592541,49.3897895],[-123.0581104,49.3901855],[-123.0575582,49.3904105],[-123.0574342,49.3905016],[-123.0568707,49.3906811],[-123.0560997,49.390879],[-123.0553555,49.3910143],[-123.054831,49.3911596],[-123.0538124,49.391312],[-123.0530002,49.391582],[-123.052924,49.3915997],[-123.0528122,49.3916355],[-123.0527232,49.3916317],[-123.0526453,49.39162],[-123.0524376,49.3916175],[-123.0523063,49.3916109],[-123.0521635,49.3915972],[-123.0520256,49.3915948],[-123.0519598,49.3916064],[-123.0518685,49.3916431],[-123.0518119,49.3916628],[-123.0517274,49.3916711],[-123.0516302,49.3916848],[-123.0515239,49.3917273],[-123.0514578,49.3917751],[-123.0514277,49.3918254],[-123.0514242,49.3918701],[-123.0514333,49.3919296],[-123.0514662,49.3919853],[-123.0514825,49.3920418],[-123.0514771,49.3920868],[-123.0514222,49.3921726],[-123.0512283,49.3923378],[-123.0512034,49.392422],[-123.051139,49.3924692],[-123.0511069,49.3925255],[-123.0510535,49.3925723],[-123.0510226,49.3926236],[-123.0509265,49.3927191],[-123.0508962,49.3927884],[-123.0507837,49.3928799],[-123.0507635,49.3929199],[-123.0507535,49.3929659],[-123.0507629,49.3929973],[-123.0507828,49.3930372],[-123.0507799,49.393085],[-123.0507654,49.3931483],[-123.0507408,49.3931804],[-123.0506821,49.3932001],[-123.0506296,49.3932231],[-123.0506237,49.3932475],[-123.0506478,49.3932887],[-123.0506438,49.3933246],[-123.0506079,49.3933692],[-123.050519,49.3934354],[-123.0504289,49.3935287],[-123.0504361,49.3935843],[-123.0504216,49.3936426],[-123.0504014,49.3936773],[-123.0503525,49.3937041],[-123.050304,49.3936932],[-123.050185,49.3936861],[-123.0500559,49.3936583],[-123.0500125,49.39366],[-123.0499313,49.3936819],[-123.0498038,49.3936915],[-123.0497237,49.3936889],[-123.0496786,49.393701],[-123.0496696,49.3937137],[-123.0496596,49.3937642],[-123.049614,49.3938038],[-123.0495659,49.393841],[-123.04954,49.3938794],[-123.0494941,49.3939042],[-123.0493947,49.393971],[-123.049226,49.3940411],[-123.0491413,49.3940953],[-123.0491101,49.3941246],[-123.0490617,49.3941684],[-123.0489637,49.3941939],[-123.048862,49.3942154],[-123.0487872,49.3942485],[-123.0487296,49.3942639],[-123.0486673,49.3942943],[-123.0486259,49.3943104],[-123.0485836,49.3943272],[-123.048533,49.3943391],[-123.0484063,49.3943909],[-123.0481903,49.3944952],[-123.0480146,49.3945663]]}},{"type":"Feature","id":"72169279","properties":{"kind":"stream","name":"","osmWayId":"72169279"},"geometry":{"type":"LineString","coordinates":[[-123.0793864,49.3908306],[-123.0789466,49.3908577],[-123.0785729,49.3908221],[-123.0772639,49.39058],[-123.0763679,49.3905087],[-123.0760791,49.3904546],[-123.0749079,49.3903208],[-123.0741219,49.3902752],[-123.0739303,49.3903122]]}},{"type":"Feature","id":"72169299","properties":{"kind":"stream","name":"","osmWayId":"72169299"},"geometry":{"type":"LineString","coordinates":[[-123.089568,49.3968935],[-123.0901701,49.3951132],[-123.0902092,49.3936278]]}},{"type":"Feature","id":"72169511","properties":{"kind":"stream","name":"","osmWayId":"72169511"},"geometry":{"type":"LineString","coordinates":[[-123.0740103,49.3737625],[-123.0739855,49.3737693],[-123.0739698,49.3737782],[-123.0738479,49.3737807],[-123.0737696,49.3738151],[-123.0737076,49.3738317],[-123.0736254,49.3738432],[-123.0735935,49.3738419],[-123.0735583,49.3738177],[-123.0735074,49.3738045],[-123.07348,49.3737629],[-123.0734461,49.3737484],[-123.0734011,49.3737],[-123.073373,49.3736826],[-123.0733319,49.3736724],[-123.0732895,49.3736482],[-123.0732687,49.3736219],[-123.0731415,49.3735692],[-123.073041,49.3735412],[-123.0729849,49.3735331],[-123.0729562,49.3735123],[-123.0728753,49.3734843],[-123.0728355,49.3734507],[-123.0726966,49.3734316],[-123.072572,49.3734282],[-123.0724938,49.3734095],[-123.0724285,49.3734087],[-123.0723763,49.3734116],[-123.0722922,49.3734303],[-123.0721617,49.3734465],[-123.0721167,49.3734405],[-123.0720509,49.3734227],[-123.0719732,49.3734121],[-123.0719282,49.3734104],[-123.0718258,49.3733883],[-123.0717489,49.3733857],[-123.0716934,49.3733764],[-123.0716712,49.3733658],[-123.0716451,49.3733352],[-123.0715447,49.3732847],[-123.0715199,49.3732498],[-123.0714553,49.3732197],[-123.0714032,49.3731776],[-123.0713321,49.3731381],[-123.0712714,49.3730923],[-123.0712023,49.3730638],[-123.0711468,49.3730158],[-123.0711181,49.3730056],[-123.0711018,49.3729899],[-123.0710842,49.3729355],[-123.0710261,49.3729016],[-123.071002,49.3728697],[-123.07088,49.3727937],[-123.0708109,49.3727886],[-123.070745,49.3727563],[-123.0706844,49.372744],[-123.0706243,49.3727126],[-123.0705396,49.3726896],[-123.0704143,49.3726327],[-123.0703426,49.3725839],[-123.0702767,49.3725325],[-123.0702571,49.3725019],[-123.070188,49.3724785],[-123.0701064,49.3724225],[-123.0700693,49.3724068],[-123.0699982,49.3724008],[-123.0699434,49.3723758],[-123.069901,49.3723685],[-123.0698521,49.3723499],[-123.0697738,49.3723477],[-123.0696779,49.3723528],[-123.0696472,49.3723507],[-123.0696101,49.3723346],[-123.0695677,49.3723269],[-123.0694985,49.3722883],[-123.0694503,49.3722794],[-123.0694176,49.3722658],[-123.0694026,49.3722377],[-123.0693772,49.372211],[-123.0692872,49.3721885],[-123.0692448,49.3721906],[-123.0692011,49.3721987],[-123.0691078,49.3721838],[-123.0690674,49.3721575],[-123.0690185,49.3721158],[-123.0689454,49.3720793],[-123.0688528,49.3720245],[-123.068813,49.3719731],[-123.0687628,49.3719226],[-123.0687093,49.3718415],[-123.0685443,49.371737],[-123.0685162,49.3716928],[-123.0684745,49.3716622],[-123.0684327,49.371652],[-123.0683551,49.3716193],[-123.0683042,49.3715696],[-123.0682149,49.3715255],[-123.0681542,49.3715098],[-123.0681046,49.3714872],[-123.0680414,49.371469],[-123.0679826,49.3714299],[-123.0679174,49.3713951],[-123.0678444,49.3713883],[-123.0677674,49.3713738]]}},{"type":"Feature","id":"72169921","properties":{"kind":"stream","name":"","osmWayId":"72169921"},"geometry":{"type":"LineString","coordinates":[[-123.0683186,49.392088],[-123.068316,49.3920727],[-123.0683011,49.3920512],[-123.0682686,49.3920195],[-123.068239,49.3919823],[-123.0682211,49.3919549],[-123.0682181,49.3919073],[-123.0682018,49.3918712],[-123.0681932,49.3918433],[-123.0682064,49.3918163],[-123.0682111,49.3917903],[-123.0682113,49.391742],[-123.0682094,49.3916742],[-123.0682105,49.3915747],[-123.0682041,49.391547],[-123.0681812,49.3915209],[-123.0681697,49.3914874],[-123.068162,49.3914525],[-123.0680992,49.3910207],[-123.0680723,49.3909749],[-123.0680188,49.3909118],[-123.0680133,49.3908727],[-123.0679927,49.3908193],[-123.067987,49.3907868],[-123.0679389,49.3907035],[-123.0679818,49.3906451],[-123.0680361,49.3906141],[-123.0681005,49.390587],[-123.0680994,49.3905527],[-123.0681098,49.3905091],[-123.0680979,49.3904549],[-123.0681072,49.3903875],[-123.0680974,49.3903558],[-123.068068,49.3903232],[-123.0680299,49.3903115],[-123.0680053,49.3902946],[-123.0679681,49.3902502],[-123.0679315,49.3902292],[-123.0679096,49.3901988],[-123.0678733,49.3901835],[-123.0678404,49.3901706],[-123.0678229,49.3901479],[-123.0677689,49.3901087],[-123.0677395,49.3900887],[-123.06771,49.3900593],[-123.0676572,49.3900436],[-123.0676063,49.3900388],[-123.0675853,49.390029],[-123.0675711,49.3900069],[-123.0675263,49.3899827],[-123.0674654,49.3899474],[-123.0674152,49.3898943],[-123.0673936,49.3898513],[-123.0673954,49.389808],[-123.0674233,49.3897791],[-123.067467,49.3897431],[-123.0674935,49.3897024]]}},{"type":"Feature","id":"72170041","properties":{"kind":"stream","name":"","osmWayId":"72170041"},"geometry":{"type":"LineString","coordinates":[[-123.062602,49.4005907],[-123.0625737,49.4004825],[-123.062657,49.4003742],[-123.0628219,49.3998444],[-123.0628601,49.398396],[-123.0628883,49.3982693],[-123.0632174,49.3976853],[-123.0632583,49.3972353]]}},{"type":"Feature","id":"72170331","properties":{"kind":"stream","name":"Whistler Creek","osmWayId":"72170331"},"geometry":{"type":"LineString","coordinates":[[-123.0739303,49.3903122],[-123.0738476,49.3902766],[-123.0729639,49.3901142],[-123.0721247,49.390016],[-123.0710497,49.3899362],[-123.0697268,49.3899462],[-123.0674935,49.3897024]]}},{"type":"Feature","id":"72170559","properties":{"kind":"stream","name":"Drifter Creek","osmWayId":"72170559"},"geometry":{"type":"LineString","coordinates":[[-123.0839516,49.384557],[-123.0840883,49.3844858],[-123.0843501,49.3843676],[-123.08446,49.3843319],[-123.0845716,49.3843049],[-123.084681,49.3842778],[-123.0847646,49.3842422],[-123.0849572,49.3841881],[-123.0850264,49.3841511],[-123.085163,49.3841069]]}},{"type":"Feature","id":"72170750","properties":{"kind":"stream","name":"","osmWayId":"72170750"},"geometry":{"type":"LineString","coordinates":[[-123.0825972,49.3910799],[-123.0829004,49.3910969],[-123.0836179,49.3912322],[-123.0846378,49.3913476],[-123.086541,49.3916609],[-123.0878073,49.3918048],[-123.0884836,49.3919743],[-123.0891456,49.3920725],[-123.0892428,49.3920825],[-123.0931011,49.3921779],[-123.0941631,49.3922847]]}},{"type":"Feature","id":"72170976","properties":{"kind":"stream","name":"Drifter Creek","osmWayId":"72170976"},"geometry":{"type":"LineString","coordinates":[[-123.0869801,49.3835301],[-123.0871039,49.3834931],[-123.0872138,49.3834575],[-123.087367,49.3834034]]}},{"type":"Feature","id":"72171047","properties":{"kind":"stream","name":"Drifter Creek","osmWayId":"72171047"},"geometry":{"type":"LineString","coordinates":[[-123.0888255,49.3826371],[-123.0890448,49.3825745],[-123.0898304,49.3824121],[-123.0900366,49.3823224],[-123.0904362,49.3822312],[-123.0906993,49.3821415],[-123.090973,49.3819792],[-123.0912759,49.3818538],[-123.0915246,49.3817086],[-123.0916612,49.3816644],[-123.0921981,49.3813041]]}},{"type":"Feature","id":"72171963","properties":{"kind":"stream","name":"","osmWayId":"72171963"},"geometry":{"type":"LineString","coordinates":[[-123.0765104,49.3934939],[-123.0762615,49.3930994],[-123.0760682,49.3926764],[-123.0757658,49.392299],[-123.0754341,49.3919657],[-123.0753371,49.3915427]]}},{"type":"Feature","id":"72172365","properties":{"kind":"stream","name":"","osmWayId":"72172365"},"geometry":{"type":"LineString","coordinates":[[-123.0624967,49.3745222],[-123.0625437,49.3745197],[-123.0626288,49.3745324],[-123.0626794,49.3745584],[-123.0628985,49.3745895],[-123.0629966,49.3745852],[-123.0630669,49.3746015],[-123.0631055,49.3745951],[-123.0631484,49.3745727],[-123.0632387,49.3745567],[-123.0633728,49.3745384],[-123.0634176,49.3745146],[-123.0634415,49.374492],[-123.0635093,49.374491],[-123.0636561,49.3744993],[-123.0637297,49.3745115],[-123.0637785,49.3745287],[-123.0638554,49.3745392],[-123.0639042,49.3745502],[-123.0639725,49.3745413],[-123.0640414,49.3745456],[-123.0641413,49.3745691],[-123.0644449,49.3745494],[-123.0645023,49.3745673],[-123.0646062,49.3745759],[-123.0647505,49.3745721],[-123.0647955,49.3745586],[-123.0648297,49.3745354],[-123.0648579,49.374523],[-123.064939,49.374516],[-123.0650128,49.3745247],[-123.065073,49.3745462],[-123.0651844,49.3745482],[-123.0653395,49.3745358],[-123.0654119,49.3745204],[-123.0654799,49.3745307],[-123.065532,49.3745126],[-123.0656145,49.3744973],[-123.0656531,49.3744712],[-123.0657473,49.3744704],[-123.0657925,49.3744628],[-123.0658907,49.374461],[-123.0659323,49.3744491],[-123.066015,49.374418],[-123.0660716,49.3743743],[-123.0660953,49.3743508],[-123.0661617,49.3743204],[-123.0661898,49.3742863],[-123.0662447,49.3742499],[-123.0662795,49.3741953],[-123.066294,49.3741858],[-123.0664142,49.3741487]]}},{"type":"Feature","id":"72172513","properties":{"kind":"stream","name":"","osmWayId":"72172513"},"geometry":{"type":"LineString","coordinates":[[-123.0880644,49.3966969],[-123.0881338,49.3964278],[-123.0881472,49.396076],[-123.0882425,49.3957612],[-123.0883517,49.394619]]}},{"type":"Feature","id":"72172524","properties":{"kind":"stream","name":"Grousewoods Spur 2c","osmWayId":"72172524"},"geometry":{"type":"LineString","coordinates":[[-123.0829972,49.3740606],[-123.0834243,49.3739979],[-123.0841128,49.3737714],[-123.0849168,49.3736467],[-123.084979,49.3736444],[-123.0850611,49.3736063],[-123.0851201,49.3735903],[-123.0851761,49.3735634],[-123.0852701,49.3735597],[-123.0853648,49.3735408],[-123.0854447,49.3735375],[-123.0855576,49.3734784],[-123.0856224,49.3734731],[-123.0857248,49.3734706],[-123.0859759,49.3734312],[-123.0863223,49.373364],[-123.0865565,49.3733298],[-123.0866681,49.3733219],[-123.0867317,49.3733239],[-123.0868076,49.3733333],[-123.0869135,49.3733713],[-123.0870263,49.3733788],[-123.0870852,49.3733871],[-123.0871746,49.3733733],[-123.0873369,49.373416],[-123.0874343,49.3734468],[-123.0875056,49.3734599],[-123.0876269,49.373459]]}},{"type":"Feature","id":"72172623","properties":{"kind":"stream","name":"","osmWayId":"72172623"},"geometry":{"type":"LineString","coordinates":[[-123.0838999,49.3867617],[-123.0839417,49.3866263],[-123.0839544,49.3865537],[-123.0839682,49.3864099],[-123.0839823,49.3863657],[-123.0839819,49.3862931],[-123.0839807,49.3862489],[-123.0839952,49.3861848],[-123.0840084,49.3861307],[-123.0840493,49.386051],[-123.0840642,49.3859783],[-123.0841322,49.3858701],[-123.0841743,49.3858074],[-123.0842291,49.3857263],[-123.0842848,49.385655],[-123.0843243,49.3855739],[-123.0843528,49.3854927],[-123.0844072,49.38542],[-123.0844344,49.3853759],[-123.0844489,49.3853118],[-123.0844897,49.3852591],[-123.0845029,49.385205],[-123.0845577,49.3850968],[-123.0846831,49.3849258],[-123.0847511,49.3847905],[-123.0848065,49.3846467],[-123.0848881,49.3845029],[-123.084985,49.384359],[-123.0850108,49.3843134],[-123.0850815,49.3841966],[-123.085163,49.3841069]]}},{"type":"Feature","id":"72173096","properties":{"kind":"stream","name":"Senate Creek","osmWayId":"72173096"},"geometry":{"type":"LineString","coordinates":[[-123.0619737,49.376914],[-123.0620142,49.3768943],[-123.0620552,49.3768699],[-123.0620978,49.3768175],[-123.0621364,49.3767618],[-123.0621793,49.3767228],[-123.0622154,49.3766737],[-123.0622673,49.3766451],[-123.0623721,49.3766342],[-123.0624382,49.3766059],[-123.0625253,49.3766245],[-123.0626682,49.3766107],[-123.0627094,49.3765949],[-123.0627815,49.3765974],[-123.0628823,49.3765787],[-123.0629704,49.376581],[-123.0630474,49.3765684],[-123.0631165,49.376539],[-123.0632177,49.3765259],[-123.0632731,49.3764894],[-123.0633283,49.376475],[-123.0634031,49.3764438],[-123.0635544,49.3764383],[-123.0635985,49.3764515],[-123.0636973,49.3764204],[-123.0637812,49.3764003],[-123.0638587,49.3763909],[-123.0639466,49.3763841],[-123.0639985,49.3763993],[-123.0640611,49.376391],[-123.0641169,49.3763732],[-123.0641785,49.3763223],[-123.0642172,49.376313],[-123.0642825,49.3763254],[-123.0643403,49.3762846],[-123.0643968,49.3762786],[-123.0644474,49.3762388],[-123.0645149,49.3762072],[-123.0646518,49.3761779],[-123.0647284,49.3761404],[-123.0647768,49.3761301],[-123.0648204,49.376111],[-123.0648821,49.376067],[-123.0649485,49.3760444],[-123.0650213,49.376023],[-123.065076,49.3759476],[-123.0651152,49.3759409],[-123.0651474,49.3759183],[-123.0652031,49.3758919],[-123.0652405,49.375854],[-123.0652699,49.3757707],[-123.0652828,49.3757423],[-123.0653166,49.3756994],[-123.0653588,49.3756733],[-123.0653747,49.3756056],[-123.0654368,49.3755307],[-123.0654147,49.3754846],[-123.0654151,49.37546],[-123.0654544,49.3754183],[-123.0654485,49.3753838],[-123.0653864,49.3753302],[-123.0653573,49.3752688],[-123.0653578,49.3752209],[-123.0653928,49.3751757],[-123.0653965,49.3751015],[-123.0654307,49.3750269],[-123.0654636,49.3749975],[-123.0654933,49.3749514],[-123.0655276,49.3748887],[-123.0655849,49.374838],[-123.0656025,49.3748314],[-123.065682,49.3748256],[-123.0657505,49.3748046],[-123.0658156,49.3748075],[-123.0659378,49.3748199],[-123.0659504,49.3748036],[-123.0659687,49.3747345],[-123.0659666,49.3746941],[-123.0659977,49.3746676],[-123.0660566,49.3746536],[-123.0660671,49.3746345],[-123.0660692,49.3745784],[-123.066028,49.3745015],[-123.066015,49.374418]]}},{"type":"Feature","id":"72173347","properties":{"kind":"stream","name":"Drifter Creek","osmWayId":"72173347"},"geometry":{"type":"LineString","coordinates":[[-123.087367,49.3834034],[-123.0878748,49.3831869],[-123.0882879,49.3828636],[-123.0886329,49.3826913],[-123.0888255,49.3826371]]}},{"type":"Feature","id":"72173616","properties":{"kind":"stream","name":"","osmWayId":"72173616"},"geometry":{"type":"LineString","coordinates":[[-123.0731849,49.3990099],[-123.07318,49.3985468]]}},{"type":"Feature","id":"72173896","properties":{"kind":"stream","name":"","osmWayId":"72173896"},"geometry":{"type":"LineString","coordinates":[[-123.0794908,49.3684072],[-123.0795113,49.3683514],[-123.0795992,49.3682871],[-123.0796693,49.3682276],[-123.0797021,49.3681642],[-123.0797275,49.368089],[-123.079768,49.3680345],[-123.0798344,49.3679769],[-123.0798567,49.3679181],[-123.0799255,49.3677764],[-123.0799791,49.3676514],[-123.0800284,49.3675416],[-123.0800925,49.3674621],[-123.0802139,49.3673846],[-123.080291,49.3673173],[-123.0803302,49.3672972],[-123.0803666,49.3672541],[-123.0804219,49.3672241],[-123.0804561,49.3671818],[-123.0805002,49.3671591],[-123.0805472,49.367116],[-123.0806077,49.3670702],[-123.080694,49.3670243],[-123.08078,49.3669211],[-123.0808183,49.3668864],[-123.0809561,49.3668222],[-123.0811425,49.3667382],[-123.0812143,49.3666867],[-123.08128,49.3666657],[-123.0813467,49.3665932],[-123.0813984,49.3665327],[-123.0814961,49.3664625],[-123.0815219,49.3664223],[-123.0816525,49.3663242],[-123.0817203,49.366281],[-123.0818139,49.3662033],[-123.0819095,49.3661531],[-123.0819627,49.366136],[-123.0820222,49.3661055],[-123.0821015,49.3660709],[-123.0822328,49.3660008],[-123.0823076,49.3659207],[-123.0823441,49.3658871],[-123.0824352,49.3658127],[-123.082493,49.3657772],[-123.0825586,49.3657531],[-123.0827049,49.3656695],[-123.0828453,49.3656228],[-123.0829206,49.3655764],[-123.0829481,49.3655529],[-123.0829789,49.3655153],[-123.0830179,49.3654614],[-123.083067,49.3654243],[-123.0831377,49.3653565],[-123.0831802,49.3653314],[-123.0832367,49.3652822],[-123.083285,49.3652191],[-123.0833497,49.3651726],[-123.0834736,49.3650877],[-123.0836599,49.3649653],[-123.0837779,49.3648995],[-123.0838429,49.3648448],[-123.0839133,49.3647541],[-123.0839089,49.3647134],[-123.0839285,49.364669],[-123.0839645,49.3646127],[-123.0839997,49.3645931],[-123.0840302,49.3645675],[-123.0840964,49.364537],[-123.0841734,49.3645067],[-123.0842793,49.3644905],[-123.084331,49.3644553],[-123.0843651,49.3644341],[-123.084388,49.3644329],[-123.0844277,49.3644325],[-123.0844822,49.364407],[-123.0845994,49.3643539],[-123.0846696,49.3643374],[-123.0847084,49.3643154],[-123.0847674,49.3643013],[-123.0848215,49.3642963],[-123.0848622,49.3642767],[-123.0849486,49.364228],[-123.0849751,49.3641967],[-123.0850144,49.3641645],[-123.0850673,49.3641125],[-123.0851252,49.3640678],[-123.085182,49.3640612],[-123.0852698,49.3640485],[-123.0853047,49.3640371],[-123.0853904,49.3639826],[-123.0854161,49.3639602],[-123.0854285,49.3639089],[-123.0854427,49.3638784],[-123.0854782,49.3638325],[-123.0855629,49.3637773],[-123.0856264,49.3637331],[-123.0857002,49.3636997],[-123.0857301,49.3636972],[-123.0858196,49.3636951],[-123.0859452,49.3636677],[-123.0860434,49.3636546],[-123.0860878,49.3636355],[-123.0861476,49.3635894],[-123.0861992,49.3635617],[-123.0862586,49.3635193],[-123.0863053,49.3634936],[-123.0863847,49.3634602],[-123.0864007,49.3634472],[-123.0864243,49.3634232],[-123.0865189,49.3633636],[-123.0865685,49.3633214],[-123.0865913,49.3632722],[-123.0866092,49.363253],[-123.0866934,49.3632037],[-123.0867611,49.3631705],[-123.0868103,49.3631389],[-123.0868589,49.3631291],[-123.0869033,49.3631025],[-123.0869312,49.3630645],[-123.0869505,49.3630501],[-123.0870368,49.3630001],[-123.087147,49.3628856],[-123.0871942,49.3627991],[-123.0872223,49.3627242],[-123.0872622,49.3626726],[-123.0873262,49.3626142],[-123.087363,49.3625609],[-123.087414,49.3625256],[-123.0875059,49.3624694],[-123.0875801,49.3624015],[-123.0876861,49.3623479],[-123.0877841,49.362301],[-123.0878599,49.3622442],[-123.0879548,49.3622028],[-123.0880321,49.3621626],[-123.0881147,49.3621228],[-123.0881643,49.3621152],[-123.0882162,49.3620847],[-123.0882666,49.3620701],[-123.0883441,49.3620684],[-123.0884506,49.3620803],[-123.088504,49.3620727],[-123.0886222,49.3620682],[-123.0887222,49.3620674],[-123.0888303,49.3620937]]}},{"type":"Feature","id":"72173909","properties":{"kind":"stream","name":"","osmWayId":"72173909"},"geometry":{"type":"LineString","coordinates":[[-123.0890934,49.3856864],[-123.0890217,49.3849757],[-123.0889535,49.3846795],[-123.0887728,49.3843462],[-123.0886908,49.3841126],[-123.0887151,49.3830516],[-123.0887576,49.3827183],[-123.0888255,49.3826371]]}},{"type":"Feature","id":"72174042","properties":{"kind":"stream","name":"","osmWayId":"72174042"},"geometry":{"type":"LineString","coordinates":[[-123.0820018,49.3882913],[-123.0820282,49.388156],[-123.0820428,49.3881033],[-123.0820424,49.3880306],[-123.0820276,49.387968],[-123.082015,49.3879324],[-123.0820273,49.3878412],[-123.0820283,49.3878241],[-123.0820415,49.38777],[-123.0820552,49.3876803],[-123.0820679,49.3876076],[-123.0820689,49.3875364],[-123.0820822,49.3874552],[-123.0820819,49.3873285],[-123.0820813,49.3871675],[-123.0820814,49.3870593],[-123.0820951,49.3869966],[-123.0820942,49.3869326],[-123.0821084,49.3868613],[-123.0821233,49.3867887],[-123.0821353,49.3867175],[-123.0821371,49.3866449],[-123.0821907,49.3865195],[-123.0822188,49.3864469],[-123.0822325,49.3863842],[-123.0822329,49.3863486],[-123.0822466,49.386286],[-123.0822599,49.3862048],[-123.0822731,49.3861507],[-123.0822995,49.3860154],[-123.0823137,49.3859171]]}},{"type":"Feature","id":"72174753","properties":{"kind":"stream","name":"","osmWayId":"72174753"},"geometry":{"type":"LineString","coordinates":[[-123.0708699,49.3786769],[-123.0708492,49.3786975],[-123.0708312,49.3787097],[-123.070732,49.3787219],[-123.0706652,49.3787402],[-123.0706026,49.3787627],[-123.0705594,49.3787944],[-123.0705057,49.3788122],[-123.0704388,49.3788286],[-123.0703771,49.378836],[-123.0703341,49.3788174],[-123.0702936,49.3788139],[-123.070185,49.3788318],[-123.0700999,49.3788366],[-123.0700466,49.3788458],[-123.0699656,49.3788649],[-123.0698958,49.3788698],[-123.0697966,49.3788692],[-123.0697166,49.378881],[-123.0696428,49.3788948],[-123.0696099,49.378917],[-123.0695254,49.378947],[-123.0694105,49.3789494],[-123.0693187,49.3789511],[-123.0692773,49.3789661],[-123.0691669,49.3789614],[-123.0690691,49.3789623],[-123.068979,49.3789473],[-123.0688827,49.3789455],[-123.0688392,49.3789378],[-123.0688044,49.3789132],[-123.0687685,49.3788786],[-123.0687414,49.3788641],[-123.0687134,49.3788372],[-123.0686883,49.3788204],[-123.0686306,49.3787942],[-123.0685848,49.3787873],[-123.0685416,49.3787885],[-123.0684226,49.3787879],[-123.0683306,49.378773],[-123.0681825,49.378754],[-123.0681383,49.3787279],[-123.0680954,49.3787056],[-123.0680695,49.3786878],[-123.0680493,49.3786581],[-123.0680062,49.3786216],[-123.0679773,49.3786121],[-123.0678625,49.3786055],[-123.067828,49.3786143],[-123.0677788,49.3786239],[-123.0677217,49.3786271],[-123.0676651,49.3786303],[-123.0676239,49.3786376],[-123.0675949,49.3786407],[-123.067544,49.3786591],[-123.0674855,49.3786536],[-123.0674432,49.3786567],[-123.0674124,49.3786692],[-123.0673837,49.3786851],[-123.0673323,49.3786821],[-123.0673014,49.3786681],[-123.0672211,49.3786526],[-123.0670869,49.3786213],[-123.0669788,49.3786081],[-123.0669343,49.3785861],[-123.0668795,49.3785731],[-123.0667626,49.3785698]]}},{"type":"Feature","id":"72175557","properties":{"kind":"stream","name":"Drifter Creek","osmWayId":"72175557"},"geometry":{"type":"LineString","coordinates":[[-123.085163,49.3841069],[-123.0852309,49.3840799],[-123.0853425,49.3840257],[-123.0854663,49.3839887],[-123.0856589,49.3839346],[-123.0857282,49.383909],[-123.0858092,49.3838819],[-123.0859198,49.3838449],[-123.0860434,49.3838007],[-123.0861672,49.3837637],[-123.0862788,49.3837366],[-123.086362,49.3837096],[-123.0865817,49.3836654],[-123.0866513,49.3836469],[-123.0867476,49.3836198],[-123.0868422,49.3835842],[-123.0869801,49.3835301]]}},{"type":"Feature","id":"72175720","properties":{"kind":"stream","name":"","osmWayId":"72175720"},"geometry":{"type":"LineString","coordinates":[[-123.0753371,49.3915427],[-123.0753228,49.3914715],[-123.0752683,49.3913092],[-123.0751158,49.3911382],[-123.0745781,49.3907979],[-123.0742884,49.3904831],[-123.0739303,49.3903122]]}},{"type":"Feature","id":"72175893","properties":{"kind":"stream","name":"","osmWayId":"72175893"},"geometry":{"type":"LineString","coordinates":[[-123.0838435,49.3940294],[-123.0850707,49.3943427],[-123.0865457,49.3945934],[-123.0870134,49.394656],[-123.087855,49.3946731],[-123.0881722,49.3947273]]}},{"type":"Feature","id":"72175900","properties":{"kind":"stream","name":"","osmWayId":"72175900"},"geometry":{"type":"LineString","coordinates":[[-123.0920141,49.3853431],[-123.0921101,49.3852164],[-123.0921506,49.3850369],[-123.0921362,49.3845954],[-123.0920664,49.3841553],[-123.0921346,49.3835258],[-123.0921338,49.3832111],[-123.0922978,49.3825631],[-123.0922698,49.3822654],[-123.0921588,49.3818709],[-123.092144,49.381465],[-123.0921981,49.3813041]]}},{"type":"Feature","id":"72176699","properties":{"kind":"stream","name":"","osmWayId":"72176699"},"geometry":{"type":"LineString","coordinates":[[-123.0904342,49.388052],[-123.0910272,49.3883838],[-123.0913713,49.3885177],[-123.0920894,49.3888681],[-123.0930537,49.3894249],[-123.0934412,49.3896058],[-123.0939642,49.3899376],[-123.0940879,49.3900088],[-123.0945166,49.3902253],[-123.0951365,49.3903863],[-123.0954532,49.3905031],[-123.096558,49.3910514],[-123.0973572,49.3913476],[-123.0974542,49.3914544]]}},{"type":"Feature","id":"72176741","properties":{"kind":"stream","name":"","osmWayId":"72176741"},"geometry":{"type":"LineString","coordinates":[[-123.074018,49.4033451],[-123.0740169,49.4032198],[-123.0743612,49.4029407],[-123.0747342,49.402418],[-123.0749533,49.4016532],[-123.0749923,49.4008898],[-123.0750746,49.4004668],[-123.0754191,49.39989],[-123.0761855,49.3993374]]}},{"type":"Feature","id":"72176805","properties":{"kind":"stream","name":"Drifter Creek","osmWayId":"72176805"},"geometry":{"type":"LineString","coordinates":[[-123.0831953,49.3850341],[-123.0832917,49.3849529],[-123.08336,49.3849173],[-123.0833867,49.3849088],[-123.0834568,49.3848546],[-123.0835943,49.3847549],[-123.0836753,49.3847008],[-123.083868,49.3845926],[-123.0839516,49.384557]]}},{"type":"Feature","id":"72177480","properties":{"kind":"stream","name":"","osmWayId":"72177480"},"geometry":{"type":"LineString","coordinates":[[-123.082964,49.387347],[-123.0829904,49.3872658],[-123.0830058,49.3872117],[-123.0830195,49.387149],[-123.0830453,49.3870764],[-123.0830743,49.3870137],[-123.083087,49.3869682],[-123.0831156,49.386914],[-123.0831275,49.3868158],[-123.0831412,49.3867802],[-123.0831688,49.3867161],[-123.083196,49.3866719],[-123.083225,49.3866093],[-123.0832526,49.3865181],[-123.0832515,49.3864469],[-123.0832652,49.3863572],[-123.0832796,49.3863201],[-123.0832934,49.3861763],[-123.083307,49.3861407],[-123.0833202,49.3860595],[-123.0833339,49.3860239],[-123.0833344,49.3859612],[-123.0833481,49.3858715],[-123.0833482,49.3858174],[-123.0833605,49.3857533],[-123.0833466,49.3857006],[-123.083348,49.3856365],[-123.0833189,49.3855027],[-123.0833054,49.38543],[-123.0832924,49.3853759],[-123.0832362,49.3851779],[-123.0831953,49.3850341]]}},{"type":"Feature","id":"72178736","properties":{"kind":"stream","name":"Drifter Creek","osmWayId":"72178736"},"geometry":{"type":"LineString","coordinates":[[-123.0823137,49.3859171],[-123.0823964,49.3858715],[-123.0824512,49.3857903],[-123.0825201,49.3857191],[-123.0826445,49.3855383],[-123.0826998,49.3854756],[-123.082755,49.3854129],[-123.0828497,49.3853232],[-123.0829745,49.385215],[-123.0830577,49.3851608],[-123.0831953,49.3850341]]}},{"type":"Feature","id":"72179482","properties":{"kind":"stream","name":"Coffin Creek","osmWayId":"72179482"},"geometry":{"type":"LineString","coordinates":[[-123.0731577,49.3811401],[-123.0730469,49.3810899],[-123.0728933,49.381048],[-123.0727656,49.3809857],[-123.0726515,49.380942],[-123.072604,49.3809045],[-123.072501,49.3808456],[-123.072379,49.380798],[-123.0722651,49.3807356],[-123.0721772,49.3807296],[-123.0721017,49.3806693],[-123.0720547,49.3806433],[-123.0719831,49.380622],[-123.071919,49.3806078],[-123.0718618,49.3806142],[-123.0717804,49.3806196],[-123.0717388,49.3806111],[-123.0716996,49.3806132],[-123.0716651,49.3806274],[-123.0715737,49.3806611],[-123.071494,49.3806637],[-123.0714011,49.3806454],[-123.0713677,49.3806495],[-123.0713386,49.3806623],[-123.0712934,49.3806527],[-123.071238,49.3806209],[-123.0711956,49.3806107],[-123.0711309,49.3806201],[-123.0710695,49.3806207],[-123.070982,49.3805988],[-123.0709018,49.3806105],[-123.0708682,49.3805997],[-123.0708178,49.3805978],[-123.0703137,49.3804116],[-123.0702566,49.3803877],[-123.0701973,49.3803616],[-123.070162,49.3803317],[-123.0701338,49.3803207],[-123.0689811,49.3802858]]}},{"type":"Feature","id":"72180109","properties":{"kind":"stream","name":"Drifter Creek","osmWayId":"72180109"},"geometry":{"type":"LineString","coordinates":[[-123.0921981,49.3813041],[-123.092294,49.3812585],[-123.0930788,49.3806732],[-123.093603,49.3803584],[-123.09396,49.3800608],[-123.0944556,49.3798001],[-123.0950055,49.3795751],[-123.0958315,49.37889],[-123.0960931,49.3786294],[-123.0967938,49.3781423],[-123.0974131,49.3778988],[-123.0980314,49.3777134],[-123.0982539,49.3776467],[-123.0992307,49.377124],[-123.0998084,49.3769887],[-123.1012414,49.3767722],[-123.1020803,49.3765814],[-123.1032754,49.3761402],[-123.1034845,49.3761193],[-123.1044075,49.3757255],[-123.1061702,49.3752284],[-123.1067334,49.3751301],[-123.107478,49.3751017],[-123.1086353,49.3749393],[-123.109212,49.3748211],[-123.1096112,49.3746958],[-123.1102034,49.3743881],[-123.1105894,49.3742628],[-123.1111502,49.3741551],[-123.1146453,49.372914]]}},{"type":"Feature","id":"72180585","properties":{"kind":"stream","name":"Fromme Creek","osmWayId":"72180585"},"geometry":{"type":"LineString","coordinates":[[-123.0590382,49.3828365],[-123.0591533,49.3827841],[-123.0592445,49.3826933],[-123.0593688,49.3825246],[-123.059381,49.3824918],[-123.0595199,49.3824189],[-123.0595298,49.3824125],[-123.0597253,49.3822968],[-123.0604286,49.3819905],[-123.0611448,49.3815846],[-123.0614755,49.3812258],[-123.061861,49.3809552],[-123.0624643,49.3799197],[-123.0630018,49.379605],[-123.0634857,49.3793886],[-123.0636159,49.3793438],[-123.0636883,49.3792903],[-123.0637802,49.3792056],[-123.0638234,49.3791696],[-123.0638464,49.3791577]]}},{"type":"Feature","id":"72180623","properties":{"kind":"stream","name":"","osmWayId":"72180623"},"geometry":{"type":"LineString","coordinates":[[-123.0630132,49.3667594],[-123.0631471,49.3667694],[-123.0632249,49.3667919],[-123.0632696,49.3667882],[-123.0632936,49.3667753],[-123.06332,49.3667483],[-123.0633321,49.3667224],[-123.0633366,49.3666882],[-123.0633435,49.3666676],[-123.0633626,49.3666451],[-123.0634134,49.3665973],[-123.0634849,49.3665219],[-123.0634999,49.3664817],[-123.0635182,49.3664661],[-123.0635376,49.3664271],[-123.0635752,49.3664119],[-123.0636035,49.3663834],[-123.0636372,49.3663587],[-123.0636627,49.3663339],[-123.0636952,49.3663188],[-123.0637208,49.3663019],[-123.0637383,49.3662696],[-123.0637679,49.3662347],[-123.0638451,49.3662143],[-123.0639186,49.3661799],[-123.0640064,49.3661524],[-123.0640576,49.3661321],[-123.0640957,49.3661112],[-123.0641628,49.3660895],[-123.0642398,49.3660442],[-123.0642986,49.3660337],[-123.0643248,49.3660143],[-123.0643723,49.3659968],[-123.064408,49.365988],[-123.0644381,49.3659843],[-123.0644767,49.3659637],[-123.0645035,49.3659317],[-123.0645486,49.3659013],[-123.0645815,49.3658648],[-123.0646485,49.3658428],[-123.0647102,49.3658092],[-123.0648231,49.3657926],[-123.0649023,49.3657712],[-123.0649187,49.3657511],[-123.0649744,49.3657361],[-123.0651048,49.3657247],[-123.0651877,49.365698],[-123.0652944,49.3656899],[-123.0653688,49.3656557],[-123.0654335,49.3656392],[-123.0655082,49.3656217],[-123.0655723,49.3655973],[-123.0656711,49.365569],[-123.0657826,49.3655385],[-123.0658272,49.365519],[-123.0659209,49.3654845],[-123.0660618,49.3654161],[-123.0661262,49.3653698],[-123.066176,49.3653403],[-123.0662435,49.3653135],[-123.0662746,49.3652694],[-123.0663342,49.3652364],[-123.0663858,49.3651964],[-123.0664371,49.365169],[-123.0664904,49.3651274],[-123.0665728,49.3650967],[-123.0666183,49.3650612],[-123.0667112,49.3650455],[-123.0667548,49.3650263],[-123.0667988,49.3650138],[-123.0668828,49.3650082],[-123.0669155,49.3650019],[-123.0670178,49.364982],[-123.0670544,49.364945],[-123.0670834,49.3649277],[-123.0671468,49.3649136],[-123.0671958,49.364883],[-123.0672478,49.3648725],[-123.0672825,49.3648455],[-123.0673553,49.3648128],[-123.0674209,49.3648019],[-123.0675284,49.3647903],[-123.0676204,49.3647993],[-123.0677066,49.364806],[-123.0694834,49.3647234],[-123.0715915,49.3645426],[-123.0719066,49.3644614]]}},{"type":"Feature","id":"72181474","properties":{"kind":"stream","name":"","osmWayId":"72181474"},"geometry":{"type":"LineString","coordinates":[[-123.0809554,49.397251],[-123.0807342,49.3974674],[-123.0803632,49.3977281],[-123.0800193,49.3980798],[-123.0795519,49.3984487],[-123.0793172,49.3985926],[-123.0787655,49.3988632],[-123.0784502,49.3989714],[-123.0781328,49.3990526],[-123.0777459,49.3990711],[-123.0773186,49.3991338]]}},{"type":"Feature","id":"72182080","properties":{"kind":"stream","name":"","osmWayId":"72182080"},"geometry":{"type":"LineString","coordinates":[[-123.0736192,49.3953041],[-123.0734414,49.3954208],[-123.0733581,49.3955291],[-123.073331,49.3958624],[-123.0736638,49.3967069],[-123.0737063,49.3970758],[-123.0738292,49.3975073]]}},{"type":"Feature","id":"72182298","properties":{"kind":"stream","name":"Grousewoods Spur","osmWayId":"72182298"},"geometry":{"type":"LineString","coordinates":[[-123.0829749,49.3755479],[-123.0830803,49.3754829],[-123.0831439,49.3754241],[-123.0833251,49.3753292],[-123.083489,49.3752244],[-123.0835524,49.3751548],[-123.0836158,49.3750757],[-123.0836317,49.3750475],[-123.0836556,49.3750161],[-123.0836923,49.3750048],[-123.0837541,49.3749815],[-123.0838205,49.3749369],[-123.0838596,49.3749114],[-123.0838785,49.3748946],[-123.0839034,49.3748785],[-123.0840014,49.3748456],[-123.0840499,49.3748458],[-123.0841054,49.37486],[-123.084145,49.3748597],[-123.0842464,49.3748342],[-123.0846657,49.3746682],[-123.0848468,49.374591],[-123.0850456,49.3744904],[-123.0851167,49.3744427],[-123.0851564,49.3744242],[-123.0852471,49.374404],[-123.0853171,49.3743741],[-123.0853815,49.3743405],[-123.0854442,49.3743255],[-123.0857223,49.3742893],[-123.0858734,49.3742658],[-123.0859627,49.3741995],[-123.086056,49.374158],[-123.0861339,49.3741118],[-123.0862134,49.3740564],[-123.0863022,49.3740037],[-123.0864223,49.373969],[-123.0865057,49.3739335],[-123.0866161,49.3738691],[-123.0866821,49.3738443],[-123.0868185,49.3738177],[-123.0870319,49.3737732],[-123.087129,49.3737315],[-123.0871697,49.3737228],[-123.0872151,49.3737222],[-123.0872468,49.3737082],[-123.0873028,49.373695],[-123.0873805,49.3736674],[-123.0874454,49.3736454],[-123.0875185,49.3736347],[-123.0876078,49.3735638],[-123.0876153,49.3735382],[-123.0876204,49.3734855],[-123.0876269,49.373459],[-123.0877073,49.3734097],[-123.0878374,49.3733864],[-123.0878556,49.3733675],[-123.0879164,49.3733621],[-123.0879837,49.3733409],[-123.0881335,49.3733226],[-123.0882653,49.3732907],[-123.0883983,49.3732727],[-123.0884955,49.3732393],[-123.0886621,49.3732219],[-123.088761,49.3731961],[-123.0889518,49.3731643],[-123.0892556,49.3730909],[-123.0893684,49.3730784],[-123.0895144,49.3730568],[-123.0895967,49.3730583],[-123.090281,49.3729041],[-123.090914,49.372652],[-123.0914377,49.3725262],[-123.0924012,49.372182],[-123.0927743,49.3719755],[-123.0934324,49.3713631],[-123.0937225,49.371202],[-123.095515,49.3703705],[-123.096008,49.3699853],[-123.0960557,49.3698956],[-123.0960356,49.3697978],[-123.0958135,49.3690464],[-123.0957364,49.3687463],[-123.0956266,49.3685154],[-123.0954061,49.3681184]]}},{"type":"Feature","id":"72182845","properties":{"kind":"stream","name":"","osmWayId":"72182845"},"geometry":{"type":"LineString","coordinates":[[-123.0847975,49.3794569],[-123.0849416,49.3793691],[-123.0851923,49.3792883],[-123.0854149,49.3792014],[-123.0855836,49.3790792],[-123.0857574,49.3788919],[-123.0859387,49.3787242],[-123.0862712,49.3785276],[-123.086492,49.3783876],[-123.0867437,49.3782148],[-123.0869169,49.3781495],[-123.0871791,49.3780648],[-123.0873699,49.3779866],[-123.0876046,49.3779276],[-123.0877126,49.3778788],[-123.087878,49.3778443],[-123.0880982,49.3777791],[-123.0882114,49.3777113],[-123.0883898,49.3776691],[-123.0885824,49.3776664],[-123.0886854,49.377649],[-123.0888236,49.377643],[-123.0889342,49.3776527]]}},{"type":"Feature","id":"72183086","properties":{"kind":"stream","name":"","osmWayId":"72183086"},"geometry":{"type":"LineString","coordinates":[[-123.066988,49.3932575],[-123.0667536,49.3934198],[-123.0662172,49.3936634],[-123.0659145,49.3938613],[-123.0658325,49.3939596],[-123.0646052,49.3946532],[-123.0636682,49.3949509],[-123.0622227,49.3952115],[-123.0613963,49.3953297],[-123.0600736,49.39569]]}},{"type":"Feature","id":"72184395","properties":{"kind":"stream","name":"Grouse Creek","osmWayId":"72184395"},"geometry":{"type":"LineString","coordinates":[[-123.0889342,49.3776527],[-123.0891638,49.3775907],[-123.0893329,49.3775309],[-123.0894449,49.3775096],[-123.0895247,49.3774639],[-123.089677,49.3773789],[-123.0898501,49.3773019],[-123.0899701,49.3772424],[-123.0901926,49.3771768],[-123.0904427,49.3770872],[-123.0906993,49.3769682],[-123.0910744,49.3768956],[-123.0913499,49.3768261],[-123.0915946,49.3767579],[-123.0918268,49.3766291],[-123.0920844,49.3764494],[-123.0923118,49.376363],[-123.0926098,49.3762013],[-123.0928419,49.3761045],[-123.0931117,49.3759361],[-123.0932679,49.3758191],[-123.0933506,49.3757118],[-123.0934682,49.3756722],[-123.0936443,49.3756278],[-123.093972,49.3756182],[-123.09414,49.3755785],[-123.0942834,49.3755678],[-123.0943927,49.3755752],[-123.0945263,49.3756091],[-123.0946575,49.3756037],[-123.094827,49.3755603],[-123.0949843,49.3755402],[-123.0951756,49.3755016],[-123.0953854,49.3754811],[-123.0955378,49.3754519],[-123.0956773,49.3753965],[-123.0960548,49.3753587],[-123.0961076,49.3753534],[-123.0963549,49.3753522],[-123.096579,49.3753707],[-123.0967607,49.3753213],[-123.0969683,49.3753063],[-123.097114,49.3752364],[-123.0972855,49.3751087],[-123.0975551,49.3749664],[-123.0979374,49.3748195],[-123.0982117,49.3747039],[-123.0984351,49.3746295],[-123.0984751,49.3746162],[-123.0986761,49.3746006],[-123.0989755,49.3745267]]}},{"type":"Feature","id":"72185221","properties":{"kind":"stream","name":"","osmWayId":"72185221"},"geometry":{"type":"LineString","coordinates":[[-123.0743348,49.393595],[-123.0745118,49.3934141],[-123.0746356,49.3931806],[-123.0750614,49.3922178],[-123.075227,49.3917136],[-123.0753371,49.3915427]]}},{"type":"Feature","id":"72186121","properties":{"kind":"stream","name":"","osmWayId":"72186121"},"geometry":{"type":"LineString","coordinates":[[-123.0738292,49.3975073],[-123.0738908,49.3975799],[-123.0737628,49.3985203]]}},{"type":"Feature","id":"72187591","properties":{"kind":"stream","name":"","osmWayId":"72187591"},"geometry":{"type":"LineString","coordinates":[[-123.082125,49.3967012],[-123.0826901,49.3966656],[-123.0832832,49.3965303],[-123.0836138,49.3963679],[-123.0841081,49.3962141],[-123.0843713,49.3960703],[-123.0851838,49.3957911],[-123.0863395,49.3954664],[-123.0864223,49.3954208],[-123.0865059,49.3953852],[-123.0868233,49.3953041],[-123.0881722,49.3947273],[-123.0882817,49.3946731],[-123.0883517,49.394619],[-123.08853,49.3945478],[-123.0893427,49.3940251],[-123.0896715,49.3939083],[-123.0898248,49.3938001],[-123.0902092,49.3936278],[-123.0905406,49.3934754],[-123.0906781,49.3934027],[-123.0909679,49.3933315],[-123.0915999,49.3932048],[-123.0919868,49.3931863],[-123.0926482,49.3930154],[-123.0927572,49.3929698],[-123.0931714,49.3927989],[-123.093583,49.3925553],[-123.0941631,49.3922847],[-123.0943955,49.3922221],[-123.0962139,49.3916082],[-123.0974542,49.3914544],[-123.097771,49.391463],[-123.0985434,49.39149],[-123.0991218,49.3915698],[-123.1006657,49.3915598],[-123.1010508,49.3915328],[-123.1016429,49.3915498],[-123.1025679,49.3917208],[-123.1029253,49.3917464],[-123.1034772,49.3917378],[-123.1040282,49.3916381]]}},{"type":"Feature","id":"72188036","properties":{"kind":"stream","name":"","osmWayId":"72188036"},"geometry":{"type":"LineString","coordinates":[[-123.0694829,49.4029791],[-123.0695237,49.4028723],[-123.0697577,49.4026103],[-123.0699219,49.402502],[-123.0703348,49.402052],[-123.070542,49.4019181],[-123.0708732,49.4016119],[-123.0710786,49.4014851],[-123.0714644,49.4013413],[-123.0721259,49.4011974],[-123.0726093,49.4010436],[-123.0731594,49.4007374],[-123.0733373,49.4005124],[-123.0733795,49.4003415],[-123.073158,49.3992349],[-123.0731849,49.3990099]]}},{"type":"Feature","id":"72188676","properties":{"kind":"stream","name":"","osmWayId":"72188676"},"geometry":{"type":"LineString","coordinates":[[-123.0982322,49.4017899],[-123.0982738,49.4016546],[-123.098287,49.4016005],[-123.098287,49.4015734],[-123.0982739,49.4015193],[-123.0982595,49.4014481],[-123.0982328,49.4014025],[-123.0982044,49.4013484],[-123.0981615,49.4013043],[-123.0980928,49.4012402],[-123.0980254,49.4012046],[-123.0979428,49.4011148],[-123.0978597,49.4009795],[-123.097858,49.4009439],[-123.0978169,49.4008813],[-123.0978042,49.4008186],[-123.0977627,49.4007104],[-123.0977615,49.4005309],[-123.0977742,49.4004583],[-123.0977752,49.4003871],[-123.0977752,49.4003059],[-123.0977889,49.400162],[-123.0977889,49.3999997],[-123.0977885,49.3999812],[-123.0977885,49.3999541],[-123.0978008,49.3999014],[-123.0978005,49.3997747],[-123.0977878,49.3996308],[-123.0977862,49.3995681],[-123.0978015,49.399514],[-123.0977867,49.3994514],[-123.0977862,49.3994058],[-123.0977736,49.3993431],[-123.0977731,49.3992975],[-123.0977588,49.3991722],[-123.0977445,49.3990198],[-123.0977315,49.3988845],[-123.0977018,49.3987592],[-123.0976878,49.3986951],[-123.0976205,49.3984971],[-123.0976062,49.3983447],[-123.097605,49.3982465],[-123.0975915,49.3980385],[-123.0975915,49.3979844],[-123.0975908,49.3977964],[-123.0975913,49.3977067],[-123.0975892,49.3976255]]}},{"type":"Feature","id":"72191738","properties":{"kind":"stream","name":"","osmWayId":"72191738"},"geometry":{"type":"LineString","coordinates":[[-123.0873595,49.3868841],[-123.0873579,49.3867944],[-123.087358,49.3867403],[-123.0873301,49.3866776],[-123.0872886,49.3866235],[-123.0872624,49.3865423],[-123.0872481,49.3864711],[-123.0872477,49.3864526],[-123.0872334,49.3863814],[-123.0872067,49.3863088],[-123.0872051,49.3862731],[-123.0871784,49.3862005],[-123.087179,49.3861378],[-123.087179,49.3861108],[-123.0871778,49.3860396],[-123.0871774,49.3859669],[-123.0871784,49.3858957],[-123.0871785,49.3858416],[-123.0871919,49.3856251],[-123.0872039,49.3855539],[-123.0872184,49.3854357],[-123.087233,49.385383],[-123.0872321,49.3853189],[-123.0872327,49.3852563],[-123.0872179,49.3852207],[-123.0872184,49.385158],[-123.0872184,49.3851309],[-123.0871896,49.3850854],[-123.087177,49.3850227],[-123.0871907,49.38496],[-123.0871903,49.3848874],[-123.0871888,49.3847435],[-123.0871893,49.3846809],[-123.0871894,49.3846268],[-123.0872021,49.3845541],[-123.0872036,49.3845014],[-123.0872027,49.3844644],[-123.0872028,49.3843832],[-123.0872016,49.3843391],[-123.0872169,49.384312],[-123.0872171,49.3841496],[-123.0872304,49.3840685],[-123.0872292,49.3839973],[-123.0872424,49.3839431],[-123.0872429,49.3838805],[-123.0872715,49.3837722],[-123.0872984,49.3836825],[-123.0872967,49.3836198],[-123.0873243,49.3835558],[-123.087367,49.3834034]]}},{"type":"Feature","id":"72191775","properties":{"kind":"stream","name":"","osmWayId":"72191775"},"geometry":{"type":"LineString","coordinates":[[-123.0793472,49.38358],[-123.0795129,49.3836426],[-123.079596,49.3836697],[-123.0796506,49.3836968],[-123.0797333,49.3837324],[-123.0798037,49.3837509],[-123.0798715,49.3837779],[-123.0799414,49.383805],[-123.0799961,49.3838321],[-123.0801334,49.3838677],[-123.0802296,49.3839218],[-123.0803402,49.3839659],[-123.0804097,49.3840015],[-123.0804784,49.3840386],[-123.0806437,49.3840827],[-123.0807268,49.3841098],[-123.0808365,49.3841553],[-123.0809892,49.384191],[-123.0811676,49.3842351],[-123.0814983,49.3842807],[-123.081581,49.3842892],[-123.0817599,49.3842978],[-123.081801,49.3843063],[-123.0820902,49.3843248],[-123.0822014,49.3843334],[-123.0822845,49.3843334],[-123.0824621,49.3843519],[-123.0825737,49.3843789],[-123.0826843,49.384396],[-123.082781,49.3844146],[-123.0828348,49.3844316],[-123.0831388,49.3844858],[-123.0832215,49.3844943],[-123.0833308,49.3845214],[-123.0835517,49.3845484],[-123.0837447,49.3845669],[-123.0839516,49.384557]]}},{"type":"Feature","id":"72192456","properties":{"kind":"stream","name":"Drifter Creek","osmWayId":"72192456"},"geometry":{"type":"LineString","coordinates":[[-123.0790261,49.3890048],[-123.0790253,49.3889136],[-123.0790246,49.3888609],[-123.0789975,49.3887698],[-123.0789417,49.3886445],[-123.0789151,49.3885989],[-123.0789012,49.3885462],[-123.0789146,49.3883568],[-123.0789283,49.38824],[-123.0789551,49.3881773],[-123.0789837,49.3880961],[-123.0790522,49.3879523],[-123.0791202,49.3877629],[-123.079175,49.3876817],[-123.0792036,49.3876276],[-123.0792846,49.3875193],[-123.079288,49.3872469],[-123.0793385,49.3871381],[-123.0794699,49.3870774],[-123.0796095,49.3870575],[-123.0798244,49.3870092],[-123.0801001,49.3869265],[-123.0802072,49.3868386],[-123.0803197,49.3867996],[-123.0804889,49.3867285],[-123.0806126,49.3866953],[-123.0806747,49.386653],[-123.0807302,49.3866294],[-123.0807913,49.3865859],[-123.0810609,49.3864623],[-123.0812312,49.3863913],[-123.0813906,49.3863546],[-123.0816672,49.3863315],[-123.0817899,49.3862504],[-123.0818731,49.3861962],[-123.0819558,49.3861507],[-123.082011,49.3861151],[-123.0820947,49.3860524],[-123.0822449,49.3859612],[-123.0823137,49.3859171]]}},{"type":"Feature","id":"72192612","properties":{"kind":"stream","name":"","osmWayId":"72192612"},"geometry":{"type":"LineString","coordinates":[[-123.086695,49.3932532],[-123.0869008,49.3931991],[-123.0871224,49.3930823],[-123.087906,49.3927846],[-123.0886496,49.392299],[-123.0890362,49.3921537],[-123.0891456,49.3920725]]}},{"type":"Feature","id":"72192873","properties":{"kind":"stream","name":"Colwood Creek","osmWayId":"72192873"},"geometry":{"type":"LineString","coordinates":[[-123.0972939,49.3869938],[-123.0978459,49.3871006],[-123.0982857,49.3871277],[-123.0987415,49.3872074],[-123.0995549,49.3872701],[-123.0999115,49.3873242],[-123.1006299,49.3873498],[-123.1017317,49.3873399],[-123.1024892,49.3872772],[-123.1030122,49.3871419],[-123.1040306,49.3870052],[-123.1044577,49.3869966],[-123.1050502,49.3868699],[-123.1056147,49.3868428],[-123.1061526,49.386689],[-123.1069657,49.3865979],[-123.1084111,49.3863444],[-123.1093334,49.3860567],[-123.1096087,49.3858758],[-123.1101187,49.3856323],[-123.1112343,49.3853161],[-123.1117441,49.3852349],[-123.1123507,49.3850911],[-123.1129284,49.3848475],[-123.1136442,49.3843875],[-123.114317,49.3840457],[-123.114538,49.3839916],[-123.1155693,49.383523],[-123.1162165,49.3833151],[-123.1166165,49.3831342],[-123.1170565,49.3828907],[-123.1175793,49.3825047],[-123.117951,49.3821073],[-123.1182804,49.3816843],[-123.1188434,49.381297],[-123.1193384,49.3810449],[-123.1194088,49.3809833],[-123.123356,49.3792133]]}},{"type":"Feature","id":"72193478","properties":{"kind":"stream","name":"","osmWayId":"72193478"},"geometry":{"type":"LineString","coordinates":[[-123.0695274,49.3958282],[-123.068576,49.3958196],[-123.0682597,49.3957755],[-123.0676956,49.3957669],[-123.0673214,49.3957128],[-123.0664138,49.3957043],[-123.0649115,49.395606],[-123.0644424,49.3955533],[-123.0639863,49.3955433],[-123.0634094,49.3956886],[-123.0628156,49.3959136],[-123.062443,49.3959763],[-123.0619209,49.3959863],[-123.0600736,49.39569]]}},{"type":"Feature","id":"72193481","properties":{"kind":"stream","name":"","osmWayId":"72193481"},"geometry":{"type":"LineString","coordinates":[[-123.0862419,49.3869297],[-123.0862425,49.386867],[-123.0862434,49.3868229],[-123.086202,49.3867417],[-123.08616,49.3866691],[-123.0861457,49.3866249],[-123.0861033,49.3865608],[-123.0860758,49.3865167],[-123.0860479,49.386454],[-123.0860064,49.3863728],[-123.0859934,49.3862917],[-123.0859799,49.3862461],[-123.085966,49.3861934],[-123.0859661,49.3861393],[-123.0859526,49.3860666],[-123.085951,49.3859769],[-123.0859367,49.3858516],[-123.0859228,49.3857875],[-123.0859233,49.3857248],[-123.0859369,49.3856892],[-123.085937,49.3856351],[-123.0859228,49.3854827],[-123.0859224,49.3854101],[-123.0859225,49.385356],[-123.0859099,49.3852933],[-123.0859079,49.3851309],[-123.0859233,49.3851039],[-123.0859216,49.3850412],[-123.0859371,49.38496],[-123.0859358,49.3849429],[-123.0859354,49.3849244],[-123.0859486,49.3848432],[-123.0859911,49.3847991],[-123.0860043,49.384772],[-123.086045,49.3847079],[-123.086074,49.3846453],[-123.0861157,49.3845912],[-123.0862529,49.3844302],[-123.0863493,49.384322],[-123.0864041,49.3842679],[-123.086472,49.3841596],[-123.0865137,49.3841055],[-123.0865548,49.3840599],[-123.0866101,49.3839973],[-123.0866368,49.3839617],[-123.0867206,49.3838449],[-123.0867753,49.3837907],[-123.086856,49.3836911],[-123.0869801,49.3835301]]}},{"type":"Feature","id":"72193774","properties":{"kind":"stream","name":"Grousewoods Spur 2b","osmWayId":"72193774"},"geometry":{"type":"LineString","coordinates":[[-123.0889599,49.3755136],[-123.0891441,49.375405],[-123.0895553,49.3749194],[-123.0905025,49.3735507],[-123.0912479,49.3728339],[-123.0914377,49.3725262]]}},{"type":"Feature","id":"72197642","properties":{"kind":"stream","name":"Kennedy Creek","osmWayId":"72197642"},"geometry":{"type":"LineString","coordinates":[[-123.0761855,49.3993374],[-123.0751692,49.3986367]]}},{"type":"Feature","id":"72198359","properties":{"kind":"stream","name":"Kennedy Creek","osmWayId":"72198359"},"geometry":{"type":"LineString","coordinates":[[-123.0721645,49.398463],[-123.0718879,49.398453],[-123.0707301,49.3982564],[-123.0701655,49.3982023],[-123.0681388,49.398114],[-123.0674363,49.398114],[-123.0666907,49.3980243],[-123.0655607,49.3979445],[-123.0647062,49.3977651],[-123.0635339,49.3973435],[-123.0634241,49.397298],[-123.0632583,49.3972353],[-123.0631905,49.3972082],[-123.0629002,49.3970103],[-123.0625008,49.3968308],[-123.0622799,49.3967767],[-123.0612468,49.3966343],[-123.0604882,49.3964634],[-123.060364,49.3964278],[-123.0598811,49.3962298],[-123.0596597,49.3961842],[-123.0590815,49.395915],[-123.0589426,49.3957627],[-123.0588187,49.3955376],[-123.0587357,49.3954023],[-123.0583768,49.3951787],[-123.0581707,49.3951332],[-123.0571932,49.3949893],[-123.0561714,49.3947387],[-123.0556899,49.3947387],[-123.0555517,49.3947201],[-123.0550823,49.3946219],[-123.054145,49.394515],[-123.0534971,49.3943883],[-123.0528223,49.3943627],[-123.052271,49.3943085],[-123.0518175,49.3943171],[-123.0516068,49.3943064],[-123.0512781,49.3942896],[-123.050923,49.3942769],[-123.0506385,49.3942544],[-123.0504536,49.3942747],[-123.050263,49.3943653],[-123.0500377,49.3944343],[-123.049818,49.3944823],[-123.0496451,49.3945189],[-123.0495279,49.3945071],[-123.0493086,49.3944666],[-123.0491309,49.394472],[-123.0489608,49.3944979],[-123.0488487,49.3945253],[-123.048741,49.3945783],[-123.048607,49.3946192],[-123.0484434,49.3946371],[-123.0482845,49.3946588],[-123.0482058,49.394638],[-123.0480146,49.3945663],[-123.0479962,49.3945666],[-123.0479054,49.3945771],[-123.0478145,49.3946072],[-123.0476994,49.3946399],[-123.0475606,49.3946608],[-123.0474498,49.3946937],[-123.0473703,49.3946996],[-123.0471914,49.3947202],[-123.0470922,49.3947163],[-123.0470031,49.3946958],[-123.0469608,49.3946776],[-123.0468525,49.3946815],[-123.0467126,49.3946954],[-123.0465608,49.3946645],[-123.0464161,49.394641],[-123.0463099,49.3946182],[-123.0462166,49.3946013],[-123.0461374,49.3945656],[-123.0459742,49.3945303],[-123.0459104,49.3945292],[-123.0456292,49.3945449],[-123.0455355,49.3945514],[-123.0454659,49.3945705],[-123.0453444,49.3945927],[-123.0452857,49.3946274],[-123.0451653,49.3946599],[-123.0450712,49.3946728],[-123.0449713,49.394716],[-123.0449128,49.3947342],[-123.0448325,49.394719],[-123.0447037,49.3947031],[-123.0446675,49.3947065],[-123.0445822,49.3947359],[-123.0443863,49.3947551],[-123.0443116,49.3948121],[-123.0441792,49.3948477],[-123.0440329,49.3948732],[-123.0436047,49.3948341],[-123.0432857,49.3948255],[-123.0431492,49.3947885],[-123.0425148,49.3944837],[-123.0419912,49.3941148],[-123.0411771,49.3937374],[-123.0407496,49.3935039],[-123.0405162,49.393333],[-123.0401717,49.3931806],[-123.0399915,49.3931165],[-123.0396617,49.3930538],[-123.039095,49.3929997],[-123.0388068,49.39291],[-123.0382971,49.3926593],[-123.0372621,49.3920469],[-123.036215,49.3916253],[-123.0360353,49.3915256],[-123.0357574,49.3915256],[-123.0356415,49.391302],[-123.0353623,49.3911311],[-123.0352997,49.3910636],[-123.0352723,49.3910215],[-123.0352635,49.3909786],[-123.0352339,49.3909515],[-123.0351931,49.3909256],[-123.0350943,49.3909007]]}},{"type":"Feature","id":"72198515","properties":{"kind":"stream","name":"Kennedy Creek","osmWayId":"72198515"},"geometry":{"type":"LineString","coordinates":[[-123.0773606,49.3995924],[-123.0767099,49.3995032]]}},{"type":"Feature","id":"72199424","properties":{"kind":"stream","name":"Kennedy Creek","osmWayId":"72199424"},"geometry":{"type":"LineString","coordinates":[[-123.07318,49.3985468],[-123.0721645,49.398463]]}},{"type":"Feature","id":"72200140","properties":{"kind":"stream","name":"Kennedy Creek","osmWayId":"72200140"},"geometry":{"type":"LineString","coordinates":[[-123.0751692,49.3986367],[-123.0737628,49.3985203]]}},{"type":"Feature","id":"72200639","properties":{"kind":"stream","name":"Kennedy Creek","osmWayId":"72200639"},"geometry":{"type":"LineString","coordinates":[[-123.0823657,49.3986911],[-123.0817711,49.3991124],[-123.0802968,49.399393],[-123.0798012,49.3994642],[-123.0773606,49.3995924]]}},{"type":"Feature","id":"72200646","properties":{"kind":"stream","name":"Kennedy Creek","osmWayId":"72200646"},"geometry":{"type":"LineString","coordinates":[[-123.0737628,49.3985203],[-123.07318,49.3985468]]}},{"type":"Feature","id":"72202148","properties":{"kind":"stream","name":"Kennedy Creek","osmWayId":"72202148"},"geometry":{"type":"LineString","coordinates":[[-123.0767099,49.3995032],[-123.0761855,49.3993374]]}},{"type":"Feature","id":"72202238","properties":{"kind":"stream","name":"Crown Creek","osmWayId":"72202238"},"geometry":{"type":"LineString","coordinates":[[-123.0807986,49.4029278],[-123.0813908,49.4029179],[-123.0830736,49.4030959],[-123.0837215,49.4030959],[-123.0843282,49.4030332],[-123.0846994,49.402915],[-123.0856219,49.4027085],[-123.086243,49.40269],[-123.0866698,49.4026088],[-123.0870548,49.4022115],[-123.0871648,49.4021217],[-123.087399,49.4020135],[-123.0880594,49.401609],[-123.0885011,49.4014011],[-123.088818,49.4013555],[-123.0895337,49.4013555],[-123.090389,49.4013099],[-123.0909536,49.4013099],[-123.0918637,49.4011561],[-123.0919881,49.4010023],[-123.0927442,49.4006334],[-123.0934478,49.4003728],[-123.0943837,49.4000922],[-123.0952647,49.3995881],[-123.0958156,49.3991565],[-123.0959256,49.3989586],[-123.0961571,49.3982835],[-123.0963919,49.3980585],[-123.0965709,49.3979588],[-123.0973694,49.3977238],[-123.0975892,49.3976255],[-123.0984576,49.3968963],[-123.0990906,49.3966172],[-123.0999563,49.3959777],[-123.1003022,49.3957883],[-123.1007291,49.3954636],[-123.1010317,49.3951574],[-123.1015406,49.3947885],[-123.1019943,49.3942929],[-123.1026395,49.3934825],[-123.1028458,49.3932845],[-123.1032725,49.3926821],[-123.1036835,49.392007],[-123.1040282,49.3916381],[-123.1050887,49.3913576],[-123.1062316,49.3909972],[-123.1071529,49.3907808],[-123.1081448,49.3904475],[-123.1096467,49.3897354],[-123.1111881,49.389274],[-123.1119178,49.3890133],[-123.1120547,49.3890034],[-123.1130341,49.3889663],[-123.1136253,49.3889848],[-123.1147545,49.3886601],[-123.1151146,49.388596],[-123.1157613,49.388559],[-123.1159127,49.3885775],[-123.11703,49.3889535],[-123.1175809,49.3889891],[-123.1180504,49.3891144],[-123.1183672,49.389123],[-123.1186565,49.3890603],[-123.1192894,49.3887541],[-123.1201988,49.3885277],[-123.1206658,49.3883753],[-123.1208728,49.3882841],[-123.1211337,49.3881132],[-123.1217534,49.3878882],[-123.1218366,49.3877529],[-123.1222605,49.3865295],[-123.122398,49.3862945],[-123.1226861,49.3860253],[-123.122892,49.3857006],[-123.1229036,49.3853132],[-123.1234134,49.3846026],[-123.1236322,49.3843861],[-123.1239984,49.3841235],[-123.1243471,49.3838734],[-123.1247306,49.3836795]]}},{"type":"Feature","id":"72203864","properties":{"kind":"stream","name":"Mosquito Creek","osmWayId":"72203864"},"geometry":{"type":"LineString","coordinates":[[-123.065088,49.3859821],[-123.0650951,49.3859635],[-123.0650638,49.3858819],[-123.0650806,49.3858466],[-123.0651679,49.3858201],[-123.0651744,49.3857925],[-123.0651353,49.3857616],[-123.0651353,49.3857125],[-123.0650863,49.3856792],[-123.065077,49.3856329],[-123.0650622,49.385585],[-123.065082,49.3855291],[-123.0651434,49.3854769],[-123.0651734,49.3854092],[-123.0652111,49.3853911],[-123.0652164,49.3853742],[-123.0651944,49.3853117],[-123.0652109,49.3852291],[-123.0652019,49.3851658],[-123.0652414,49.3851296],[-123.0653301,49.3851142],[-123.0653949,49.3850885],[-123.065452,49.3850417],[-123.0654822,49.3850038],[-123.0655285,49.3849658],[-123.0656041,49.3849339],[-123.0656429,49.3848878],[-123.0657129,49.384861],[-123.0657596,49.384816],[-123.0658538,49.3847568],[-123.0658844,49.3847238],[-123.0660229,49.3846425],[-123.0660983,49.3846238],[-123.0662464,49.384632],[-123.0663432,49.3846497],[-123.0664098,49.3846712],[-123.0664637,49.3846626],[-123.0665175,49.3846259],[-123.0665347,49.3845943],[-123.0665038,49.3845444],[-123.066508,49.3845218],[-123.0665733,49.3844687],[-123.0666308,49.3844606],[-123.0667008,49.384453],[-123.0667139,49.3844342],[-123.0667165,49.3843992],[-123.0666728,49.3843283],[-123.0666331,49.3842576],[-123.0665874,49.3842052],[-123.0665717,49.3840729],[-123.0665899,49.3840026],[-123.0666317,49.3839281],[-123.0666331,49.3838946],[-123.066644,49.3838717],[-123.0666972,49.3838307],[-123.0667037,49.3837841],[-123.0666969,49.3837337],[-123.0666423,49.38368],[-123.0666436,49.3836335],[-123.066615,49.3835962],[-123.0666037,49.3835639],[-123.0666265,49.3835366],[-123.0666408,49.3835046],[-123.0666253,49.383474],[-123.0666278,49.3834287],[-123.066639,49.3833629],[-123.0666865,49.3833318],[-123.0667911,49.3832828],[-123.0668583,49.3832205],[-123.0668882,49.3831427],[-123.0669495,49.3830869],[-123.0669679,49.3830322],[-123.0669429,49.3829313],[-123.0669452,49.382837],[-123.0669836,49.3828005],[-123.0669988,49.3827651],[-123.067033,49.382717],[-123.0670827,49.3826535],[-123.0671384,49.3826248],[-123.0671839,49.3825901],[-123.0672599,49.3825621],[-123.0673806,49.3825298],[-123.0674164,49.3824952],[-123.0674764,49.3824336],[-123.0675689,49.3823628],[-123.0676948,49.3822795],[-123.0677135,49.3822351],[-123.0677507,49.3822028],[-123.0678338,49.3821162],[-123.067889,49.3820193],[-123.0678897,49.3819754],[-123.0678738,49.3819139],[-123.0678367,49.3818589],[-123.067759,49.3817716],[-123.0676617,49.3817105],[-123.0675933,49.3816909],[-123.0675314,49.3816456],[-123.0674562,49.3815405],[-123.0673667,49.381478],[-123.067337,49.3814058],[-123.0673333,49.3813665],[-123.0673621,49.3813154],[-123.067463,49.3812496],[-123.0676113,49.3811208],[-123.0676373,49.3810651],[-123.0676867,49.3810121],[-123.0676955,49.3809852],[-123.0676737,49.3809381],[-123.0676162,49.3808937],[-123.0675486,49.3808658],[-123.0674787,49.3808584],[-123.0673705,49.3808576],[-123.0673271,49.3808422],[-123.067222,49.3807703],[-123.0671951,49.3807244],[-123.06716,49.3806146],[-123.0671295,49.3805447],[-123.0671227,49.3804036],[-123.067106,49.3803228],[-123.0670775,49.3802842],[-123.0670081,49.3802548],[-123.0669531,49.3802251],[-123.0669144,49.3801703],[-123.06691,49.3801121],[-123.066932,49.3800568],[-123.066929,49.379977],[-123.0669452,49.3799263],[-123.066931,49.3798859],[-123.0669141,49.3798079],[-123.0668916,49.3797627],[-123.0668476,49.3797165],[-123.0666934,49.3796243],[-123.0666279,49.3795731],[-123.0665957,49.3794982],[-123.0665767,49.3793394],[-123.0665767,49.3792486],[-123.0665427,49.3791888],[-123.0665138,49.3791237],[-123.0665153,49.3790288],[-123.0665319,49.3788625],[-123.0665502,49.3788108],[-123.0665886,49.3787988],[-123.0666441,49.3787786],[-123.0667238,49.3786459],[-123.0667495,49.3786025],[-123.0667626,49.3785698],[-123.0667388,49.3785177],[-123.0667038,49.3784826],[-123.0666469,49.3784655],[-123.0665475,49.378441],[-123.0664388,49.3783812],[-123.0663702,49.3783322],[-123.0663027,49.3782856],[-123.0662225,49.3782435],[-123.066106,49.3782044],[-123.0660083,49.3781558],[-123.0658173,49.3780444],[-123.0657226,49.3780172],[-123.0656358,49.3779855],[-123.0655858,49.3779494],[-123.0655665,49.3779204],[-123.0655746,49.3778839],[-123.065541,49.3778106],[-123.0654839,49.3777815],[-123.0654269,49.3777493],[-123.0653976,49.3777248],[-123.065395,49.3776998],[-123.0654255,49.3776478],[-123.0654166,49.3776106],[-123.0654218,49.3775689],[-123.0654417,49.37754],[-123.065472,49.3774741],[-123.0654825,49.3774251],[-123.0655095,49.3773689],[-123.0655154,49.3773028],[-123.0655361,49.3772682],[-123.0655362,49.3772274],[-123.0655414,49.3771917],[-123.0655674,49.3771327],[-123.0656025,49.3770887],[-123.0656462,49.3770682],[-123.0657359,49.3769786],[-123.0657661,49.3769143],[-123.0657653,49.3768852],[-123.0657141,49.3768193],[-123.0657174,49.3768028],[-123.0657758,49.3767439],[-123.065787,49.3766855],[-123.0658021,49.3766571],[-123.0657936,49.3766248],[-123.0658038,49.3766047],[-123.0658244,49.3765871],[-123.0658726,49.3765583],[-123.0659533,49.3764809],[-123.066037,49.3764288],[-123.0661674,49.3763524],[-123.0662183,49.376284],[-123.0662261,49.3762504],[-123.0662634,49.3762246],[-123.0663249,49.376191],[-123.0663617,49.3761404],[-123.0664126,49.3760743],[-123.0664604,49.3760361],[-123.0664737,49.3759696],[-123.0664555,49.3759129],[-123.0664448,49.3758413],[-123.0664425,49.3757906],[-123.0664308,49.3757537],[-123.0664069,49.3757338],[-123.0663805,49.3757054],[-123.066303,49.3756282],[-123.0662447,49.3756005],[-123.0661909,49.3755259],[-123.066182,49.3754826],[-123.0661927,49.3754588],[-123.0662155,49.3754455],[-123.0662489,49.3754413],[-123.0662645,49.3754315],[-123.0662756,49.3753793],[-123.0663042,49.3753564],[-123.0663751,49.3753298],[-123.0663844,49.3753074],[-123.0663846,49.3752552],[-123.0664087,49.3752236],[-123.0664459,49.3752068],[-123.0664602,49.3751892],[-123.0664746,49.3751425],[-123.0664983,49.375088],[-123.0665152,49.3750581],[-123.0665601,49.3750256],[-123.0665707,49.3749958],[-123.066572,49.3749481],[-123.0665903,49.3749232],[-123.0666314,49.3748912],[-123.0666344,49.3748624],[-123.0666307,49.3747937],[-123.0666147,49.3747509],[-123.0666154,49.3747068],[-123.0666289,49.374649],[-123.0666223,49.3745383],[-123.0666032,49.3744574],[-123.0665803,49.3744045],[-123.0665432,49.3743662],[-123.0664755,49.3743033],[-123.0664477,49.3742556],[-123.066425,49.374194],[-123.0664159,49.3741753],[-123.0664142,49.3741487],[-123.0664133,49.3741337],[-123.0664211,49.3740733],[-123.0664863,49.3739901],[-123.0665137,49.3736843],[-123.0666129,49.3735238],[-123.0666546,49.3734652],[-123.0666155,49.3733352],[-123.066605,49.3732749],[-123.0666429,49.3732256],[-123.0667251,49.3731823],[-123.066759,49.3731526],[-123.0667603,49.3731237],[-123.0667172,49.3730719],[-123.0667016,49.3730209],[-123.0667212,49.3729453],[-123.0667485,49.3729224],[-123.0668647,49.372896],[-123.066969,49.3728672],[-123.0671347,49.3728774],[-123.0672443,49.3728493],[-123.0672704,49.3728111],[-123.0672834,49.3727465],[-123.0673147,49.3727058],[-123.0673173,49.3726259],[-123.0672769,49.3725333],[-123.0672678,49.372479],[-123.0672417,49.3724242],[-123.0671908,49.3723252],[-123.0671086,49.3722641],[-123.067046,49.3722411],[-123.0670042,49.3722072],[-123.0669716,49.3721375],[-123.066969,49.3720661],[-123.0669964,49.3719939],[-123.0670773,49.371858],[-123.0671019,49.3718324],[-123.0671164,49.3718173],[-123.0671712,49.3717731],[-123.0672847,49.3717162],[-123.0674152,49.3716813],[-123.06753,49.3716193],[-123.0676213,49.3715798],[-123.067697,49.3714996],[-123.0677635,49.3713934],[-123.0677674,49.3713738],[-123.0677687,49.3713127],[-123.0678026,49.3712226],[-123.0678391,49.3711589],[-123.0679083,49.3710918],[-123.0679305,49.3710591],[-123.0679618,49.3710018],[-123.0679839,49.3709401],[-123.0680061,49.3708778],[-123.0680205,49.3708123],[-123.0680674,49.3707767],[-123.0681327,49.3706968],[-123.0681483,49.3706552],[-123.0681418,49.3705898],[-123.0681105,49.3705439],[-123.0680648,49.3705184],[-123.0680074,49.370453],[-123.0679409,49.3704055],[-123.0678952,49.3703426],[-123.0678874,49.3702857],[-123.0679526,49.3701064],[-123.0680127,49.370013],[-123.0680844,49.3699535],[-123.0687462,49.3692937],[-123.0688627,49.3689775],[-123.0690865,49.3683702],[-123.0691177,49.3682854],[-123.0692278,49.3681686],[-123.0694469,49.3676288],[-123.0703663,49.366018],[-123.0704697,49.3658881],[-123.0707098,49.3655865],[-123.0717975,49.3649114],[-123.0719066,49.3644614],[-123.07192,49.3643802],[-123.0723609,49.3636425],[-123.0724281,49.3633548],[-123.072374,49.3631383],[-123.0720158,49.3627794],[-123.0718642,49.3625458],[-123.0718762,49.3622937],[-123.0719064,49.3621486],[-123.0720232,49.3620267],[-123.0721284,49.3619966],[-123.0721948,49.3619656],[-123.072236,49.3619557],[-123.0723881,49.3619411],[-123.0724833,49.3619192],[-123.0725784,49.3618624],[-123.0726114,49.3618296],[-123.0726411,49.3617404],[-123.0726341,49.3617004],[-123.0726114,49.3616661],[-123.0725559,49.3616042],[-123.0725108,49.3615331],[-123.0724899,49.3614972],[-123.0724959,49.3612954],[-123.0725768,49.3611145],[-123.0731278,49.3607912],[-123.0742696,49.3599709],[-123.0744892,49.3597729],[-123.0745304,49.3595849],[-123.0746538,49.359414],[-123.0750542,49.3591249],[-123.075412,49.3589454],[-123.0755192,49.358918],[-123.0755552,49.3588939],[-123.0755671,49.3588682],[-123.0756106,49.3588635],[-123.0756548,49.3588453],[-123.075698,49.3588046],[-123.0757565,49.3587508],[-123.0758025,49.3587065],[-123.0758431,49.3586834],[-123.0759469,49.3586787],[-123.0760186,49.358689],[-123.0760961,49.3587039],[-123.0761406,49.3587138],[-123.0761823,49.3587232],[-123.0764781,49.3587652],[-123.0766315,49.3587752],[-123.0767596,49.3587477],[-123.0768341,49.3587231],[-123.0768754,49.3586869],[-123.0768549,49.3586365],[-123.0768918,49.3585806],[-123.0769054,49.3585452],[-123.0769879,49.3584949],[-123.0771334,49.3584558],[-123.0772009,49.3584152],[-123.0772652,49.3583238],[-123.0773375,49.3582431],[-123.0773755,49.3581852],[-123.0774077,49.3580919],[-123.0774229,49.3580275],[-123.0773918,49.3579907],[-123.0773931,49.3579372],[-123.0774359,49.3578417],[-123.0774905,49.3577861],[-123.0775251,49.3577665],[-123.0778004,49.3576686],[-123.0778971,49.3576221],[-123.0780168,49.357598],[-123.0780625,49.3575555],[-123.0781028,49.3575102],[-123.0781436,49.3574797],[-123.0781915,49.3574403],[-123.0782313,49.3573983],[-123.0783435,49.3573363],[-123.0784357,49.3573071],[-123.0785052,49.3572532],[-123.0785352,49.3572205],[-123.0785894,49.3572061],[-123.0786573,49.3572264],[-123.078797,49.3572437],[-123.0788807,49.3572135],[-123.0792917,49.3571122],[-123.0793361,49.3570868],[-123.0793437,49.3570151],[-123.0793334,49.3569669],[-123.0793751,49.3569139],[-123.0794908,49.3568383],[-123.0796116,49.3566745],[-123.0796906,49.3565924],[-123.0797031,49.3565571],[-123.0797321,49.3565077],[-123.0797626,49.3564932],[-123.0798191,49.3564431],[-123.0799165,49.3564201],[-123.0799882,49.3563705],[-123.0800684,49.3563435],[-123.0800991,49.3562998],[-123.0801333,49.3562198],[-123.0801684,49.3561826],[-123.0802024,49.3561244],[-123.0801893,49.3560832],[-123.0801678,49.3560576],[-123.0802521,49.3559335],[-123.0803013,49.3558882],[-123.0803482,49.3558749],[-123.0804136,49.3558002],[-123.0804411,49.3557482],[-123.0804552,49.3556941],[-123.0804484,49.3556484],[-123.0807079,49.3553621],[-123.0812444,49.3550374],[-123.0825094,49.3545503],[-123.0828957,49.3543438],[-123.0833903,49.3538311],[-123.0838158,49.3534978],[-123.084187,49.3530022],[-123.0846824,49.3526419],[-123.0851776,49.3520935],[-123.0861542,49.3514982],[-123.0862916,49.3513373],[-123.0864549,49.3508958],[-123.0865394,49.3499959],[-123.0865774,49.3495912],[-123.0868776,49.3487011],[-123.0868766,49.3474948],[-123.0870307,49.347025],[-123.0870812,49.3468653],[-123.0871617,49.3457772],[-123.0880684,49.3448586],[-123.0883154,49.3444356],[-123.0886989,49.3434913],[-123.0887279,49.3434605],[-123.0890286,49.343141],[-123.0890948,49.3430709]]}},{"type":"Feature","id":"85379837","properties":{"kind":"building","name":"","osmWayId":"85379837"},"geometry":{"type":"Polygon","coordinates":[[[-123.0835049,49.3795729],[-123.083274,49.3796776],[-123.083202,49.3797103],[-123.0833486,49.3798528],[-123.0836573,49.3797192],[-123.0835049,49.3795729]]]}},{"type":"Feature","id":"85379838","properties":{"kind":"building","name":"Peak Chalet","osmWayId":"85379838"},"geometry":{"type":"Polygon","coordinates":[[[-123.0832584,49.3796081],[-123.0833114,49.3796016],[-123.0832674,49.3794544],[-123.0832834,49.3794512],[-123.0833264,49.3794916],[-123.0835105,49.3794694],[-123.0835485,49.3795137],[-123.0837276,49.3794434],[-123.0837175,49.3794225],[-123.0837656,49.3794277],[-123.0837456,49.3793561],[-123.0837326,49.3793652],[-123.0837286,49.379332],[-123.0837526,49.3793255],[-123.0837436,49.379289],[-123.0837306,49.3792369],[-123.0837125,49.3792376],[-123.0835955,49.3791575],[-123.0835175,49.3790826],[-123.0834314,49.3789777],[-123.0833914,49.3789784],[-123.0833734,49.3789523],[-123.0832584,49.3791008],[-123.0832074,49.3790493],[-123.0831123,49.3791014],[-123.0831043,49.3790923],[-123.0830763,49.3791054],[-123.0830873,49.3791132],[-123.0829133,49.3791959],[-123.0829473,49.3792239],[-123.0829333,49.379233],[-123.0829623,49.379263],[-123.0829843,49.3792747],[-123.0830103,49.3792747],[-123.0830033,49.3792968],[-123.0830173,49.3793066],[-123.0830572,49.3793428],[-123.0831483,49.3794245],[-123.0831694,49.3794193],[-123.0831994,49.3794212],[-123.0832184,49.379444],[-123.0832294,49.3795],[-123.0832584,49.3796081]]]}},{"type":"Feature","id":"85379839","properties":{"kind":"path","name":"","osmWayId":"85379839"},"geometry":{"type":"LineString","coordinates":[[-123.083274,49.3796776],[-123.083284,49.3796079]]}},{"type":"Feature","id":"85379840","properties":{"kind":"path","name":"","osmWayId":"85379840"},"geometry":{"type":"LineString","coordinates":[[-123.083284,49.3796079],[-123.083228,49.379426]]}},{"type":"Feature","id":"85379841","properties":{"kind":"connector","name":"","osmWayId":"85379841"},"geometry":{"type":"LineString","coordinates":[[-123.0812167,49.3798376],[-123.0812462,49.379794],[-123.0812704,49.3797581],[-123.0813498,49.3796873],[-123.0813719,49.3796864],[-123.0815819,49.379678],[-123.0817516,49.379665],[-123.0818759,49.37966],[-123.0819185,49.3796476],[-123.0820568,49.379615],[-123.0821863,49.3795609],[-123.0823747,49.3794343],[-123.0824523,49.3793813]]}},{"type":"Feature","id":"87496340","properties":{"kind":"path","name":"","osmWayId":"87496340"},"geometry":{"type":"LineString","coordinates":[[-123.0828996,49.3797396],[-123.0826274,49.379823],[-123.082515,49.3798094],[-123.0824492,49.3798374],[-123.0824197,49.3798251],[-123.082358,49.3797483],[-123.082366,49.3797221],[-123.0823791,49.3797042],[-123.0823878,49.379684],[-123.0823972,49.379665],[-123.0824948,49.3796208],[-123.0825992,49.3795597],[-123.0826211,49.3795557],[-123.0826368,49.3795527],[-123.0827849,49.3795697],[-123.0828996,49.3797396]]}},{"type":"Feature","id":"87496342","properties":{"kind":"path","name":"","osmWayId":"87496342"},"geometry":{"type":"LineString","coordinates":[[-123.0817909,49.3791486],[-123.0819047,49.3791633],[-123.0820602,49.3791598],[-123.082138,49.3791424],[-123.0821947,49.3791258],[-123.082328,49.3790926]]}},{"type":"Feature","id":"87496343","properties":{"kind":"path","name":"","osmWayId":"87496343"},"geometry":{"type":"LineString","coordinates":[[-123.0832287,49.3796786],[-123.0831875,49.3796851],[-123.0831494,49.3796862],[-123.0831121,49.3796825],[-123.0830828,49.3796766],[-123.0830664,49.3796702],[-123.0830596,49.3796589],[-123.0830611,49.379644],[-123.083068,49.3796275],[-123.0830712,49.3796164],[-123.0830716,49.3796075],[-123.0830624,49.3795985],[-123.0830539,49.3795916],[-123.0829983,49.3795638],[-123.0829768,49.3795489],[-123.0829672,49.3795356],[-123.082963,49.3795247],[-123.0829632,49.3795157],[-123.0829675,49.379502],[-123.0829744,49.3794897],[-123.082985,49.3794793],[-123.083002,49.3794599]]}},{"type":"Feature","id":"87496345","properties":{"kind":"building","name":"Ski Rental Shop","osmWayId":"87496345"},"geometry":{"type":"Polygon","coordinates":[[[-123.0814385,49.3793549],[-123.0814915,49.3792425],[-123.0813489,49.379214],[-123.0813797,49.3791486],[-123.0815116,49.3791749],[-123.081547,49.3790997],[-123.0816547,49.3791212],[-123.0816208,49.3791931],[-123.0817419,49.3792172],[-123.08171,49.3792849],[-123.0815929,49.3792615],[-123.0815394,49.3793751],[-123.0814385,49.3793549]]]}},{"type":"Feature","id":"87496346","properties":{"kind":"path","name":"","osmWayId":"87496346"},"geometry":{"type":"LineString","coordinates":[[-123.0773154,49.3819922],[-123.0773932,49.3819276],[-123.0775139,49.3818298],[-123.0776507,49.3817285],[-123.077707,49.3816953],[-123.0777928,49.3816918],[-123.0778921,49.3816988],[-123.0780584,49.381725],[-123.0782032,49.3817442]]}},{"type":"Feature","id":"87496347","properties":{"kind":"path","name":"","osmWayId":"87496347"},"geometry":{"type":"LineString","coordinates":[[-123.0818876,49.3790044],[-123.0818805,49.3790131],[-123.0818591,49.3790568],[-123.0818805,49.379076],[-123.081961,49.3790847],[-123.0820441,49.3790778],[-123.0821112,49.3790795],[-123.0821514,49.3790952],[-123.0821947,49.3791258]]}},{"type":"Feature","id":"87496348","properties":{"kind":"path","name":"","osmWayId":"87496348"},"geometry":{"type":"LineString","coordinates":[[-123.0801545,49.3809268],[-123.080156,49.3808291],[-123.0801571,49.3807352],[-123.0801518,49.380622],[-123.0801639,49.3805551],[-123.0801638,49.3805201],[-123.0801183,49.3804624],[-123.0804558,49.3803185],[-123.0805087,49.3802959],[-123.0805341,49.3802827],[-123.0805641,49.3802683],[-123.0806548,49.380225],[-123.0808586,49.3801185],[-123.0808721,49.3801117],[-123.0809237,49.3800858],[-123.0810109,49.3800692],[-123.0810726,49.3800596]]}},{"type":"Feature","id":"87496349","properties":{"kind":"path","name":"","osmWayId":"87496349"},"geometry":{"type":"LineString","coordinates":[[-123.0785363,49.3819383],[-123.0784232,49.3819572],[-123.0782971,49.381973],[-123.0782166,49.3819363],[-123.0781362,49.381938],[-123.0780933,49.381966],[-123.0780289,49.3820079],[-123.0779323,49.382062],[-123.077817,49.3821266]]}},{"type":"Feature","id":"87496351","properties":{"kind":"path","name":"","osmWayId":"87496351"},"geometry":{"type":"LineString","coordinates":[[-123.0819047,49.3791633],[-123.0819043,49.3792035],[-123.0819013,49.3792272],[-123.0818935,49.3792431],[-123.081882,49.3792537],[-123.081875,49.3792683],[-123.0818625,49.3792826],[-123.0818515,49.379295],[-123.0818504,49.3793046],[-123.0818722,49.37932],[-123.0818995,49.3793331],[-123.0819421,49.3793426],[-123.0819981,49.3793564],[-123.0820093,49.3793659],[-123.081902,49.3794218],[-123.0818144,49.3794409],[-123.0816997,49.3794537],[-123.081615,49.3794515],[-123.0815327,49.3794268],[-123.0814809,49.3794113],[-123.0813825,49.3794069],[-123.0813629,49.3794061],[-123.0812636,49.3794183],[-123.08121,49.3794584],[-123.0812127,49.3795038],[-123.0812368,49.379544],[-123.0812783,49.3795875],[-123.0813498,49.3796873]]}},{"type":"Feature","id":"87496352","properties":{"kind":"path","name":"","osmWayId":"87496352"},"geometry":{"type":"LineString","coordinates":[[-123.0819185,49.3796476],[-123.0819057,49.3796254],[-123.081895,49.379614],[-123.0818676,49.3796002],[-123.0818305,49.379594],[-123.0817842,49.3795894],[-123.0817667,49.3795864],[-123.081757,49.3795808],[-123.0817527,49.3795733],[-123.0817477,49.3795428],[-123.0817388,49.3795214],[-123.0817057,49.3794896],[-123.0816997,49.3794537]]}},{"type":"Feature","id":"87496353","properties":{"kind":"path","name":"","osmWayId":"87496353"},"geometry":{"type":"LineString","coordinates":[[-123.0823878,49.379684],[-123.082325,49.3796794],[-123.0822753,49.3796823],[-123.0822147,49.3796945],[-123.0821801,49.3797015],[-123.0821163,49.3797209],[-123.0820683,49.3797421],[-123.0818921,49.3798776]]}},{"type":"Feature","id":"87496354","properties":{"kind":"path","name":"","osmWayId":"87496354"},"geometry":{"type":"LineString","coordinates":[[-123.0817909,49.3791486],[-123.0817223,49.3791249],[-123.0816397,49.3790914],[-123.0815687,49.3790798],[-123.0814871,49.3790773],[-123.0813927,49.3790877],[-123.0813195,49.3791029],[-123.0812716,49.3791214],[-123.0812277,49.3791506],[-123.0811938,49.3791883],[-123.0811777,49.3792185],[-123.0811723,49.3792573],[-123.0811716,49.3793044],[-123.081177,49.379362],[-123.0811895,49.3794121],[-123.0811986,49.379443],[-123.08121,49.3794584]]}},{"type":"Feature","id":"87496356","properties":{"kind":"building","name":"","osmWayId":"87496356"},"geometry":{"type":"Polygon","coordinates":[[[-123.0775506,49.3819755],[-123.0774532,49.3819308],[-123.0776658,49.3817344],[-123.0777632,49.3817791],[-123.0775506,49.3819755]]]}},{"type":"Feature","id":"87496357","properties":{"kind":"path","name":"","osmWayId":"87496357"},"geometry":{"type":"LineString","coordinates":[[-123.081882,49.3792537],[-123.0818051,49.379255],[-123.0817722,49.3792662],[-123.0817434,49.3792971],[-123.0817182,49.3793249],[-123.081682,49.3793335],[-123.0816314,49.3793446],[-123.0815748,49.3793641],[-123.0815506,49.3793903],[-123.0815327,49.3794268]]}},{"type":"Feature","id":"87496358","properties":{"kind":"building","name":"","osmWayId":"87496358"},"geometry":{"type":"Polygon","coordinates":[[[-123.0823256,49.3798519],[-123.0822866,49.3797959],[-123.0823606,49.3797735],[-123.0824006,49.3798295],[-123.0823256,49.3798519]]]}},{"type":"Feature","id":"87496359","properties":{"kind":"path","name":"","osmWayId":"87496359"},"geometry":{"type":"LineString","coordinates":[[-123.083396,49.3788572],[-123.0832967,49.3788075],[-123.0832609,49.3787972],[-123.0827206,49.3787709],[-123.082624,49.3787498],[-123.0824691,49.3786957],[-123.0824304,49.3786882],[-123.0821673,49.3786572],[-123.0819422,49.3786814],[-123.0818054,49.3787355],[-123.0817003,49.3788356]]}},{"type":"Feature","id":"87496360","properties":{"kind":"path","name":"","osmWayId":"87496360"},"geometry":{"type":"LineString","coordinates":[[-123.082993,49.379416],[-123.0829158,49.3794742],[-123.0828489,49.3794998]]}},{"type":"Feature","id":"87496361","properties":{"kind":"path","name":"","osmWayId":"87496361"},"geometry":{"type":"LineString","coordinates":[[-123.0811723,49.3792573],[-123.0810705,49.3792489],[-123.0810195,49.3792227],[-123.0809898,49.3792029]]}},{"type":"Feature","id":"87496362","properties":{"kind":"path","name":"","osmWayId":"87496362"},"geometry":{"type":"LineString","coordinates":[[-123.0809579,49.379537],[-123.0810307,49.3795295],[-123.0810759,49.3795248],[-123.0811322,49.3794934],[-123.0811986,49.379443]]}},{"type":"Feature","id":"87496364","properties":{"kind":"path","name":"","osmWayId":"87496364"},"geometry":{"type":"LineString","coordinates":[[-123.0826211,49.3795557],[-123.0826422,49.3794972],[-123.0826547,49.3794873],[-123.0826644,49.3794842],[-123.0826854,49.3794827],[-123.0827258,49.3794837],[-123.0827777,49.3794873],[-123.0828104,49.3794894],[-123.0828291,49.3794933],[-123.0828489,49.3794998],[-123.0828544,49.379515],[-123.082856,49.3795253],[-123.0828545,49.3795346],[-123.0828517,49.3795425],[-123.082843,49.3795513],[-123.0828336,49.3795576],[-123.0827849,49.3795697]]}},{"type":"Feature","id":"87496365","properties":{"kind":"building","name":"","osmWayId":"87496365"},"geometry":{"type":"Polygon","coordinates":[[[-123.0808246,49.3792278],[-123.0809036,49.3791504],[-123.0810006,49.3791924],[-123.0809898,49.3792029],[-123.0809216,49.3792698],[-123.0808246,49.3792278]]]}},{"type":"Feature","id":"87496366","properties":{"kind":"building","name":"","osmWayId":"87496366"},"geometry":{"type":"Polygon","coordinates":[[[-123.0777929,49.3820862],[-123.0776499,49.3820242],[-123.0777409,49.3819352],[-123.0778839,49.3819971],[-123.0777929,49.3820862]]]}},{"type":"Feature","id":"87496368","properties":{"kind":"building","name":"","osmWayId":"87496368"},"geometry":{"type":"Polygon","coordinates":[[[-123.082216,49.3790431],[-123.0821561,49.379026],[-123.0821227,49.3790755],[-123.0821827,49.3790927],[-123.082216,49.3790431]]]}},{"type":"Feature","id":"87496369","properties":{"kind":"building","name":"","osmWayId":"87496369"},"geometry":{"type":"Polygon","coordinates":[[[-123.0807257,49.3799921],[-123.0806454,49.3799878],[-123.0806366,49.3800576],[-123.0806566,49.3800587],[-123.0806506,49.3801059],[-123.0807109,49.3801091],[-123.0807257,49.3799921]]]}},{"type":"Feature","id":"87496370","properties":{"kind":"building","name":"","osmWayId":"87496370"},"geometry":{"type":"Polygon","coordinates":[[[-123.0813627,49.3801039],[-123.0813913,49.3800477],[-123.0812227,49.3800113],[-123.0812111,49.3800342],[-123.0812841,49.3800499],[-123.0812671,49.3800833],[-123.0813627,49.3801039]]]}},{"type":"Feature","id":"87496371","properties":{"kind":"path","name":"","osmWayId":"87496371"},"geometry":{"type":"LineString","coordinates":[[-123.0801907,49.3817683],[-123.0800104,49.3816938],[-123.0798451,49.3816155],[-123.0796692,49.381531],[-123.0796267,49.381504],[-123.0796017,49.3814817],[-123.0795916,49.3814636],[-123.0795837,49.381435],[-123.0795789,49.3813985],[-123.079539,49.3812352],[-123.079598,49.381182],[-123.0796892,49.3811051],[-123.079828,49.381024]]}},{"type":"Feature","id":"87496373","properties":{"kind":"path","name":"","osmWayId":"87496373"},"geometry":{"type":"LineString","coordinates":[[-123.0837469,49.3791761],[-123.0837896,49.3792406],[-123.0837956,49.3794305],[-123.0837691,49.3794794],[-123.0836998,49.3795073],[-123.0836658,49.379529],[-123.0836281,49.3795387],[-123.0835715,49.3795421],[-123.0834326,49.379544],[-123.0832295,49.3795458],[-123.0831544,49.3795161],[-123.0830369,49.3794889]]}},{"type":"Feature","id":"87496375","properties":{"kind":"path","name":"","osmWayId":"87496375"},"geometry":{"type":"LineString","coordinates":[[-123.0775474,49.3847741],[-123.077054,49.3846555],[-123.076921,49.3846603],[-123.0768037,49.3846645],[-123.0765122,49.3846751],[-123.0763135,49.3847091],[-123.0761129,49.3847526],[-123.0760143,49.384768],[-123.0758433,49.3847928],[-123.0756951,49.3848379],[-123.075457,49.3849061]]}},{"type":"Feature","id":"87496377","properties":{"kind":"path","name":"","osmWayId":"87496377"},"geometry":{"type":"LineString","coordinates":[[-123.0814862,49.3815574],[-123.0813723,49.3816379],[-123.0812958,49.3816918],[-123.0810544,49.3818717],[-123.0809035,49.3819987],[-123.0808532,49.3820411],[-123.0807996,49.3820795],[-123.0805371,49.3821299]]}},{"type":"Feature","id":"87496378","properties":{"kind":"path","name":"","osmWayId":"87496378"},"geometry":{"type":"LineString","coordinates":[[-123.0787112,49.3815248],[-123.0786485,49.3815294],[-123.0785787,49.3815382],[-123.0785036,49.3815364],[-123.0784607,49.3815277],[-123.0784285,49.3815102],[-123.0784098,49.3814858],[-123.0784285,49.3814509],[-123.0784731,49.3814346]]}},{"type":"Feature","id":"87496379","properties":{"kind":"path","name":"","osmWayId":"87496379"},"geometry":{"type":"LineString","coordinates":[[-123.0779055,49.3817687],[-123.0779752,49.381821],[-123.0780637,49.3818577],[-123.0780906,49.3818979],[-123.0781362,49.381938]]}},{"type":"Feature","id":"87496380","properties":{"kind":"building","name":"","osmWayId":"87496380"},"geometry":{"type":"Polygon","coordinates":[[[-123.081062,49.3791537],[-123.0810957,49.3790966],[-123.0809221,49.3790531],[-123.0808884,49.3791102],[-123.081062,49.3791537]]]}},{"type":"Feature","id":"87496382","properties":{"kind":"building","name":"Peak Office","osmWayId":"87496382"},"geometry":{"type":"Polygon","coordinates":[[[-123.0782003,49.3813223],[-123.0783122,49.3811182],[-123.0784933,49.3811603],[-123.0785299,49.3810936],[-123.0787273,49.3811395],[-123.078711,49.3811692],[-123.078831,49.3811971],[-123.0787529,49.3813395],[-123.0786778,49.3813221],[-123.078641,49.3813892],[-123.0786031,49.3813804],[-123.0785621,49.3814552],[-123.0784731,49.3814346],[-123.0784969,49.3813912],[-123.0782003,49.3813223]]]}},{"type":"Feature","id":"87496383","properties":{"kind":"path","name":"","osmWayId":"87496383"},"geometry":{"type":"LineString","coordinates":[[-123.078571,49.3809407],[-123.0785036,49.3809864],[-123.0783427,49.3810457],[-123.0782032,49.3811191],[-123.0781281,49.3811994],[-123.0781067,49.3812902],[-123.0781496,49.3814683],[-123.0781657,49.381636],[-123.0782032,49.3817442],[-123.0783159,49.3818071],[-123.0784888,49.3818315]]}},{"type":"Feature","id":"87496385","properties":{"kind":"path","name":"","osmWayId":"87496385"},"geometry":{"type":"LineString","coordinates":[[-123.0785733,49.3820863],[-123.0785363,49.3819383],[-123.0785032,49.3818848],[-123.0784888,49.3818315],[-123.0785653,49.3816895],[-123.0787112,49.3815248],[-123.078804,49.3814264],[-123.0790155,49.3811816]]}},{"type":"Feature","id":"87496388","properties":{"kind":"path","name":"","osmWayId":"87496388"},"geometry":{"type":"LineString","coordinates":[[-123.079129,49.3804352],[-123.0793041,49.380522],[-123.079348,49.3805321],[-123.0794695,49.3805602],[-123.0796122,49.3805932],[-123.0796764,49.3805966],[-123.0797629,49.3805752],[-123.0799294,49.3805257],[-123.080037,49.3804914],[-123.0801183,49.3804624]]}},{"type":"Feature","id":"87496390","properties":{"kind":"building","name":"","osmWayId":"87496390"},"geometry":{"type":"Polygon","coordinates":[[[-123.0805912,49.3799722],[-123.080505,49.3799793],[-123.0805076,49.3799922],[-123.0804017,49.3800009],[-123.0804195,49.3800923],[-123.0805212,49.3800839],[-123.0805323,49.380141],[-123.0806226,49.3801336],[-123.0805912,49.3799722]]]}},{"type":"Feature","id":"87496394","properties":{"kind":"path","name":"","osmWayId":"87496394"},"geometry":{"type":"LineString","coordinates":[[-123.0789603,49.3819567],[-123.0790298,49.3819505],[-123.0791897,49.381937],[-123.0794709,49.3819221],[-123.0797079,49.3819028],[-123.0800841,49.3818616],[-123.0801203,49.3819395],[-123.0801554,49.3820043],[-123.0801652,49.3820703],[-123.0801523,49.3824118]]}},{"type":"Feature","id":"87496397","properties":{"kind":"building","name":"Snow School","osmWayId":"87496397"},"geometry":{"type":"Polygon","coordinates":[[[-123.0815906,49.379598],[-123.0814573,49.3795686],[-123.0814992,49.3794882],[-123.0816325,49.3795176],[-123.0815906,49.379598]]]}},{"type":"Feature","id":"87496398","properties":{"kind":"path","name":"","osmWayId":"87496398"},"geometry":{"type":"LineString","coordinates":[[-123.0777768,49.3821563],[-123.077817,49.3821266],[-123.0776346,49.382083],[-123.0776426,49.3822035],[-123.0777768,49.3821563]]}},{"type":"Feature","id":"87496399","properties":{"kind":"path","name":"","osmWayId":"87496399"},"geometry":{"type":"LineString","coordinates":[[-123.0780167,49.382504],[-123.0780208,49.3824776],[-123.078045,49.3824549],[-123.0780235,49.3824235],[-123.0780155,49.3823554],[-123.078016,49.3822933],[-123.0780262,49.3822349],[-123.0780718,49.382172],[-123.0781147,49.3821301],[-123.0781952,49.3820917],[-123.0782193,49.3820568],[-123.0782327,49.3820184],[-123.0782971,49.381973]]}},{"type":"Feature","id":"87496402","properties":{"kind":"path","name":"","osmWayId":"87496402"},"geometry":{"type":"LineString","coordinates":[[-123.0805211,49.3807864],[-123.0806816,49.3807706],[-123.0807968,49.3807339],[-123.0809648,49.3806629],[-123.081084,49.3806127],[-123.0813423,49.3805133],[-123.081457,49.3804653],[-123.0815355,49.3804161],[-123.0816004,49.3803642],[-123.0817053,49.3802465],[-123.0818367,49.3800741],[-123.081856,49.3800067],[-123.0818921,49.3798776]]}},{"type":"Feature","id":"87496403","properties":{"kind":"building","name":"Snow School Storage","osmWayId":"87496403"},"geometry":{"type":"Polygon","coordinates":[[[-123.080961,49.3793482],[-123.0809013,49.3794111],[-123.0810709,49.3794793],[-123.0811306,49.3794164],[-123.080961,49.3793482]]]}},{"type":"Feature","id":"87496404","properties":{"kind":"path","name":"","osmWayId":"87496404"},"geometry":{"type":"LineString","coordinates":[[-123.0782888,49.382663],[-123.0781284,49.382594],[-123.0780632,49.3825414],[-123.0780167,49.382504]]}},{"type":"Feature","id":"87497497","properties":{"kind":"building","name":"","osmWayId":"87497497"},"geometry":{"type":"Polygon","coordinates":[[[-123.0805417,49.3785276],[-123.0805183,49.3784741],[-123.0803859,49.3784987],[-123.0804092,49.3785521],[-123.0805417,49.3785276]]]}},{"type":"Feature","id":"87497498","properties":{"kind":"building","name":"","osmWayId":"87497498"},"geometry":{"type":"Polygon","coordinates":[[[-123.0792484,49.3795287],[-123.0792694,49.3794903],[-123.0791704,49.3794674],[-123.0791494,49.3795058],[-123.0792484,49.3795287]]]}},{"type":"Feature","id":"87497499","properties":{"kind":"building","name":"","osmWayId":"87497499"},"geometry":{"type":"Polygon","coordinates":[[[-123.0789752,49.3829801],[-123.0787891,49.3829972],[-123.0788051,49.3830711],[-123.0789912,49.383054],[-123.0789752,49.3829801]]]}},{"type":"Feature","id":"87497500","properties":{"kind":"building","name":"","osmWayId":"87497500"},"geometry":{"type":"Polygon","coordinates":[[[-123.0805959,49.3789576],[-123.0806957,49.3790377],[-123.0807596,49.3790039],[-123.0806598,49.3789239],[-123.0805959,49.3789576]]]}},{"type":"Feature","id":"87497501","properties":{"kind":"building","name":"","osmWayId":"87497501"},"geometry":{"type":"Polygon","coordinates":[[[-123.0783179,49.3797727],[-123.0783096,49.3796952],[-123.0782157,49.3796994],[-123.078224,49.3797769],[-123.0783179,49.3797727]]]}},{"type":"Feature","id":"87497502","properties":{"kind":"path","name":"","osmWayId":"87497502"},"geometry":{"type":"LineString","coordinates":[[-123.0815587,49.3816621],[-123.0816123,49.3816936],[-123.0816767,49.381732],[-123.0817947,49.3817582],[-123.0818966,49.3817337],[-123.0819825,49.3816848],[-123.0820525,49.381658],[-123.0819905,49.3815871],[-123.0819449,49.3815469],[-123.0819234,49.3815085],[-123.0818752,49.3814998],[-123.0818162,49.3815137],[-123.0816955,49.3815958],[-123.0816257,49.3816307],[-123.0815587,49.3816621],[-123.0815023,49.3816604],[-123.0813723,49.3816379]]}},{"type":"Feature","id":"87497503","properties":{"kind":"building","name":"","osmWayId":"87497503"},"geometry":{"type":"Polygon","coordinates":[[[-123.0785724,49.3802193],[-123.0785124,49.3801534],[-123.0787214,49.3800741],[-123.0787804,49.3801399],[-123.0785724,49.3802193]]]}},{"type":"Feature","id":"87497504","properties":{"kind":"building","name":"","osmWayId":"87497504"},"geometry":{"type":"Polygon","coordinates":[[[-123.0785308,49.3802811],[-123.0785043,49.3802196],[-123.0783792,49.3802424],[-123.0784058,49.380304],[-123.0785308,49.3802811]]]}},{"type":"Feature","id":"87497505","properties":{"kind":"building","name":"","osmWayId":"87497505"},"geometry":{"type":"Polygon","coordinates":[[[-123.0791085,49.3810073],[-123.0790822,49.3810644],[-123.0791552,49.3810787],[-123.0791816,49.3810215],[-123.0791085,49.3810073]]]}},{"type":"Feature","id":"87497506","properties":{"kind":"path","name":"","osmWayId":"87497506"},"geometry":{"type":"LineString","coordinates":[[-123.0791981,49.3812721],[-123.0791658,49.3812566],[-123.0791393,49.3812081],[-123.0791223,49.3811637]]}},{"type":"Feature","id":"87497509","properties":{"kind":"building","name":"","osmWayId":"87497509"},"geometry":{"type":"Polygon","coordinates":[[[-123.0788207,49.3799647],[-123.078773,49.3799503],[-123.0787936,49.3799214],[-123.0786225,49.3798697],[-123.0786425,49.3798416],[-123.0786656,49.3798486],[-123.078709,49.3797876],[-123.0787915,49.3798125],[-123.0787554,49.3798631],[-123.0788687,49.3798973],[-123.0788207,49.3799647]]]}},{"type":"Feature","id":"87497510","properties":{"kind":"building","name":"","osmWayId":"87497510"},"geometry":{"type":"Polygon","coordinates":[[[-123.0795753,49.3808305],[-123.0794553,49.3808315],[-123.0794533,49.3807692],[-123.0793613,49.38077],[-123.0793593,49.3806803],[-123.0795713,49.3806785],[-123.0795753,49.3808305]]]}},{"type":"Feature","id":"87497511","properties":{"kind":"building","name":"","osmWayId":"87497511"},"geometry":{"type":"Polygon","coordinates":[[[-123.0803541,49.3783122],[-123.0803049,49.3783461],[-123.0803544,49.3783767],[-123.0804037,49.3783428],[-123.0803541,49.3783122]]]}},{"type":"Feature","id":"87497514","properties":{"kind":"building","name":"","osmWayId":"87497514"},"geometry":{"type":"Polygon","coordinates":[[[-123.0794039,49.3813709],[-123.0794235,49.3812977],[-123.0793523,49.3812896],[-123.0791981,49.3812721],[-123.0791785,49.3813453],[-123.0794039,49.3813709]]]}},{"type":"Feature","id":"87497515","properties":{"kind":"building","name":"","osmWayId":"87497515"},"geometry":{"type":"Polygon","coordinates":[[[-123.0819925,49.3816046],[-123.081843,49.3815124],[-123.0816974,49.3816124],[-123.0818469,49.3817046],[-123.0819925,49.3816046]]]}},{"type":"Feature","id":"87497516","properties":{"kind":"building","name":"","osmWayId":"87497516"},"geometry":{"type":"Polygon","coordinates":[[[-123.0816332,49.3815727],[-123.0814812,49.3815046],[-123.0816595,49.3813357],[-123.0818115,49.3814037],[-123.0816332,49.3815727]]]}},{"type":"Feature","id":"87497517","properties":{"kind":"building","name":"","osmWayId":"87497517"},"geometry":{"type":"Polygon","coordinates":[[[-123.0788833,49.3793847],[-123.0787245,49.3793446],[-123.0786909,49.379401],[-123.0788497,49.3794411],[-123.0788833,49.3793847]]]}},{"type":"Feature","id":"87497561","properties":{"kind":"building","name":"","osmWayId":"87497561"},"geometry":{"type":"Polygon","coordinates":[[[-123.0794102,49.3711386],[-123.0793137,49.3712696],[-123.0795229,49.3713185],[-123.079598,49.3711893],[-123.0794102,49.3711386]]]}},{"type":"Feature","id":"87497562","properties":{"kind":"building","name":"","osmWayId":"87497562"},"geometry":{"type":"Polygon","coordinates":[[[-123.0788241,49.3713734],[-123.0787993,49.3712058],[-123.0786993,49.3712121],[-123.0787243,49.3713797],[-123.0788241,49.3713734]]]}},{"type":"Feature","id":"97337940","properties":{"kind":"path","name":"","osmWayId":"97337940"},"geometry":{"type":"LineString","coordinates":[[-123.0840694,49.3790587],[-123.0839528,49.379109],[-123.0839449,49.3791225],[-123.0839363,49.3791598],[-123.0839229,49.3791649],[-123.0837757,49.379165],[-123.0837469,49.3791761],[-123.083684,49.3791359],[-123.083595,49.3790681],[-123.0835126,49.3789791],[-123.0834315,49.3788878],[-123.083396,49.3788572]]}},{"type":"Feature","id":"97337942","properties":{"kind":"path","name":"Grouse Mountain Highway","osmWayId":"97337942"},"geometry":{"type":"LineString","coordinates":[[-123.0824076,49.3792775],[-123.082328,49.3790926],[-123.0823169,49.3790672],[-123.0823018,49.3790327],[-123.0822639,49.3789797],[-123.0822162,49.3789528],[-123.0821685,49.378935],[-123.0820444,49.3789078],[-123.0819133,49.3788836],[-123.0817003,49.3788356],[-123.0814701,49.3787766],[-123.0813038,49.3787398],[-123.0811097,49.3787472],[-123.0810705,49.3787487],[-123.0807244,49.3787717],[-123.0805839,49.3787978],[-123.0804608,49.3788375],[-123.0802356,49.3789501],[-123.0800271,49.3790462],[-123.0799036,49.3791032]]}},{"type":"Feature","id":"97337945","properties":{"kind":"path","name":"","osmWayId":"97337945"},"geometry":{"type":"LineString","coordinates":[[-123.083002,49.3794599],[-123.0830369,49.3794889],[-123.0831695,49.3795944]]}},{"type":"Feature","id":"100392580","properties":{"kind":"path","name":"Capilano Main","osmWayId":"100392580"},"geometry":{"type":"LineString","coordinates":[[-123.103363,49.3760499],[-123.1033462,49.3758997],[-123.1033134,49.3756968],[-123.1032291,49.375562],[-123.1030753,49.3754436],[-123.1028217,49.3752795],[-123.1025982,49.3750966],[-123.1022745,49.3747418],[-123.1020065,49.3745107],[-123.1019298,49.3744105],[-123.101798,49.374047],[-123.1017657,49.3739304],[-123.101719,49.3738556],[-123.1016612,49.3737889],[-123.1014242,49.3735797],[-123.1012798,49.3734756],[-123.1008826,49.3731697],[-123.1005516,49.3729168],[-123.100397,49.37278],[-123.1003459,49.3727246],[-123.1003012,49.3726642],[-123.1002342,49.3725477],[-123.1001959,49.3724347],[-123.1001793,49.3722624],[-123.1001583,49.3721752],[-123.1001255,49.3720888],[-123.1000499,49.3719747],[-123.0999554,49.3718434],[-123.0997914,49.3716538],[-123.0994898,49.3713123],[-123.0994525,49.3712623],[-123.0994181,49.371207],[-123.0993828,49.3711321],[-123.0993612,49.3710776],[-123.0993521,49.3710306],[-123.0993545,49.3709852],[-123.0993646,49.370924],[-123.0993926,49.3708471],[-123.0995584,49.3706201],[-123.0997744,49.3703245],[-123.0999872,49.3700436],[-123.1002254,49.369706],[-123.1002943,49.3696083],[-123.1006087,49.3691693],[-123.1008728,49.3687996],[-123.1010233,49.3685861],[-123.1011792,49.3683706],[-123.1016159,49.3677576],[-123.1020329,49.3671695],[-123.1026806,49.3662287],[-123.1030412,49.3657078],[-123.1032561,49.3653951],[-123.1032766,49.3653653],[-123.1036096,49.3648814],[-123.1041504,49.3640702],[-123.1042023,49.3639749],[-123.10424,49.3638864],[-123.1042674,49.363803],[-123.1042857,49.36372],[-123.1042976,49.3636506],[-123.1043083,49.3635298],[-123.1043187,49.3634085],[-123.1043304,49.36321],[-123.1043529,49.3629758],[-123.1044081,49.3623252],[-123.1044494,49.3620748],[-123.1044741,49.3619232],[-123.1046034,49.3612553],[-123.104701,49.3609678],[-123.1047623,49.3608323],[-123.1049263,49.3606348],[-123.1052754,49.3602634],[-123.1056775,49.3597992]]}},{"type":"Feature","id":"119009288","properties":{"kind":"path","name":"","osmWayId":"119009288"},"geometry":{"type":"LineString","coordinates":[[-123.0750943,49.3769876],[-123.0752551,49.3769235],[-123.0754606,49.3767999],[-123.0755608,49.3766269],[-123.0760121,49.3762776],[-123.0760974,49.3761698],[-123.0762917,49.3759423],[-123.0766964,49.3756179],[-123.0769018,49.3754355],[-123.076922,49.3754191],[-123.0769824,49.3753701],[-123.0770968,49.3753098],[-123.0772559,49.3752677]]}},{"type":"Feature","id":"119009289","properties":{"kind":"path","name":"","osmWayId":"119009289"},"geometry":{"type":"LineString","coordinates":[[-123.0778008,49.382753],[-123.0777032,49.3828787],[-123.0775293,49.3830026],[-123.077487,49.3830894],[-123.0773882,49.3833358],[-123.0772274,49.3837289],[-123.0771115,49.3837513],[-123.0769025,49.3837609],[-123.0767286,49.3837865],[-123.076663,49.3838976],[-123.0767286,49.3839638],[-123.0768664,49.3839852],[-123.0770757,49.3840462]]}},{"type":"Feature","id":"119009290","properties":{"kind":"path","name":"","osmWayId":"119009290"},"geometry":{"type":"LineString","coordinates":[[-123.079129,49.3804352],[-123.0791873,49.3804102],[-123.0794015,49.3802982],[-123.0795058,49.3802313],[-123.0795426,49.3801908],[-123.0795611,49.3801456],[-123.0795689,49.3800863],[-123.0795606,49.3800224],[-123.0795357,49.3799356],[-123.0795264,49.3798707],[-123.0795311,49.3798189],[-123.0795468,49.3797768],[-123.0797187,49.37956],[-123.0799053,49.3793402],[-123.0799261,49.3792499],[-123.0799036,49.3791032]]}},{"type":"Feature","id":"119009291","properties":{"kind":"path","name":"","osmWayId":"119009291"},"geometry":{"type":"LineString","coordinates":[[-123.0771354,49.3769011],[-123.0773106,49.3770858],[-123.0778981,49.3772781],[-123.0779686,49.3773954],[-123.0778354,49.3775842],[-123.0779921,49.3777066],[-123.0780269,49.3778348],[-123.0780234,49.3779072],[-123.0780675,49.3782155],[-123.0780614,49.3783081],[-123.0780561,49.378391],[-123.0781055,49.3784873],[-123.078147,49.3785275],[-123.0782055,49.3785709],[-123.0783391,49.3786193],[-123.0783924,49.3786349],[-123.0785068,49.3786685],[-123.0785812,49.3787021],[-123.0786386,49.3787335],[-123.0787024,49.3787581],[-123.0789269,49.3788187],[-123.0791211,49.3788946],[-123.0793549,49.3790116],[-123.0794628,49.3790452],[-123.0797047,49.379165]]}},{"type":"Feature","id":"119009292","properties":{"kind":"path","name":"","osmWayId":"119009292"},"geometry":{"type":"LineString","coordinates":[[-123.0792013,49.3741057],[-123.0788152,49.3742412],[-123.0787631,49.3742595],[-123.0787249,49.3742729],[-123.0786336,49.3742996],[-123.0785766,49.3743162],[-123.0783758,49.3743604],[-123.0781703,49.3744244],[-123.0780411,49.3745062],[-123.0778933,49.3746453],[-123.0778518,49.3746844],[-123.0778302,49.3747048],[-123.0776634,49.3748625],[-123.077472,49.3750901],[-123.0772559,49.3752677],[-123.0772702,49.3753437],[-123.0772512,49.3754758],[-123.0772156,49.3755887],[-123.0771938,49.3756829],[-123.0771604,49.3758335],[-123.0771554,49.3759794],[-123.0771354,49.3765616],[-123.0771354,49.3768377],[-123.0771354,49.3769011],[-123.0769849,49.3770056],[-123.0768997,49.3772341],[-123.076892,49.3774741],[-123.0768714,49.3775506],[-123.0767929,49.3776637],[-123.0767858,49.377674],[-123.0766841,49.3777856],[-123.0766767,49.3777925],[-123.0765837,49.3778785],[-123.0765549,49.377911],[-123.0765347,49.3779519],[-123.0765033,49.3780467],[-123.0764955,49.378143],[-123.0763624,49.3784806],[-123.0763611,49.3785071],[-123.0763592,49.3785442],[-123.0763581,49.3785662],[-123.0763543,49.3785844],[-123.0763196,49.3787494],[-123.0763132,49.3787801]]}},{"type":"Feature","id":"119009293","properties":{"kind":"path","name":"","osmWayId":"119009293"},"geometry":{"type":"LineString","coordinates":[[-123.0784885,49.3712094],[-123.0785253,49.3713],[-123.0785389,49.3713334],[-123.0785755,49.3714442],[-123.0786182,49.3715731],[-123.0787138,49.3717603],[-123.0787333,49.3718153],[-123.0787806,49.3719493],[-123.0788068,49.3721242],[-123.0788145,49.372159],[-123.0788618,49.3723729],[-123.0789245,49.3726561],[-123.0789701,49.3729267],[-123.0789956,49.3730781],[-123.0791171,49.3738001],[-123.0792013,49.3741057],[-123.0793594,49.3746631],[-123.0793658,49.3746856],[-123.0795183,49.3747869],[-123.0795624,49.3748162],[-123.079617,49.3749158],[-123.0796426,49.3749625],[-123.0796546,49.3750745],[-123.0796827,49.375336],[-123.0797904,49.3756428],[-123.0796809,49.3756883],[-123.0798161,49.3757412],[-123.0799216,49.3758051],[-123.0799856,49.3758507],[-123.0800397,49.3758972],[-123.0800618,49.375927],[-123.0800674,49.3759479],[-123.0800713,49.3759628],[-123.0800592,49.3760283],[-123.080043,49.3760726],[-123.0800226,49.3761285],[-123.0800132,49.3761542],[-123.0800012,49.3763836],[-123.0799999,49.3764076],[-123.0799975,49.3764531]]}},{"type":"Feature","id":"119009296","properties":{"kind":"path","name":"","osmWayId":"119009296"},"geometry":{"type":"LineString","coordinates":[[-123.0732876,49.3797799],[-123.0732236,49.3796878],[-123.0732026,49.379578],[-123.0731549,49.3794502],[-123.0729543,49.379189],[-123.072849,49.3789638],[-123.072433,49.3786755],[-123.0722674,49.3785296],[-123.072142,49.3785393],[-123.0719178,49.3785819],[-123.0717374,49.3785943],[-123.0715252,49.3787875],[-123.0706477,49.3792151],[-123.070041,49.3795089],[-123.0692086,49.3800705],[-123.0687723,49.3804491],[-123.0688074,49.3805765],[-123.0689001,49.3806627],[-123.068942,49.3807592],[-123.0689481,49.3807985],[-123.0689535,49.380938],[-123.0689528,49.3810106],[-123.0692788,49.3812522],[-123.069349,49.3814807],[-123.0693841,49.3816799],[-123.0694065,49.3817961],[-123.0695395,49.3821075],[-123.0696649,49.3822544],[-123.0696498,49.3823426],[-123.0694582,49.3824433],[-123.0694184,49.3824645],[-123.0688307,49.3827101],[-123.0685431,49.3828242],[-123.068382,49.3828759],[-123.0682368,49.382937],[-123.0681855,49.3829662],[-123.0681617,49.383],[-123.0681509,49.3830368],[-123.0681511,49.3830669],[-123.0681587,49.3830943],[-123.0681837,49.383131],[-123.0683764,49.3833359],[-123.0683927,49.3833725],[-123.0683995,49.3834117],[-123.0683919,49.3834497],[-123.0683327,49.3835494],[-123.0682207,49.3837072],[-123.0681851,49.3837518],[-123.0681274,49.3837841],[-123.0680667,49.3838092],[-123.0679758,49.3838232],[-123.067882,49.3838274],[-123.0677507,49.3838242],[-123.067702,49.383839],[-123.0676618,49.3838635],[-123.0676382,49.3838924],[-123.0675948,49.3840224],[-123.0675257,49.3841719],[-123.0674623,49.3843297],[-123.0674357,49.3843683],[-123.0673749,49.3844097],[-123.0671663,49.3845066],[-123.0667394,49.3847058],[-123.0665438,49.3848035],[-123.0663482,49.3849107],[-123.0663054,49.3849526],[-123.0662338,49.3850005],[-123.066187,49.3850387],[-123.0661344,49.3850688],[-123.0660686,49.3850964],[-123.0660047,49.3851021],[-123.0659194,49.3851231],[-123.0658785,49.385143],[-123.0658227,49.3851821],[-123.0657111,49.3852458],[-123.0656316,49.3852886],[-123.0656065,49.3853128],[-123.06559,49.3853462],[-123.0655779,49.3853946],[-123.0656256,49.3855939],[-123.0656219,49.3856628],[-123.0656036,49.3857048],[-123.065519,49.3858266],[-123.065477,49.3859157],[-123.0654666,49.3859756],[-123.0654824,49.3860521]]}},{"type":"Feature","id":"119009300","properties":{"kind":"path","name":"","osmWayId":"119009300"},"geometry":{"type":"LineString","coordinates":[[-123.0797511,49.3768023],[-123.0797571,49.3769197],[-123.0797392,49.3770395],[-123.0797471,49.3771391],[-123.079811,49.3773482],[-123.0798602,49.3776286],[-123.0799184,49.3777483],[-123.0799609,49.3778588],[-123.0799847,49.3779944],[-123.0799908,49.3780934],[-123.0799918,49.3781834],[-123.0799924,49.3782363],[-123.0799631,49.3783863],[-123.0799637,49.3784107],[-123.0799657,49.3784854],[-123.0799795,49.3786239],[-123.0799835,49.378664],[-123.0799872,49.3787007],[-123.0799177,49.3788537],[-123.0798845,49.3789652],[-123.0798851,49.3790467],[-123.0799036,49.3791032]]}},{"type":"Feature","id":"119009301","properties":{"kind":"path","name":"","osmWayId":"119009301"},"geometry":{"type":"LineString","coordinates":[[-123.0763624,49.3784806],[-123.0762702,49.3785001],[-123.0761275,49.3785466],[-123.0759621,49.378619],[-123.0758297,49.3787094],[-123.0758081,49.378754],[-123.0758044,49.3788082],[-123.0758035,49.3789303],[-123.075773,49.3790783],[-123.0757582,49.3792387]]}},{"type":"Feature","id":"119945020","properties":{"kind":"path","name":"Baden Powell Trail","osmWayId":"119945020"},"geometry":{"type":"LineString","coordinates":[[-123.0828656,49.3601362],[-123.0828802,49.3601901],[-123.0829037,49.3603263],[-123.082998,49.360475],[-123.082974,49.36069],[-123.0828316,49.360867],[-123.0828915,49.3610315],[-123.082857,49.3611478],[-123.0828497,49.3612739],[-123.082957,49.361379],[-123.083006,49.361498],[-123.083273,49.361867],[-123.08339,49.362159],[-123.083413,49.362727],[-123.083449,49.362825],[-123.083432,49.362998],[-123.083467,49.363163],[-123.083499,49.363255],[-123.083584,49.363342],[-123.083783,49.3636577],[-123.083898,49.363801],[-123.083919,49.363988],[-123.083992,49.364231],[-123.08399,49.364391],[-123.0837531,49.3646192],[-123.0837292,49.3646839],[-123.0837515,49.3647742],[-123.0837675,49.3648343],[-123.08376,49.3648797],[-123.0837779,49.3648995],[-123.0838113,49.3649216],[-123.0838459,49.3649281],[-123.0839255,49.3649185],[-123.083996,49.364918],[-123.084151,49.36494],[-123.084438,49.364942],[-123.084563,49.364968],[-123.084766,49.365049],[-123.084848,49.365115],[-123.085107,49.365439],[-123.0852559,49.3655907],[-123.085321,49.365657],[-123.085389,49.365763],[-123.085419,49.365839],[-123.085431,49.365983],[-123.085407,49.366096],[-123.085339,49.366185],[-123.085375,49.366269],[-123.085435,49.366319],[-123.0854653,49.3663288],[-123.0855,49.366342],[-123.085616,49.36634],[-123.085902,49.366296],[-123.085993,49.366256],[-123.0861255,49.3661376],[-123.0863227,49.3660456],[-123.0864918,49.3659839],[-123.0865761,49.3659757],[-123.086683,49.365991],[-123.0869488,49.3660527],[-123.0871853,49.366088],[-123.0873061,49.3661162]]}},{"type":"Feature","id":"122738606","properties":{"kind":"path","name":"","osmWayId":"122738606"},"geometry":{"type":"LineString","coordinates":[[-123.0986517,49.3715603],[-123.0986822,49.371631],[-123.0987393,49.3716992],[-123.0989526,49.3719211],[-123.0992143,49.3721583],[-123.0993105,49.3722323],[-123.0994419,49.3722583],[-123.0995066,49.3722571],[-123.0995573,49.3722455]]}},{"type":"Feature","id":"122738608","properties":{"kind":"path","name":"","osmWayId":"122738608"},"geometry":{"type":"LineString","coordinates":[[-123.0987477,49.3713847],[-123.0989326,49.3715565],[-123.099292,49.3719362],[-123.0994035,49.3720686],[-123.0994943,49.3721713],[-123.0995573,49.3722455],[-123.0996283,49.3723292],[-123.0997404,49.3724601],[-123.0998038,49.3724918],[-123.0998391,49.3724942],[-123.0998891,49.3724799],[-123.0999185,49.3724473]]}},{"type":"Feature","id":"122738613","properties":{"kind":"path","name":"Powerline","osmWayId":"122738613"},"geometry":{"type":"LineString","coordinates":[[-123.0956989,49.3682141],[-123.0954388,49.3680867],[-123.0953671,49.3680082],[-123.0950078,49.3676148],[-123.0940918,49.3669353],[-123.0935883,49.3663052],[-123.0927627,49.3657658],[-123.0921332,49.3654501],[-123.0915927,49.3650306],[-123.0911834,49.3646082],[-123.0907805,49.3642211],[-123.0902473,49.3638356],[-123.0899847,49.3635973],[-123.0898596,49.3634832],[-123.0896527,49.3632951],[-123.0893913,49.3628296],[-123.089337,49.362654],[-123.0893175,49.3626118],[-123.0892507,49.3625248],[-123.0891941,49.3624654]]}},{"type":"Feature","id":"122738636","properties":{"kind":"path","name":"","osmWayId":"122738636"},"geometry":{"type":"LineString","coordinates":[[-123.0982391,49.3719953],[-123.0982146,49.3720281],[-123.0981415,49.3721306],[-123.0981281,49.3721505],[-123.0980672,49.3722682],[-123.0980501,49.3723997],[-123.0980501,49.3724604],[-123.0981282,49.3726228],[-123.0981443,49.3727106],[-123.0981624,49.3728088],[-123.0982138,49.3729191],[-123.0983433,49.373048],[-123.0984254,49.3731299],[-123.0985299,49.373234],[-123.0986166,49.3733309],[-123.0986879,49.3734088],[-123.0987622,49.3734497],[-123.0987896,49.3734509],[-123.098844,49.3734534],[-123.0989545,49.3734323],[-123.0991182,49.3733902],[-123.0991688,49.3733725]]}},{"type":"Feature","id":"122738637","properties":{"kind":"path","name":"","osmWayId":"122738637"},"geometry":{"type":"LineString","coordinates":[[-123.098951,49.3710155],[-123.0987786,49.3709269],[-123.0987006,49.3708675],[-123.0982115,49.370433],[-123.0981115,49.3702858],[-123.0978188,49.370044],[-123.0976808,49.3699634],[-123.0972486,49.3695666],[-123.0971667,49.3694907],[-123.0966036,49.3690342],[-123.0965551,49.3689948],[-123.0964432,49.3688321],[-123.0963292,49.3687462],[-123.0961338,49.3685981],[-123.0958482,49.3684354],[-123.095753,49.3683594],[-123.0956935,49.3682897],[-123.095684,49.3682494],[-123.0956879,49.3682395],[-123.0956989,49.3682141],[-123.0957745,49.3681951],[-123.0961029,49.3682618],[-123.0964099,49.3684044],[-123.0967383,49.3687112],[-123.0979164,49.3696814],[-123.0985828,49.3703075],[-123.0987065,49.3704748],[-123.0989517,49.3706887],[-123.0991119,49.3707633]]}},{"type":"Feature","id":"122738645","properties":{"kind":"path","name":"","osmWayId":"122738645"},"geometry":{"type":"LineString","coordinates":[[-123.0995573,49.3722455],[-123.099657,49.3722137],[-123.0996799,49.3721839],[-123.0997053,49.3721254]]}},{"type":"Feature","id":"122738648","properties":{"kind":"path","name":"","osmWayId":"122738648"},"geometry":{"type":"LineString","coordinates":[[-123.0993252,49.3733151],[-123.0989394,49.3729191],[-123.098689,49.372662],[-123.0982314,49.3721923],[-123.0981281,49.3721505]]}},{"type":"Feature","id":"122738649","properties":{"kind":"path","name":"","osmWayId":"122738649"},"geometry":{"type":"LineString","coordinates":[[-123.0989545,49.3734323],[-123.0987869,49.3732414],[-123.0984613,49.3729203],[-123.0982976,49.372748],[-123.0982291,49.3727046],[-123.0981443,49.3727106]]}},{"type":"Feature","id":"122738650","properties":{"kind":"path","name":"","osmWayId":"122738650"},"geometry":{"type":"LineString","coordinates":[[-123.0980672,49.3722682],[-123.0981312,49.3723456],[-123.0983578,49.372575],[-123.098769,49.3729965],[-123.0987967,49.3730238]]}},{"type":"Feature","id":"122738654","properties":{"kind":"path","name":"","osmWayId":"122738654"},"geometry":{"type":"LineString","coordinates":[[-123.0982115,49.370433],[-123.0980996,49.3704872],[-123.0980497,49.370526],[-123.0980425,49.3705787],[-123.0980756,49.3706135],[-123.0980843,49.3706226],[-123.0981306,49.3706778],[-123.098134,49.3706809],[-123.0983876,49.3709134],[-123.0985185,49.3709924],[-123.0986972,49.371108],[-123.0987303,49.3711335],[-123.0987899,49.3711481],[-123.0988639,49.3711626]]}},{"type":"Feature","id":"122738674","properties":{"kind":"wood","name":"","osmWayId":"122738674"},"geometry":{"type":"Polygon","coordinates":[[[-123.0977704,49.3724914],[-123.0980168,49.372682],[-123.0981083,49.3728174],[-123.0981763,49.3729179],[-123.0982864,49.3730689],[-123.0984024,49.3732086],[-123.0984227,49.3732992],[-123.0981995,49.3731897],[-123.0980284,49.3729972],[-123.0978922,49.3728557],[-123.0977153,49.3727669],[-123.0976603,49.3726442],[-123.0976545,49.3725385],[-123.0976817,49.3725275],[-123.0977704,49.3724914]]]}},{"type":"Feature","id":"133434832","properties":{"kind":"path","name":"","osmWayId":"133434832"},"geometry":{"type":"LineString","coordinates":[[-123.0792524,49.3904745],[-123.0791793,49.3904883],[-123.0791338,49.3904666],[-123.0791414,49.3904365],[-123.0791332,49.3904183],[-123.0791024,49.3904084],[-123.0790644,49.3904142],[-123.0790132,49.3904283],[-123.0789612,49.3903969],[-123.0789788,49.3903437],[-123.0789571,49.390321],[-123.0788827,49.3903234],[-123.0788128,49.390338],[-123.0787697,49.3903275],[-123.0787305,49.3903074],[-123.0786967,49.3902604],[-123.0786651,49.3902474],[-123.0786451,49.3902497],[-123.078601,49.3902901],[-123.0785723,49.3903047],[-123.0785358,49.3903105],[-123.078511,49.3902957],[-123.0785009,49.3902795],[-123.078463,49.3902454],[-123.0784111,49.3902172],[-123.0783622,49.3902174],[-123.0783356,49.3902403],[-123.0783136,49.3902692],[-123.0782791,49.3902796],[-123.0782401,49.3902642],[-123.0782033,49.390221],[-123.078186,49.3901597],[-123.0782039,49.3901169],[-123.0783319,49.3900099],[-123.0784054,49.3899491],[-123.0784512,49.3898571],[-123.0784419,49.3897752],[-123.078498,49.3896507],[-123.0785695,49.3896342],[-123.0786421,49.3896318]]}},{"type":"Feature","id":"133434833","properties":{"kind":"path","name":"","osmWayId":"133434833"},"geometry":{"type":"LineString","coordinates":[[-123.0796071,49.3902434],[-123.0796266,49.3902699],[-123.0796426,49.3903105],[-123.0796457,49.3903482],[-123.079635,49.3903814],[-123.0796302,49.3904275],[-123.0796378,49.3904783],[-123.0796779,49.3905194],[-123.0797137,49.390527],[-123.079758,49.3905078],[-123.0798016,49.3905063],[-123.0798543,49.3905127],[-123.0798961,49.3905513],[-123.0799518,49.390556],[-123.080063,49.390532],[-123.0801263,49.3905077],[-123.0801933,49.3904797],[-123.0802924,49.3904529],[-123.080352,49.3904528],[-123.0805076,49.3904793],[-123.0805823,49.3904769],[-123.0807247,49.3904589],[-123.0809309,49.3903387],[-123.0811947,49.3903387],[-123.0812715,49.3903202],[-123.0813741,49.3903082],[-123.0815288,49.3902841],[-123.0816512,49.3902745],[-123.0816931,49.3902463],[-123.0817387,49.390141],[-123.0817844,49.3900856],[-123.0818239,49.3900707],[-123.0818617,49.3900858],[-123.081892,49.3901204],[-123.0819668,49.3902772],[-123.0820175,49.3903115],[-123.0820805,49.3903169],[-123.0823246,49.3902502],[-123.0825812,49.3903306],[-123.0826534,49.3903656],[-123.0827149,49.3904139],[-123.0827577,49.3905015],[-123.0827795,49.390602],[-123.0827757,49.390647],[-123.0827405,49.3906863],[-123.0825919,49.3907264],[-123.082425,49.3907641],[-123.0822488,49.3907811],[-123.0820628,49.3907705],[-123.0819618,49.3907811],[-123.0818982,49.3908594],[-123.0818038,49.3910658],[-123.081739,49.3911709],[-123.0816254,49.3912484],[-123.0814516,49.3913231],[-123.0813607,49.39138],[-123.081312,49.3914623],[-123.0812423,49.3916139],[-123.0811304,49.3917296],[-123.0808657,49.3919209]]}},{"type":"Feature","id":"136771837","properties":{"kind":"path","name":"","osmWayId":"136771837"},"geometry":{"type":"LineString","coordinates":[[-123.0957489,49.3649887],[-123.0958092,49.3650124],[-123.0961392,49.3652477],[-123.0962249,49.3653065]]}},{"type":"Feature","id":"144953659","properties":{"kind":"path","name":"Baden Powell Trail","osmWayId":"144953659"},"geometry":{"type":"LineString","coordinates":[[-123.0983898,49.3711805],[-123.098278,49.3711156],[-123.0981662,49.3710996]]}},{"type":"Feature","id":"178679972","properties":{"kind":"path","name":"Ridge Trail","osmWayId":"178679972"},"geometry":{"type":"LineString","coordinates":[[-123.0833418,49.3985835],[-123.0835075,49.3985623],[-123.0837639,49.3985422],[-123.0838446,49.3983081],[-123.0838856,49.3981695],[-123.0839557,49.3980226],[-123.0839372,49.3979885],[-123.0838778,49.3979796],[-123.0837472,49.3979735],[-123.0836938,49.3979606],[-123.0836466,49.3979137],[-123.083606,49.3978598],[-123.0835193,49.3978002],[-123.0832301,49.3976893],[-123.0831317,49.3976197],[-123.0830547,49.397578],[-123.0825083,49.3974275],[-123.0823563,49.3973779],[-123.0821392,49.3971675],[-123.0820111,49.3971135],[-123.0818789,49.3970082],[-123.0817941,49.3969941],[-123.0816916,49.3969865]]}},{"type":"Feature","id":"203179033","properties":{"kind":"path","name":"Ridge Trail","osmWayId":"203179033"},"geometry":{"type":"LineString","coordinates":[[-123.0813689,49.3965997],[-123.0813371,49.3964442],[-123.0813354,49.3963397],[-123.081325,49.3962739],[-123.081263,49.3961789],[-123.0812485,49.3961215],[-123.081289,49.3959309],[-123.0812586,49.3958373],[-123.0812752,49.3957019],[-123.0812675,49.3956561],[-123.0812249,49.3956358],[-123.0811089,49.3956194],[-123.0810261,49.3955899],[-123.0810143,49.3955689],[-123.0810146,49.3955205],[-123.0810275,49.3954876],[-123.0810508,49.3954649],[-123.0811356,49.3954498],[-123.0811825,49.3954146],[-123.081208,49.3953755],[-123.0812062,49.3953357],[-123.0812331,49.3952879],[-123.08123,49.3952471],[-123.0812058,49.3951746],[-123.0811531,49.3951222],[-123.0811616,49.3950873],[-123.081203,49.3950541],[-123.0812138,49.3950301],[-123.0811816,49.3949939],[-123.0811328,49.3949563],[-123.0811364,49.3949148],[-123.0811588,49.3948549],[-123.0811332,49.3948035],[-123.081116,49.3947657],[-123.0810615,49.3947383],[-123.0810002,49.3946971],[-123.0809999,49.3946621],[-123.0810306,49.3946243],[-123.0810278,49.3945865],[-123.0810016,49.3945375],[-123.0810014,49.3944629],[-123.081008,49.3944081],[-123.081028,49.394379],[-123.0810893,49.3942982]]}},{"type":"Feature","id":"228926237","properties":{"kind":"path","name":"Peer Gynt","osmWayId":"228926237"},"geometry":{"type":"LineString","coordinates":[[-123.0672182,49.3624217],[-123.0673337,49.3623965],[-123.0673439,49.3623716],[-123.0673636,49.3623496],[-123.0674234,49.362349],[-123.0674839,49.3623648],[-123.0675768,49.3623629],[-123.0676412,49.3623524],[-123.0677103,49.3623263],[-123.0677572,49.3622843],[-123.0678001,49.362221],[-123.0678466,49.3621286],[-123.0679236,49.3620328],[-123.0679949,49.3619629],[-123.0680619,49.3619239],[-123.068173,49.3619033],[-123.068295,49.3619053],[-123.06841,49.361926],[-123.0685199,49.3619586],[-123.0686364,49.3619489],[-123.0687444,49.3619571],[-123.0689001,49.3620282],[-123.0689967,49.3620816],[-123.0690918,49.3621575],[-123.0692296,49.362219],[-123.0692776,49.3622679],[-123.0693068,49.3623373],[-123.0693321,49.3624213],[-123.0693533,49.3625024],[-123.0693947,49.3625741],[-123.0695411,49.3627065],[-123.0697393,49.362848],[-123.0698557,49.3629404],[-123.0698806,49.3629602],[-123.0699002,49.3629549],[-123.0699074,49.3629334],[-123.0699086,49.3628905],[-123.0699111,49.3628735],[-123.0699291,49.3628682],[-123.0699491,49.3628661],[-123.0699914,49.3628853],[-123.0700432,49.3629388],[-123.0701081,49.3630841],[-123.0701671,49.3632247],[-123.0702277,49.3633888],[-123.0703262,49.3635166],[-123.070461,49.3636488],[-123.070494,49.3636946],[-123.0705272,49.3638115],[-123.0705801,49.3639069],[-123.0705958,49.3639552],[-123.070601,49.3639711],[-123.0706366,49.3640162],[-123.0706981,49.3640485],[-123.0707669,49.3640459],[-123.0708208,49.3639972],[-123.0708969,49.3639531],[-123.0709506,49.3639601],[-123.0710233,49.3639776],[-123.07111,49.3640071]]}},{"type":"Feature","id":"236153220","properties":{"kind":"path","name":"Baden Powell Trail","osmWayId":"236153220"},"geometry":{"type":"LineString","coordinates":[[-123.0981662,49.3710996],[-123.0979557,49.3711126],[-123.097806,49.3711054],[-123.0977234,49.3710957],[-123.0976404,49.3710687],[-123.0975604,49.3710216],[-123.0973028,49.3710007],[-123.0972016,49.3709887],[-123.0970798,49.3709655],[-123.0969644,49.3709362],[-123.0967888,49.3708801],[-123.0966014,49.3707981],[-123.0964409,49.3707095],[-123.0963253,49.3706312],[-123.0962354,49.3705907],[-123.0961282,49.3705557],[-123.0960176,49.3705119],[-123.0959168,49.3704748],[-123.0958019,49.3704556],[-123.0957302,49.3704664],[-123.0956709,49.3704557],[-123.0955991,49.3704352]]}},{"type":"Feature","id":"236153221","properties":{"kind":"path","name":"Grouse Grind","osmWayId":"236153221"},"geometry":{"type":"LineString","coordinates":[[-123.0952579,49.3708137],[-123.0951828,49.3709284],[-123.0950247,49.3710782],[-123.094864,49.3711183],[-123.0947801,49.3711817],[-123.0947221,49.3713022],[-123.094607,49.371344],[-123.094217,49.371408],[-123.0940155,49.3714425],[-123.0939274,49.3715128],[-123.0938915,49.3716578],[-123.0937762,49.37177],[-123.0936127,49.3718823],[-123.0933969,49.3721646],[-123.0932842,49.3722102],[-123.0931159,49.3722328],[-123.092802,49.372366],[-123.092595,49.3724036],[-123.0923485,49.3723891],[-123.092146,49.372513],[-123.092036,49.372538],[-123.0917131,49.3725505],[-123.0915563,49.37261],[-123.0915728,49.3726798],[-123.0916342,49.372787],[-123.091535,49.372932],[-123.091413,49.3731327],[-123.0912256,49.3732034],[-123.0911705,49.3733512],[-123.091001,49.37356],[-123.0909379,49.3736913],[-123.0910751,49.3738737],[-123.0910234,49.3739517],[-123.0907877,49.3740023],[-123.090762,49.3741],[-123.0908618,49.3742062],[-123.0910777,49.3742785],[-123.0911398,49.3743853],[-123.0911869,49.3745368],[-123.0911728,49.3746469],[-123.091046,49.374768],[-123.0908968,49.3748784],[-123.0908456,49.3750535],[-123.0908561,49.3751998],[-123.0907951,49.3752473],[-123.090453,49.3753365],[-123.0904452,49.3753989],[-123.0905285,49.3754476],[-123.0905313,49.3755103],[-123.0903087,49.3755551],[-123.090023,49.375724],[-123.0895742,49.3758487],[-123.0895066,49.3758992],[-123.089426,49.376037],[-123.0893185,49.3760924],[-123.0892915,49.3761896],[-123.0890992,49.3762475],[-123.0887166,49.376496],[-123.088429,49.376608],[-123.087646,49.376994],[-123.0874271,49.3770889],[-123.0872487,49.3771121],[-123.0870854,49.3770902],[-123.0866875,49.3769259],[-123.0865963,49.376953],[-123.086577,49.377063],[-123.0866188,49.3772733],[-123.0865781,49.377318],[-123.086286,49.3773508],[-123.0861979,49.3774069],[-123.0861574,49.3775449],[-123.0860912,49.3775872],[-123.0856895,49.377643],[-123.0849413,49.3776372],[-123.0845428,49.3777111],[-123.0844565,49.3778194],[-123.0843699,49.3778542],[-123.0839309,49.377788],[-123.0838017,49.3778158],[-123.0837577,49.3778987],[-123.083779,49.3780306],[-123.0839276,49.3782214],[-123.0839183,49.3782766],[-123.0836134,49.3783678],[-123.08354,49.37846]]}},{"type":"Feature","id":"236153222","properties":{"kind":"path","name":"Grouse Grind","osmWayId":"236153222"},"geometry":{"type":"LineString","coordinates":[[-123.0981662,49.3710996],[-123.0980895,49.3711777],[-123.0979863,49.3712969],[-123.0978973,49.3713517],[-123.0977744,49.3713631],[-123.0976134,49.3713512],[-123.0974546,49.3713477],[-123.0973391,49.3713578],[-123.0971432,49.3714342],[-123.0969992,49.3714438],[-123.0968736,49.3714058],[-123.0967834,49.3713479],[-123.0966328,49.3712217],[-123.0964374,49.3711957],[-123.0963878,49.3711701],[-123.0963405,49.3711457],[-123.0962473,49.3710003],[-123.0961806,49.370953],[-123.0960955,49.3709412],[-123.0959779,49.370937],[-123.0958431,49.3709203],[-123.0955779,49.370879],[-123.0952579,49.3708137]]}},{"type":"Feature","id":"242664135","properties":{"kind":"path","name":"Upper Dreamweaver","osmWayId":"242664135"},"geometry":{"type":"LineString","coordinates":[[-123.0719652,49.3588552],[-123.0719246,49.3589445],[-123.0718705,49.3590688],[-123.0718407,49.359106],[-123.071723,49.3592527],[-123.0716797,49.3592936],[-123.0715749,49.3593936],[-123.0714473,49.3595145],[-123.0713297,49.3596498],[-123.071186,49.3598263],[-123.0710593,49.3600146],[-123.0709839,49.3601512],[-123.0709254,49.3602876],[-123.0708046,49.3606062],[-123.0707492,49.360747],[-123.07072,49.3608627],[-123.0707207,49.3610587],[-123.0707594,49.3612439],[-123.0707332,49.3613722],[-123.0707201,49.3614798],[-123.0707518,49.3616428],[-123.0707965,49.3618737],[-123.0708377,49.3621148],[-123.0708203,49.3623327],[-123.0708019,49.3625814],[-123.0707961,49.3627251],[-123.0708089,49.3628541],[-123.0708551,49.3630619],[-123.0709464,49.3632115],[-123.0710185,49.3633532],[-123.0710407,49.3634812],[-123.0710715,49.363641],[-123.0710979,49.3636917],[-123.0711216,49.3637402],[-123.0711315,49.3637976],[-123.0711598,49.3638554],[-123.0711582,49.3639183],[-123.0711498,49.3639582],[-123.07111,49.3640071]]}},{"type":"Feature","id":"243090688","properties":{"kind":"path","name":"Mackay Creek Trail","osmWayId":"243090688"},"geometry":{"type":"LineString","coordinates":[[-123.0794376,49.3710413],[-123.0794068,49.3709371],[-123.0793904,49.3709008],[-123.0793635,49.3708492],[-123.0793155,49.3707735],[-123.0793191,49.3707259],[-123.0792596,49.3706858],[-123.0791727,49.3706419],[-123.0791155,49.370608],[-123.0790721,49.370565],[-123.0790683,49.3705213],[-123.0790875,49.3704391],[-123.0791806,49.3703145],[-123.0792175,49.3702728],[-123.079221,49.3702363],[-123.0791946,49.3701991],[-123.079162,49.3701643],[-123.0791521,49.3701234],[-123.0791792,49.3700878],[-123.0791683,49.3700384],[-123.0791435,49.3699622],[-123.0791006,49.3698922],[-123.0790789,49.3698393],[-123.0790857,49.3697978],[-123.07912,49.3697521],[-123.0791339,49.3696786],[-123.0791278,49.3695901],[-123.079164,49.3695328],[-123.0791908,49.3694685],[-123.0791853,49.369397],[-123.0793074,49.3693112],[-123.0794164,49.369252],[-123.0795165,49.3692134],[-123.0795446,49.3691834],[-123.0795633,49.36915],[-123.0795697,49.3690618],[-123.0795713,49.3690281],[-123.0795866,49.3689934],[-123.0796794,49.3689159],[-123.0797599,49.3688519],[-123.0798045,49.3688006],[-123.0798194,49.3687637],[-123.0798156,49.3686689],[-123.0798197,49.3686354],[-123.0798472,49.3686138],[-123.079905,49.3685958],[-123.0799294,49.3685739],[-123.0799307,49.3685371],[-123.0799095,49.3684497],[-123.07988,49.3683611],[-123.0798747,49.3683256],[-123.0798856,49.3682959],[-123.0799317,49.3682705],[-123.0800499,49.3682404],[-123.0803149,49.3681578],[-123.0803914,49.3681401],[-123.0805034,49.3681428],[-123.0806626,49.3681791],[-123.0807915,49.3682038],[-123.0809394,49.3682031],[-123.0810236,49.3682124],[-123.0811388,49.3682331],[-123.0812147,49.3682256],[-123.0812781,49.3681952],[-123.0813448,49.3680882],[-123.0813539,49.36801],[-123.0813079,49.3677933],[-123.0813112,49.3677271],[-123.0813264,49.3676873],[-123.0813835,49.3676492],[-123.0814464,49.3676459],[-123.0815828,49.3676764],[-123.0817474,49.3677204],[-123.08185,49.3677303],[-123.0819507,49.3677143],[-123.0819824,49.3676849],[-123.0819796,49.3676361],[-123.0819165,49.3675316],[-123.0819171,49.3674981],[-123.0819425,49.3674647],[-123.0819919,49.3674176],[-123.0820113,49.3673337],[-123.0820435,49.367298],[-123.0820859,49.3672758],[-123.0824395,49.367196],[-123.0825244,49.3671458],[-123.0826045,49.3670575],[-123.0826686,49.3669952],[-123.0827518,49.3669679],[-123.0829874,49.3669209],[-123.0830781,49.3669015],[-123.0831471,49.3668708],[-123.0832096,49.3668111],[-123.0832355,49.3667542],[-123.0832352,49.3666609],[-123.0832558,49.366595],[-123.0833042,49.3665399],[-123.0834075,49.3664968],[-123.0835697,49.3663933],[-123.0838746,49.3662408],[-123.0839679,49.3662203],[-123.0841382,49.3661731],[-123.0843442,49.366116],[-123.0844729,49.3660688],[-123.084576,49.3660299],[-123.0846391,49.3659899],[-123.0846661,49.3659465],[-123.0846645,49.3658964],[-123.0846889,49.3658712],[-123.0847145,49.36586],[-123.0847921,49.365848],[-123.0848399,49.365841],[-123.0849065,49.3658149],[-123.0850151,49.3657119],[-123.0851303,49.3656581],[-123.0852559,49.3655907]]}},{"type":"Feature","id":"248605275","properties":{"kind":"path","name":"Winter Access To Grouse and Baden Powell Trails","osmWayId":"248605275"},"geometry":{"type":"LineString","coordinates":[[-123.0980756,49.3706135],[-123.097853,49.3707704],[-123.0978,49.3707923],[-123.0976896,49.3707754],[-123.0975466,49.3708],[-123.0974324,49.3708606],[-123.0973028,49.3710007]]}},{"type":"Feature","id":"261800681","properties":{"kind":"path","name":"Cascades","osmWayId":"261800681"},"geometry":{"type":"LineString","coordinates":[[-123.0774603,49.3563009],[-123.0772898,49.3564142],[-123.0772066,49.356437],[-123.0771718,49.3564614],[-123.077102,49.3564859],[-123.0770269,49.3565156],[-123.0769679,49.3565435],[-123.0769121,49.356566],[-123.076839,49.3565888],[-123.076756,49.3566398],[-123.0765395,49.356721],[-123.076512,49.3567509],[-123.0764998,49.3568273],[-123.076482,49.3569678],[-123.0764503,49.3570675],[-123.0764008,49.3571448],[-123.0763217,49.3572236],[-123.076281,49.3572686],[-123.07626,49.3573281],[-123.0762506,49.3573994],[-123.0762417,49.357458],[-123.0762057,49.357515],[-123.076151,49.3575503],[-123.0760948,49.3575718],[-123.0760423,49.3575841],[-123.0759911,49.3576157],[-123.0759299,49.3576769],[-123.0759066,49.3577987],[-123.075897,49.3578596],[-123.0758558,49.3580341],[-123.0757786,49.3581577],[-123.0756612,49.3583001],[-123.0754987,49.3584502],[-123.0754149,49.3584359],[-123.0751093,49.3583106],[-123.0749839,49.3582868],[-123.0748634,49.3582965],[-123.0746133,49.3583552],[-123.0742678,49.3584469],[-123.0741582,49.3584846],[-123.0740204,49.3585703],[-123.0738351,49.3586855],[-123.07371,49.3587932],[-123.0734727,49.3590634],[-123.0733544,49.3594268],[-123.0732955,49.3597339],[-123.0732777,49.3599731],[-123.0732058,49.3601405],[-123.0730954,49.3602416],[-123.0728823,49.3603903],[-123.0727522,49.3604876],[-123.072529,49.3606366],[-123.0723361,49.3607273],[-123.0720751,49.3608216],[-123.0719121,49.3609538],[-123.0717878,49.3610972],[-123.0715859,49.3612986],[-123.0714975,49.3614179],[-123.0714728,49.3615028],[-123.0714015,49.361565],[-123.0713663,49.3616418],[-123.0713301,49.3617311],[-123.0713036,49.3618144],[-123.0712497,49.3618976],[-123.0711971,49.3619675],[-123.0711805,49.3620723],[-123.0711561,49.3622302],[-123.0711341,49.3623321],[-123.0711565,49.3624511],[-123.0711865,49.3626393],[-123.071231,49.3627912],[-123.0712429,49.3628905],[-123.071298,49.363016],[-123.0713483,49.3630907],[-123.0713853,49.3631609],[-123.0714273,49.3632219],[-123.0714647,49.3633722],[-123.0715013,49.3634648],[-123.0714915,49.36354],[-123.0715153,49.3636334],[-123.0715357,49.3637229],[-123.0715167,49.3638433],[-123.071434,49.3639293],[-123.071314,49.3639902],[-123.0712234,49.3640029],[-123.07111,49.3640071]]}},{"type":"Feature","id":"265072395","properties":{"kind":"path","name":"Mackay Creek Trail","osmWayId":"265072395"},"geometry":{"type":"LineString","coordinates":[[-123.0885428,49.3622597],[-123.0884231,49.3622994],[-123.0883454,49.3623414],[-123.0882904,49.3623922],[-123.0882434,49.3624473],[-123.0882334,49.3625075],[-123.088239,49.3625709],[-123.0882484,49.3626597],[-123.0882289,49.3627329],[-123.0881697,49.3627951],[-123.0880494,49.3628742],[-123.0879935,49.3628838],[-123.0878728,49.3628619],[-123.0878209,49.3628636],[-123.0876976,49.3629215],[-123.0875749,49.3630155],[-123.0875611,49.3630496],[-123.0875823,49.3631048],[-123.0875758,49.3631519],[-123.0875154,49.363228],[-123.0873473,49.3633516],[-123.087264,49.3634152],[-123.0871239,49.3634912],[-123.0869941,49.36357],[-123.0867999,49.3637037],[-123.0867138,49.3638107],[-123.0866441,49.3639276],[-123.0865814,49.3640746],[-123.0865301,49.3641295],[-123.0864746,49.3642165],[-123.0863713,49.3643311],[-123.0862748,49.3644251],[-123.0861337,49.3645477],[-123.0859145,49.3646174],[-123.0858429,49.3646717],[-123.0857528,49.3647615],[-123.0857045,49.3648574],[-123.0856117,49.3649334],[-123.0855551,49.365015],[-123.0854926,49.3650675],[-123.0854457,49.3651268],[-123.0853864,49.3651783],[-123.085314,49.3652231],[-123.0852711,49.3652764],[-123.0852437,49.365347],[-123.0852295,49.3654109],[-123.0852719,49.3655589],[-123.0852559,49.3655907]]}},{"type":"Feature","id":"283023606","properties":{"kind":"path","name":"SIMIC","osmWayId":"283023606"},"geometry":{"type":"LineString","coordinates":[[-123.0814272,49.3770455],[-123.0813619,49.3771286],[-123.081342,49.3771965],[-123.0813663,49.3772398],[-123.0814708,49.377298],[-123.0815848,49.3773346],[-123.0816236,49.3773834],[-123.081645,49.3775389],[-123.0815503,49.3776253],[-123.0815386,49.3776931],[-123.0815745,49.3777552],[-123.0816882,49.3778172],[-123.0818095,49.3778533],[-123.0819292,49.37793],[-123.082035,49.3780056],[-123.0820883,49.3780922],[-123.0822426,49.3781803],[-123.0823479,49.3782616],[-123.082389,49.3783667],[-123.0824191,49.3784734],[-123.0824702,49.378538],[-123.0824691,49.3786957]]}},{"type":"Feature","id":"306032011","properties":{"kind":"path","name":"","osmWayId":"306032011"},"geometry":{"type":"LineString","coordinates":[[-123.0839372,49.3979885],[-123.0840513,49.398013],[-123.0842952,49.3982785],[-123.0844296,49.3983764],[-123.0846689,49.3984357],[-123.0848216,49.3985188],[-123.0848922,49.3986782],[-123.0850381,49.398693],[-123.0852135,49.3987271],[-123.0854095,49.3987924],[-123.0854688,49.3989214],[-123.0854141,49.3990401],[-123.0854483,49.3991557],[-123.0861046,49.3990252],[-123.0861866,49.3990163],[-123.0864145,49.3989644],[-123.0865057,49.3989303],[-123.0866652,49.3988206],[-123.0868612,49.3987257],[-123.087089,49.3985759],[-123.0875152,49.3983564],[-123.0877932,49.3981695],[-123.087873,49.3981265],[-123.0881237,49.3981235],[-123.0882513,49.3981117],[-123.0885612,49.3979604],[-123.0887754,49.3978314],[-123.0889121,49.3978358],[-123.0892449,49.397907],[-123.0893816,49.3979055]]}},{"type":"Feature","id":"309849929","properties":{"kind":"path","name":"Grouse Mountain Highway","osmWayId":"309849929"},"geometry":{"type":"LineString","coordinates":[[-123.0651687,49.38605],[-123.0650159,49.3860191],[-123.0648753,49.3859778],[-123.064742,49.3858996],[-123.0646812,49.3858182],[-123.064649,49.3857473],[-123.064633,49.3856637],[-123.0646246,49.3855593],[-123.0646454,49.3854596],[-123.0646922,49.3853578],[-123.0647711,49.3852388],[-123.0649894,49.3850296],[-123.065071,49.3849378],[-123.0651401,49.3848114],[-123.0652716,49.3844756],[-123.065504,49.3840636],[-123.0658125,49.3835469],[-123.0660363,49.3830958],[-123.0662032,49.3826575],[-123.066265,49.3824844],[-123.0662881,49.3823146],[-123.0662636,49.3821541],[-123.0662293,49.3820394],[-123.0661387,49.3818109],[-123.0660309,49.3816088],[-123.0659584,49.3815146],[-123.0658839,49.381453],[-123.0657601,49.3813754],[-123.0654967,49.3812463],[-123.0651735,49.3811108],[-123.0650764,49.381068],[-123.0650028,49.3810031],[-123.0649661,49.3809488],[-123.064941,49.3808403],[-123.0648844,49.3805969],[-123.0648235,49.380352],[-123.0648008,49.3802331],[-123.0647458,49.3801226],[-123.0646725,49.3800146],[-123.0644035,49.3797244],[-123.0641835,49.379509],[-123.064055,49.3793652],[-123.0639275,49.3791857],[-123.0638945,49.3791169],[-123.0638632,49.3790501],[-123.0638427,49.3789752],[-123.0637745,49.3787567],[-123.0637096,49.3785763],[-123.0636066,49.3784276],[-123.0635464,49.3783727]]}},{"type":"Feature","id":"331114568","properties":{"kind":"path","name":"","osmWayId":"331114568"},"geometry":{"type":"LineString","coordinates":[[-123.0805371,49.3821299],[-123.0805693,49.3818834],[-123.0805955,49.3816948],[-123.0806156,49.3815554],[-123.0806646,49.3813606],[-123.0806771,49.3813339],[-123.0807215,49.38119],[-123.0808175,49.3810886],[-123.0808586,49.3810395],[-123.0809011,49.3809985],[-123.0809516,49.3809562],[-123.0810818,49.3808543],[-123.0812333,49.3807456],[-123.0813987,49.3806438],[-123.0815161,49.3805821],[-123.081651,49.3805311],[-123.0817501,49.3804764],[-123.0817902,49.3804328],[-123.0819042,49.3802961],[-123.0819151,49.3802831],[-123.0819547,49.3802469],[-123.0820128,49.3802372],[-123.0821661,49.3801919],[-123.0822215,49.3801683],[-123.0822916,49.3801102],[-123.0823982,49.3800134],[-123.0824333,49.3799732],[-123.0824871,49.3799234],[-123.0826212,49.3798566]]}},{"type":"Feature","id":"339650725","properties":{"kind":"path","name":"","osmWayId":"339650725"},"geometry":{"type":"LineString","coordinates":[[-123.0662293,49.3820394],[-123.0662458,49.3820314],[-123.0666402,49.3817768],[-123.0667554,49.3816942],[-123.0667944,49.3816469],[-123.0668058,49.3814584],[-123.0668637,49.3813642],[-123.0669465,49.3813056],[-123.0669891,49.3812183],[-123.0669779,49.38113],[-123.0669291,49.3810349],[-123.0669427,49.3807305],[-123.0669907,49.3804553],[-123.0669757,49.3803985],[-123.0668811,49.3802943],[-123.0668155,49.3801251],[-123.0667076,49.380048],[-123.0665801,49.3799872],[-123.066709,49.3798891],[-123.0667028,49.379769],[-123.066524,49.3796338],[-123.0663679,49.3793786],[-123.0663249,49.3791973],[-123.0662754,49.379091],[-123.0661535,49.3789995],[-123.0661157,49.3788044],[-123.0660203,49.3786158],[-123.0660738,49.3785397],[-123.0664301,49.3785511],[-123.0664752,49.3785037],[-123.0663151,49.3783644]]}},{"type":"Feature","id":"350468289","properties":{"kind":"building","name":"","osmWayId":"350468289"},"geometry":{"type":"Polygon","coordinates":[[[-123.0729146,49.3969932],[-123.0727903,49.3970266],[-123.0727628,49.3969899],[-123.0729042,49.3969539],[-123.0729146,49.3969932]]]}},{"type":"Feature","id":"350468293","properties":{"kind":"building","name":"Munday's Cabin remains","osmWayId":"350468293"},"geometry":{"type":"Polygon","coordinates":[[[-123.0980595,49.3814131],[-123.0979217,49.3814132],[-123.0979216,49.3813233],[-123.0980594,49.3813232],[-123.0980595,49.3814131]]]}},{"type":"Feature","id":"351288472","properties":{"kind":"building","name":"Grousemont Estates","osmWayId":"351288472"},"geometry":{"type":"Polygon","coordinates":[[[-123.0990798,49.3690508],[-123.0991632,49.3690742],[-123.0991778,49.3690521],[-123.0992718,49.3690785],[-123.0992294,49.3691428],[-123.0992427,49.3691466],[-123.0992821,49.3690868],[-123.0993743,49.3691127],[-123.0993542,49.3691432],[-123.099378,49.3691498],[-123.0993823,49.3691433],[-123.0994425,49.3691602],[-123.0994253,49.3691863],[-123.0994369,49.3691895],[-123.0994016,49.3692431],[-123.0993896,49.3692397],[-123.099359,49.3692861],[-123.0992926,49.3692675],[-123.0992589,49.3693185],[-123.0991588,49.3692904],[-123.0991942,49.3692366],[-123.0991593,49.3692268],[-123.0991291,49.3692726],[-123.0990303,49.3692448],[-123.0990625,49.369196],[-123.0989954,49.3691771],[-123.0990265,49.3691298],[-123.0990173,49.3691272],[-123.0990526,49.3690737],[-123.0990628,49.3690766],[-123.0990798,49.3690508]]]}},{"type":"Feature","id":"351288474","properties":{"kind":"building","name":"Grousemont Estates","osmWayId":"351288474"},"geometry":{"type":"Polygon","coordinates":[[[-123.0987242,49.3690983],[-123.098817,49.3691235],[-123.0987787,49.3691836],[-123.0987921,49.3691872],[-123.0988333,49.3691225],[-123.0989278,49.3691481],[-123.0989137,49.3691704],[-123.0989975,49.3691931],[-123.0989809,49.3692191],[-123.0989912,49.3692219],[-123.098957,49.3692757],[-123.0989477,49.3692732],[-123.0989175,49.3693207],[-123.0988499,49.3693024],[-123.0988187,49.3693515],[-123.0987194,49.3693245],[-123.0987486,49.3692785],[-123.0987136,49.369269],[-123.0986792,49.369323],[-123.0985785,49.3692957],[-123.0986111,49.3692444],[-123.0985444,49.3692263],[-123.0985741,49.3691796],[-123.098562,49.3691763],[-123.0985963,49.3691225],[-123.0986079,49.3691256],[-123.0986246,49.3690994],[-123.0986851,49.3691159],[-123.0986809,49.3691224],[-123.0987048,49.3691289],[-123.0987242,49.3690983]]]}},{"type":"Feature","id":"351288476","properties":{"kind":"building","name":"Grousemont Estates","osmWayId":"351288476"},"geometry":{"type":"Polygon","coordinates":[[[-123.0991627,49.3693709],[-123.0991661,49.3693946],[-123.0992572,49.3693889],[-123.0992613,49.3694169],[-123.0992723,49.3694162],[-123.0992809,49.3694748],[-123.0992707,49.3694754],[-123.0992782,49.3695263],[-123.0992053,49.3695309],[-123.0992131,49.3695838],[-123.0991058,49.3695905],[-123.0990984,49.3695404],[-123.0990603,49.3695427],[-123.0990689,49.3696013],[-123.0989611,49.369608],[-123.098953,49.3695527],[-123.098881,49.3695572],[-123.0988736,49.3695065],[-123.0988605,49.3695073],[-123.0988521,49.3694497],[-123.0988642,49.369449],[-123.09886,49.3694206],[-123.098925,49.3694166],[-123.0989261,49.3694236],[-123.0989519,49.369422],[-123.0989471,49.3693891],[-123.099047,49.3693829],[-123.0990565,49.3694481],[-123.0990717,49.3694472],[-123.0990614,49.3693772],[-123.0991627,49.3693709]]]}},{"type":"Feature","id":"351288478","properties":{"kind":"building","name":"Grousemont Estates","osmWayId":"351288478"},"geometry":{"type":"Polygon","coordinates":[[[-123.0987841,49.3694451],[-123.098793,49.3695044],[-123.0987831,49.369505],[-123.098791,49.3695568],[-123.0987184,49.3695615],[-123.0987265,49.3696144],[-123.0986156,49.3696216],[-123.0986081,49.3695726],[-123.0985762,49.3695747],[-123.0985835,49.3696229],[-123.0984698,49.3696303],[-123.0984608,49.3695717],[-123.0983943,49.369576],[-123.098388,49.3695349],[-123.0983747,49.3695358],[-123.0983662,49.3694804],[-123.0983792,49.3694796],[-123.0983749,49.3694512],[-123.0984356,49.3694473],[-123.0984366,49.3694542],[-123.0984663,49.3694523],[-123.0984614,49.3694193],[-123.0985581,49.3694132],[-123.0985677,49.3694773],[-123.098584,49.3694763],[-123.0985735,49.3694062],[-123.0986746,49.3693998],[-123.0986782,49.3694239],[-123.0987686,49.3694182],[-123.0987728,49.3694459],[-123.0987841,49.3694451]]]}},{"type":"Feature","id":"351288486","properties":{"kind":"building","name":"","osmWayId":"351288486"},"geometry":{"type":"Polygon","coordinates":[[[-123.097025,49.3664103],[-123.0970649,49.3664544],[-123.0970313,49.3664674],[-123.097068,49.366508],[-123.0969966,49.3665356],[-123.0970539,49.3665989],[-123.0969577,49.366636],[-123.0968104,49.366473],[-123.0968861,49.3664438],[-123.0968995,49.3664587],[-123.097025,49.3664103]]]}},{"type":"Feature","id":"351288487","properties":{"kind":"building","name":"","osmWayId":"351288487"},"geometry":{"type":"Polygon","coordinates":[[[-123.0981142,49.3667391],[-123.0982035,49.3667567],[-123.0981999,49.3667643],[-123.0982345,49.3667711],[-123.098153,49.3669476],[-123.0980459,49.3669265],[-123.0980776,49.366858],[-123.0980494,49.3668524],[-123.0980821,49.3667814],[-123.0980936,49.3667837],[-123.0981142,49.3667391]]]}},{"type":"Feature","id":"351288489","properties":{"kind":"building","name":"","osmWayId":"351288489"},"geometry":{"type":"Polygon","coordinates":[[[-123.0963069,49.3653977],[-123.0963907,49.3654506],[-123.0963676,49.3654662],[-123.0964004,49.365487],[-123.0962298,49.3656021],[-123.0961481,49.3655505],[-123.0962139,49.3655061],[-123.0961791,49.3654841],[-123.0963069,49.3653977]]]}},{"type":"Feature","id":"351288490","properties":{"kind":"building","name":"","osmWayId":"351288490"},"geometry":{"type":"Polygon","coordinates":[[[-123.0927824,49.3640565],[-123.0929558,49.364134],[-123.0928632,49.3642224],[-123.0927989,49.3641937],[-123.09273,49.3642595],[-123.0926211,49.3642108],[-123.0927051,49.3641305],[-123.0927114,49.3641333],[-123.092728,49.3641174],[-123.0927216,49.3641145],[-123.0927824,49.3640565]]]}},{"type":"Feature","id":"351288493","properties":{"kind":"building","name":"","osmWayId":"351288493"},"geometry":{"type":"Polygon","coordinates":[[[-123.0955324,49.3636724],[-123.0955472,49.3636857],[-123.0955565,49.3636813],[-123.0956347,49.3637515],[-123.0954568,49.3638359],[-123.09538,49.3637672],[-123.0953301,49.3637218],[-123.0954129,49.3636825],[-123.0954469,49.363713],[-123.0955324,49.3636724]]]}},{"type":"Feature","id":"351288509","properties":{"kind":"building","name":"","osmWayId":"351288509"},"geometry":{"type":"Polygon","coordinates":[[[-123.0985946,49.3629486],[-123.0986476,49.3630882],[-123.0984362,49.3631224],[-123.0984096,49.3630522],[-123.0984853,49.36304],[-123.0984772,49.3630185],[-123.0984708,49.3630195],[-123.0984519,49.3629698],[-123.098534,49.3629565],[-123.0985347,49.3629583],[-123.0985946,49.3629486]]]}},{"type":"Feature","id":"351288510","properties":{"kind":"building","name":"","osmWayId":"351288510"},"geometry":{"type":"Polygon","coordinates":[[[-123.0981094,49.3659703],[-123.0981977,49.3660135],[-123.0981788,49.36603],[-123.09829,49.3660844],[-123.0982174,49.3661476],[-123.0982098,49.3661439],[-123.0981281,49.3661048],[-123.0980633,49.3660731],[-123.0980981,49.3660427],[-123.0980521,49.3660202],[-123.0981094,49.3659703]]]}},{"type":"Feature","id":"351288512","properties":{"kind":"building","name":"","osmWayId":"351288512"},"geometry":{"type":"Polygon","coordinates":[[[-123.0967755,49.3665181],[-123.0968411,49.3665878],[-123.0968477,49.3665851],[-123.0969191,49.3666609],[-123.096821,49.3667003],[-123.0967902,49.3666676],[-123.0967182,49.3666965],[-123.0966165,49.366582],[-123.0967755,49.3665181]]]}},{"type":"Feature","id":"351288520","properties":{"kind":"building","name":"","osmWayId":"351288520"},"geometry":{"type":"Polygon","coordinates":[[[-123.099388,49.3638595],[-123.0994469,49.3638946],[-123.0994299,49.3639067],[-123.0995179,49.3639591],[-123.0994012,49.3640426],[-123.0993256,49.3639975],[-123.0993216,49.3640004],[-123.0992839,49.3639779],[-123.0993511,49.3639298],[-123.0993176,49.3639099],[-123.099388,49.3638595]]]}},{"type":"Feature","id":"351288524","properties":{"kind":"building","name":"","osmWayId":"351288524"},"geometry":{"type":"Polygon","coordinates":[[[-123.0924484,49.363282],[-123.0925745,49.3633233],[-123.0924694,49.3634603],[-123.092368,49.363427],[-123.092394,49.3633932],[-123.0923696,49.3633852],[-123.0923602,49.3633974],[-123.0922858,49.3633731],[-123.0923473,49.363293],[-123.0924213,49.3633172],[-123.0924484,49.363282]]]}},{"type":"Feature","id":"351288530","properties":{"kind":"building","name":"","osmWayId":"351288530"},"geometry":{"type":"Polygon","coordinates":[[[-123.0957674,49.3632053],[-123.0957872,49.3632881],[-123.0957886,49.363288],[-123.0958001,49.363336],[-123.0956702,49.3633492],[-123.0956688,49.3633434],[-123.0955914,49.3633513],[-123.0955747,49.3632815],[-123.0956282,49.363276],[-123.095615,49.3632208],[-123.0957674,49.3632053]]]}},{"type":"Feature","id":"351288535","properties":{"kind":"building","name":"","osmWayId":"351288535"},"geometry":{"type":"Polygon","coordinates":[[[-123.0977723,49.3673728],[-123.0979061,49.3674136],[-123.0978737,49.3674588],[-123.0979707,49.3674884],[-123.0979267,49.3675499],[-123.0976945,49.3674789],[-123.0977221,49.3674404],[-123.0977129,49.3674376],[-123.0977416,49.3673976],[-123.0977522,49.3674008],[-123.0977723,49.3673728]]]}},{"type":"Feature","id":"351288544","properties":{"kind":"building","name":"","osmWayId":"351288544"},"geometry":{"type":"Polygon","coordinates":[[[-123.095474,49.3663415],[-123.0955265,49.3664345],[-123.0954836,49.3664448],[-123.095489,49.3664544],[-123.0954287,49.3664689],[-123.0954348,49.3664797],[-123.0953628,49.3664971],[-123.0953271,49.3664339],[-123.0953036,49.3664395],[-123.0952753,49.3663894],[-123.095474,49.3663415]]]}},{"type":"Feature","id":"351288546","properties":{"kind":"building","name":"","osmWayId":"351288546"},"geometry":{"type":"Polygon","coordinates":[[[-123.0970266,49.3656245],[-123.0970733,49.3656659],[-123.0971082,49.3656492],[-123.0971989,49.3657296],[-123.0971477,49.3657543],[-123.0971572,49.3657626],[-123.0970613,49.3658087],[-123.0969647,49.365723],[-123.0969622,49.3657243],[-123.0969119,49.3656797],[-123.0970266,49.3656245]]]}},{"type":"Feature","id":"351288551","properties":{"kind":"building","name":"","osmWayId":"351288551"},"geometry":{"type":"Polygon","coordinates":[[[-123.0952126,49.3647167],[-123.0952425,49.3647495],[-123.0952541,49.364745],[-123.0953233,49.3648209],[-123.0951544,49.3648866],[-123.095082,49.3648072],[-123.0950924,49.3648032],[-123.0950719,49.3647808],[-123.0951295,49.3647584],[-123.0951232,49.3647514],[-123.0952126,49.3647167]]]}},{"type":"Feature","id":"351288558","properties":{"kind":"building","name":"","osmWayId":"351288558"},"geometry":{"type":"Polygon","coordinates":[[[-123.097385,49.3653935],[-123.0973917,49.3654198],[-123.0975204,49.3654406],[-123.0974764,49.365557],[-123.0973888,49.3655429],[-123.0973911,49.3655366],[-123.0972462,49.3655133],[-123.0972691,49.3654529],[-123.0972472,49.365458],[-123.0972295,49.3654205],[-123.097385,49.3653935]]]}},{"type":"Feature","id":"351288564","properties":{"kind":"building","name":"","osmWayId":"351288564"},"geometry":{"type":"Polygon","coordinates":[[[-123.09281,49.3635086],[-123.0929626,49.3635798],[-123.09293,49.3636096],[-123.0929524,49.36362],[-123.0929057,49.3636627],[-123.0928344,49.3636295],[-123.0928259,49.3636373],[-123.0928063,49.3636282],[-123.0927616,49.3636691],[-123.0926775,49.3636299],[-123.09281,49.3635086]]]}},{"type":"Feature","id":"351288566","properties":{"kind":"building","name":"","osmWayId":"351288566"},"geometry":{"type":"Polygon","coordinates":[[[-123.0934534,49.3650304],[-123.093488,49.3650593],[-123.0934966,49.3650549],[-123.0935243,49.365078],[-123.0935063,49.3650873],[-123.0935593,49.3651317],[-123.0934511,49.3651869],[-123.0934202,49.365161],[-123.0933794,49.3651819],[-123.0932949,49.3651112],[-123.0934534,49.3650304]]]}},{"type":"Feature","id":"351288568","properties":{"kind":"building","name":"","osmWayId":"351288568"},"geometry":{"type":"Polygon","coordinates":[[[-123.0978462,49.366282],[-123.0979044,49.3662491],[-123.0979521,49.366285],[-123.0979839,49.366267],[-123.0980167,49.3662918],[-123.0980305,49.3662839],[-123.0980949,49.3663325],[-123.0980308,49.3663688],[-123.0980154,49.3663571],[-123.0979724,49.3663819],[-123.0978462,49.366282]]]}},{"type":"Feature","id":"351288575","properties":{"kind":"building","name":"","osmWayId":"351288575"},"geometry":{"type":"Polygon","coordinates":[[[-123.0953232,49.364067],[-123.0954303,49.3641857],[-123.0953318,49.3642236],[-123.0953436,49.3642367],[-123.0952533,49.3642714],[-123.095207,49.36422],[-123.0952799,49.364192],[-123.095229,49.3641356],[-123.0952338,49.3641337],[-123.0952121,49.3641097],[-123.0953232,49.364067]]]}},{"type":"Feature","id":"351288576","properties":{"kind":"building","name":"","osmWayId":"351288576"},"geometry":{"type":"Polygon","coordinates":[[[-123.0966535,49.3656272],[-123.0967249,49.3656947],[-123.0967592,49.3656793],[-123.0968042,49.3657217],[-123.0965941,49.3658166],[-123.0965325,49.3657584],[-123.0965797,49.3657371],[-123.0965314,49.3656915],[-123.0965927,49.3656638],[-123.0965861,49.3656576],[-123.0966535,49.3656272]]]}},{"type":"Feature","id":"351288585","properties":{"kind":"building","name":"","osmWayId":"351288585"},"geometry":{"type":"Polygon","coordinates":[[[-123.0966897,49.3642094],[-123.0967685,49.3642818],[-123.0967859,49.3642737],[-123.0968475,49.3643303],[-123.0967721,49.3643654],[-123.0967347,49.364331],[-123.0966991,49.3643475],[-123.0967107,49.3643582],[-123.0966575,49.3643829],[-123.0965361,49.3642808],[-123.0966897,49.3642094]]]}},{"type":"Feature","id":"351288586","properties":{"kind":"building","name":"","osmWayId":"351288586"},"geometry":{"type":"Polygon","coordinates":[[[-123.1000325,49.3652614],[-123.100039,49.3653178],[-123.1000091,49.3653193],[-123.100011,49.3653351],[-123.1000626,49.3653326],[-123.1000694,49.365391],[-123.099969,49.3653959],[-123.0999678,49.3653854],[-123.0998401,49.3653917],[-123.0998263,49.3652715],[-123.1000325,49.3652614]]]}},{"type":"Feature","id":"351288588","properties":{"kind":"building","name":"","osmWayId":"351288588"},"geometry":{"type":"Polygon","coordinates":[[[-123.097231,49.3652451],[-123.0972744,49.3652862],[-123.0973492,49.3652646],[-123.0973671,49.365291],[-123.0973905,49.3652843],[-123.0974222,49.3653311],[-123.0972404,49.3653836],[-123.097214,49.3653445],[-123.0971598,49.3653695],[-123.0970925,49.3653149],[-123.097231,49.3652451]]]}},{"type":"Feature","id":"351288594","properties":{"kind":"building","name":"","osmWayId":"351288594"},"geometry":{"type":"Polygon","coordinates":[[[-123.098425,49.367433],[-123.0985733,49.3675122],[-123.0985381,49.3675404],[-123.0985374,49.36754],[-123.0984589,49.3676026],[-123.0983125,49.3675243],[-123.098307,49.3675286],[-123.0982727,49.3675103],[-123.0983444,49.3674532],[-123.0983775,49.3674709],[-123.098425,49.367433]]]}},{"type":"Feature","id":"351288601","properties":{"kind":"building","name":"","osmWayId":"351288601"},"geometry":{"type":"Polygon","coordinates":[[[-123.0996513,49.3673237],[-123.0997921,49.3673886],[-123.099719,49.3674562],[-123.0997173,49.3674554],[-123.0996651,49.3675037],[-123.0995882,49.3674683],[-123.0995981,49.3674591],[-123.0995357,49.3674304],[-123.0996513,49.3673237]]]}},{"type":"Feature","id":"351288609","properties":{"kind":"building","name":"","osmWayId":"351288609"},"geometry":{"type":"Polygon","coordinates":[[[-123.0961458,49.36631],[-123.0961616,49.3663518],[-123.0961677,49.3663508],[-123.0961749,49.36637],[-123.096215,49.3663635],[-123.0962441,49.3664405],[-123.0960914,49.3664651],[-123.0960545,49.366367],[-123.096073,49.3663641],[-123.0960579,49.3663241],[-123.0961458,49.36631]]]}},{"type":"Feature","id":"351288616","properties":{"kind":"building","name":"","osmWayId":"351288616"},"geometry":{"type":"Polygon","coordinates":[[[-123.0990549,49.3675678],[-123.099149,49.3675926],[-123.0991043,49.3676648],[-123.0990874,49.3676604],[-123.0990719,49.3676854],[-123.099061,49.3676825],[-123.0990341,49.3677259],[-123.098874,49.3676836],[-123.0989449,49.3675692],[-123.099036,49.3675919],[-123.0990549,49.3675678]]]}},{"type":"Feature","id":"351288622","properties":{"kind":"building","name":"","osmWayId":"351288622"},"geometry":{"type":"Polygon","coordinates":[[[-123.0990109,49.3636944],[-123.0991001,49.3637726],[-123.0990439,49.3638],[-123.0991062,49.3638546],[-123.0990276,49.3638928],[-123.0989817,49.3638525],[-123.098969,49.3638587],[-123.0988675,49.3637697],[-123.0989505,49.3637293],[-123.0989464,49.3637258],[-123.0990109,49.3636944]]]}},{"type":"Feature","id":"351288627","properties":{"kind":"building","name":"","osmWayId":"351288627"},"geometry":{"type":"Polygon","coordinates":[[[-123.0998352,49.3667726],[-123.099926,49.3667727],[-123.0999259,49.3667913],[-123.1000046,49.3667914],[-123.1000045,49.3668525],[-123.1000563,49.3668525],[-123.1000562,49.3669128],[-123.0999248,49.3669127],[-123.0999248,49.366924],[-123.0998349,49.3669239],[-123.0998352,49.3667726]]]}},{"type":"Feature","id":"351288629","properties":{"kind":"building","name":"","osmWayId":"351288629"},"geometry":{"type":"Polygon","coordinates":[[[-123.0968117,49.3669569],[-123.0969073,49.367012],[-123.0969065,49.3670127],[-123.0969618,49.3670446],[-123.0969107,49.3670823],[-123.0969254,49.3670909],[-123.0968566,49.3671417],[-123.0967749,49.3670945],[-123.0967931,49.367081],[-123.0967092,49.3670326],[-123.0968117,49.3669569]]]}},{"type":"Feature","id":"351288636","properties":{"kind":"building","name":"","osmWayId":"351288636"},"geometry":{"type":"Polygon","coordinates":[[[-123.0965141,49.3646724],[-123.0965485,49.3647094],[-123.0965298,49.3647168],[-123.0965387,49.3647263],[-123.0965556,49.3647196],[-123.0966079,49.3647757],[-123.0964652,49.3648324],[-123.0963587,49.3647181],[-123.0964695,49.3646741],[-123.0964725,49.3646773],[-123.0965141,49.3646724]]]}},{"type":"Feature","id":"351288641","properties":{"kind":"building","name":"","osmWayId":"351288641"},"geometry":{"type":"Polygon","coordinates":[[[-123.099511,49.3680452],[-123.0995888,49.3680727],[-123.0995824,49.3680804],[-123.0996252,49.3680956],[-123.099545,49.3681923],[-123.0994522,49.3681594],[-123.0994461,49.3681666],[-123.0993373,49.3681281],[-123.0993911,49.3680632],[-123.0994723,49.3680919],[-123.099511,49.3680452]]]}},{"type":"Feature","id":"351288642","properties":{"kind":"building","name":"","osmWayId":"351288642"},"geometry":{"type":"Polygon","coordinates":[[[-123.100188,49.3662671],[-123.1001885,49.3662906],[-123.1002237,49.3662903],[-123.1002247,49.3663365],[-123.0999956,49.3663385],[-123.0999946,49.3662867],[-123.1000372,49.3662863],[-123.1000369,49.36627],[-123.100099,49.3662695],[-123.100099,49.3662678],[-123.100188,49.3662671]]]}},{"type":"Feature","id":"351288646","properties":{"kind":"building","name":"","osmWayId":"351288646"},"geometry":{"type":"Polygon","coordinates":[[[-123.0950726,49.365446],[-123.0950731,49.3654496],[-123.0951104,49.365447],[-123.0951267,49.3655499],[-123.0951048,49.3655514],[-123.0951089,49.3655776],[-123.0950799,49.3655795],[-123.0950823,49.3655946],[-123.0949864,49.3656011],[-123.094963,49.3654534],[-123.0950726,49.365446]]]}},{"type":"Feature","id":"351288648","properties":{"kind":"building","name":"","osmWayId":"351288648"},"geometry":{"type":"Polygon","coordinates":[[[-123.1002226,49.3657453],[-123.1002711,49.3658406],[-123.1001673,49.3658631],[-123.100164,49.3658564],[-123.100095,49.3658714],[-123.1000984,49.3658781],[-123.1000067,49.365898],[-123.0999751,49.3658359],[-123.1000102,49.3658283],[-123.0999932,49.365795],[-123.1002226,49.3657453]]]}},{"type":"Feature","id":"351288649","properties":{"kind":"building","name":"","osmWayId":"351288649"},"geometry":{"type":"Polygon","coordinates":[[[-123.0974123,49.3642043],[-123.0975845,49.3642729],[-123.0975307,49.3643305],[-123.0975646,49.364344],[-123.0975124,49.3643998],[-123.0974285,49.3643664],[-123.0974382,49.3643559],[-123.0974247,49.3643505],[-123.0974345,49.36434],[-123.0973259,49.3642968],[-123.0974123,49.3642043]]]}},{"type":"Feature","id":"351288652","properties":{"kind":"building","name":"","osmWayId":"351288652"},"geometry":{"type":"Polygon","coordinates":[[[-123.0981516,49.364753],[-123.0982673,49.3649356],[-123.0981841,49.3649581],[-123.0981663,49.3649299],[-123.0981389,49.3649373],[-123.0981023,49.3648795],[-123.0980828,49.3648848],[-123.0980396,49.3648166],[-123.0980642,49.3648099],[-123.0980461,49.3647815],[-123.0981516,49.364753]]]}},{"type":"Feature","id":"351288657","properties":{"kind":"building","name":"","osmWayId":"351288657"},"geometry":{"type":"Polygon","coordinates":[[[-123.0967468,49.3660784],[-123.0968641,49.3661501],[-123.0968334,49.3661726],[-123.0968704,49.3662482],[-123.0966957,49.3662847],[-123.0966709,49.3662341],[-123.0966817,49.3662318],[-123.0966338,49.3661341],[-123.0967186,49.3661163],[-123.096704,49.3661081],[-123.0967468,49.3660784]]]}},{"type":"Feature","id":"351288658","properties":{"kind":"building","name":"","osmWayId":"351288658"},"geometry":{"type":"Polygon","coordinates":[[[-123.0982262,49.364294],[-123.0982845,49.364326],[-123.0982834,49.3643269],[-123.0983717,49.3643754],[-123.0983138,49.3644203],[-123.0983037,49.3644147],[-123.0982637,49.3644458],[-123.0981713,49.364395],[-123.0981734,49.3643933],[-123.0981294,49.3643691],[-123.0982262,49.364294]]]}},{"type":"Feature","id":"351288661","properties":{"kind":"building","name":"","osmWayId":"351288661"},"geometry":{"type":"Polygon","coordinates":[[[-123.0944114,49.3650547],[-123.09451,49.3651394],[-123.0944687,49.3651599],[-123.0944968,49.365184],[-123.094344,49.3652599],[-123.0942827,49.3652073],[-123.0943431,49.3651772],[-123.0943227,49.3651597],[-123.0942994,49.3651713],[-123.0942544,49.3651327],[-123.0944114,49.3650547]]]}},{"type":"Feature","id":"351288662","properties":{"kind":"building","name":"","osmWayId":"351288662"},"geometry":{"type":"Polygon","coordinates":[[[-123.0949808,49.3633736],[-123.095065,49.3634537],[-123.0949932,49.3634859],[-123.0950064,49.3634985],[-123.0949845,49.3635082],[-123.0950387,49.3635598],[-123.094947,49.3636009],[-123.0947941,49.3634552],[-123.0949256,49.3633964],[-123.094927,49.3633977],[-123.0949808,49.3633736]]]}},{"type":"Feature","id":"351288664","properties":{"kind":"building","name":"","osmWayId":"351288664"},"geometry":{"type":"Polygon","coordinates":[[[-123.0937752,49.3646123],[-123.0938937,49.3647163],[-123.0937956,49.364764],[-123.093759,49.364732],[-123.0937512,49.3647358],[-123.0937162,49.364705],[-123.0937248,49.3647009],[-123.0937141,49.3646914],[-123.093704,49.3646963],[-123.0936678,49.3646645],[-123.0937752,49.3646123]]]}},{"type":"Feature","id":"351288665","properties":{"kind":"building","name":"","osmWayId":"351288665"},"geometry":{"type":"Polygon","coordinates":[[[-123.0983573,49.3688132],[-123.0983751,49.3688249],[-123.0983865,49.3688176],[-123.0982804,49.3687478],[-123.0982895,49.3687384],[-123.0982318,49.3687004],[-123.0982952,49.3686593],[-123.0983579,49.3687006],[-123.0983485,49.3687067],[-123.0983698,49.3687206],[-123.0984011,49.3687003],[-123.0984717,49.3687468],[-123.0984812,49.3687407],[-123.0984286,49.3687061],[-123.0985009,49.3686593],[-123.0985082,49.3686641],[-123.0985187,49.3686573],[-123.0985661,49.3686885],[-123.0985605,49.3686922],[-123.09857,49.3686984],[-123.0985774,49.3686937],[-123.0986407,49.3687354],[-123.0986044,49.3687589],[-123.0986253,49.3687727],[-123.098478,49.3688681],[-123.0984839,49.368872],[-123.0984148,49.3689167],[-123.0984052,49.3689103],[-123.0983884,49.3689212],[-123.0983999,49.3689288],[-123.0983205,49.3689802],[-123.0983189,49.3689792],[-123.0982481,49.369025],[-123.098252,49.3690276],[-123.0981934,49.3690655],[-123.0981464,49.3690345],[-123.0980686,49.3690849],[-123.0979843,49.3690293],[-123.0979755,49.3690351],[-123.0979196,49.3689983],[-123.0979518,49.3689774],[-123.0978309,49.3688978],[-123.0978474,49.3688871],[-123.0977756,49.3688398],[-123.0977913,49.3688296],[-123.097725,49.3687859],[-123.0977466,49.3687718],[-123.0977359,49.3687647],[-123.0977471,49.3687575],[-123.0976161,49.3686711],[-123.0976584,49.3686437],[-123.0975464,49.3685699],[-123.0975806,49.3685478],[-123.0975708,49.3685413],[-123.0976321,49.3685016],[-123.0977217,49.3685606],[-123.097705,49.3685714],[-123.0977177,49.3685797],[-123.0977629,49.3685504],[-123.0977536,49.3685443],[-123.0977766,49.3685294],[-123.0977393,49.3685048],[-123.0977264,49.3685132],[-123.0976938,49.3684917],[-123.0977754,49.3684388],[-123.097806,49.368459],[-123.097817,49.3684519],[-123.0979297,49.3685262],[-123.0978725,49.3685632],[-123.0978845,49.368571],[-123.0978883,49.3685685],[-123.0979029,49.3685781],[-123.0978534,49.3686101],[-123.0978262,49.3685922],[-123.0977801,49.3686221],[-123.0977917,49.3686297],[-123.0977726,49.3686421],[-123.0978298,49.3686797],[-123.0977872,49.3687073],[-123.0978025,49.3687174],[-123.0978209,49.3687055],[-123.0979647,49.3688003],[-123.0978968,49.3688443],[-123.09791,49.3688529],[-123.0979183,49.3688476],[-123.0979399,49.3688618],[-123.0979633,49.3688467],[-123.0980235,49.3688864],[-123.0980381,49.3688768],[-123.0980827,49.3689062],[-123.098061,49.3689202],[-123.0980728,49.368928],[-123.0980481,49.368944],[-123.0980406,49.3689391],[-123.0980216,49.3689514],[-123.0980657,49.3689804],[-123.0980748,49.3689745],[-123.0981242,49.3690071],[-123.0981986,49.368959],[-123.0981825,49.3689484],[-123.0982441,49.3689085],[-123.0982134,49.3688882],[-123.0983066,49.3688279],[-123.0983205,49.368837],[-123.0983573,49.3688132]]]}},{"type":"Feature","id":"351288670","properties":{"kind":"building","name":"","osmWayId":"351288670"},"geometry":{"type":"Polygon","coordinates":[[[-123.0987951,49.3664626],[-123.0986935,49.3664479],[-123.0987013,49.3664319],[-123.0985833,49.3664076],[-123.0986185,49.3663347],[-123.0987587,49.3663636],[-123.0987444,49.3663931],[-123.0987651,49.3663974],[-123.0987676,49.3663921],[-123.0988609,49.3664114],[-123.0988324,49.3664703],[-123.0987951,49.3664626]]]}},{"type":"Feature","id":"351288671","properties":{"kind":"building","name":"","osmWayId":"351288671"},"geometry":{"type":"Polygon","coordinates":[[[-123.0986949,49.3664507],[-123.0987965,49.3664654],[-123.0987702,49.3665199],[-123.098699,49.3665052],[-123.0986865,49.3665309],[-123.0985104,49.3664946],[-123.0985336,49.3664466],[-123.0985361,49.3664471],[-123.0985487,49.3664211],[-123.0985852,49.3664286],[-123.0985854,49.3664281],[-123.0986949,49.3664507]]]}},{"type":"Feature","id":"351288672","properties":{"kind":"building","name":"","osmWayId":"351288672"},"geometry":{"type":"Polygon","coordinates":[[[-123.0999507,49.3666868],[-123.1001619,49.3667222],[-123.1001468,49.3667566],[-123.1000981,49.3667711],[-123.1000956,49.3667706],[-123.1000683,49.3667808],[-123.1000142,49.3667707],[-123.0999218,49.3667534],[-123.0999273,49.3667409],[-123.0999055,49.3667368],[-123.0999234,49.3666957],[-123.0999507,49.3666868]]]}},{"type":"Feature","id":"351288673","properties":{"kind":"building","name":"","osmWayId":"351288673"},"geometry":{"type":"Polygon","coordinates":[[[-123.096493,49.3642983],[-123.0965832,49.3643777],[-123.0965882,49.3643753],[-123.0966465,49.3644266],[-123.0965773,49.3644602],[-123.0965253,49.3644145],[-123.0965028,49.3644254],[-123.0964316,49.36446],[-123.096342,49.3643812],[-123.096433,49.364337],[-123.096426,49.3643309],[-123.096493,49.3642983]]]}},{"type":"Feature","id":"351288677","properties":{"kind":"building","name":"","osmWayId":"351288677"},"geometry":{"type":"Polygon","coordinates":[[[-123.0990162,49.3665735],[-123.0989983,49.3666417],[-123.098981,49.36673],[-123.0989356,49.3667262],[-123.0989332,49.3667385],[-123.0988323,49.3667301],[-123.0988482,49.3666485],[-123.0988696,49.3666503],[-123.0988752,49.3666217],[-123.0989182,49.3666253],[-123.0989297,49.3665663],[-123.0990162,49.3665735]]]}},{"type":"Feature","id":"351288680","properties":{"kind":"building","name":"","osmWayId":"351288680"},"geometry":{"type":"Polygon","coordinates":[[[-123.0969284,49.364734],[-123.0969907,49.3647825],[-123.0969578,49.3648006],[-123.0969555,49.3648282],[-123.096827,49.3648986],[-123.0968024,49.3648794],[-123.0967777,49.3648929],[-123.096748,49.3648697],[-123.0967548,49.3648506],[-123.0968761,49.3647797],[-123.0968633,49.3647697],[-123.0969284,49.364734]]]}},{"type":"Feature","id":"351288682","properties":{"kind":"building","name":"","osmWayId":"351288682"},"geometry":{"type":"Polygon","coordinates":[[[-123.0965339,49.3661401],[-123.0965628,49.3662049],[-123.0964693,49.3662227],[-123.0964846,49.3662568],[-123.0964356,49.3662662],[-123.0964824,49.366371],[-123.096355,49.3663953],[-123.0963064,49.3662864],[-123.0963696,49.3661937],[-123.0963934,49.3661891],[-123.0963842,49.3661686],[-123.0965339,49.3661401]]]}},{"type":"Feature","id":"351288683","properties":{"kind":"building","name":"","osmWayId":"351288683"},"geometry":{"type":"Polygon","coordinates":[[[-123.0927832,49.364487],[-123.0928442,49.3645533],[-123.0928173,49.3645639],[-123.0928353,49.3645835],[-123.0928659,49.3645849],[-123.0928931,49.3646014],[-123.0929032,49.3646216],[-123.0928964,49.3646398],[-123.0928781,49.3646516],[-123.0927716,49.3646933],[-123.0926352,49.364545],[-123.0927832,49.364487]]]}},{"type":"Feature","id":"351288685","properties":{"kind":"building","name":"","osmWayId":"351288685"},"geometry":{"type":"Polygon","coordinates":[[[-123.0959457,49.3632713],[-123.0960744,49.3633069],[-123.0960694,49.3633146],[-123.0961577,49.363339],[-123.0961601,49.3633851],[-123.0961079,49.3634219],[-123.0960104,49.363395],[-123.0960272,49.363369],[-123.0960082,49.3633638],[-123.0959912,49.36339],[-123.0958873,49.3633613],[-123.0959457,49.3632713]]]}},{"type":"Feature","id":"351288686","properties":{"kind":"building","name":"","osmWayId":"351288686"},"geometry":{"type":"Polygon","coordinates":[[[-123.0976844,49.3674864],[-123.09784,49.3675402],[-123.0978483,49.3675637],[-123.097832,49.3675838],[-123.0978823,49.3676124],[-123.0978323,49.3676741],[-123.097726,49.3676373],[-123.0977291,49.3676335],[-123.097673,49.3676141],[-123.0976789,49.3676068],[-123.0976069,49.367582],[-123.0976844,49.3674864]]]}},{"type":"Feature","id":"351288688","properties":{"kind":"building","name":"","osmWayId":"351288688"},"geometry":{"type":"Polygon","coordinates":[[[-123.0954274,49.3655691],[-123.0955281,49.3656541],[-123.0954573,49.3656899],[-123.0954491,49.3656829],[-123.0953982,49.3657086],[-123.095382,49.3656949],[-123.0953482,49.365712],[-123.0953302,49.3656968],[-123.0953028,49.3657107],[-123.0953015,49.3657096],[-123.0952445,49.3656614],[-123.0954274,49.3655691]]]}},{"type":"Feature","id":"351288696","properties":{"kind":"building","name":"","osmWayId":"351288696"},"geometry":{"type":"Polygon","coordinates":[[[-123.0968387,49.3657577],[-123.0969166,49.3658521],[-123.0969124,49.3658536],[-123.0969364,49.3658828],[-123.0968223,49.3659229],[-123.0968025,49.3658988],[-123.096778,49.3659074],[-123.0967698,49.3658975],[-123.0967478,49.3659053],[-123.0967193,49.3658707],[-123.0966848,49.3658829],[-123.0966326,49.3658195],[-123.0968387,49.3657577]]]}},{"type":"Feature","id":"351288703","properties":{"kind":"building","name":"","osmWayId":"351288703"},"geometry":{"type":"Polygon","coordinates":[[[-123.0948122,49.3642771],[-123.0948546,49.3643255],[-123.0948634,49.3643222],[-123.0948919,49.3643547],[-123.0948823,49.3643583],[-123.094922,49.3644036],[-123.0947683,49.3644611],[-123.0947126,49.3643977],[-123.0947463,49.364385],[-123.0947343,49.3643714],[-123.094714,49.364379],[-123.094671,49.3643299],[-123.0948122,49.3642771]]]}},{"type":"Feature","id":"351288705","properties":{"kind":"building","name":"","osmWayId":"351288705"},"geometry":{"type":"Polygon","coordinates":[[[-123.0980359,49.3643461],[-123.0982571,49.3644684],[-123.0981799,49.364528],[-123.0981061,49.3644872],[-123.0980855,49.3645031],[-123.0980647,49.3644917],[-123.0980446,49.3645072],[-123.0979511,49.3644555],[-123.0979533,49.3644537],[-123.0979379,49.3644453],[-123.0979661,49.3644235],[-123.0979483,49.3644137],[-123.0980359,49.3643461]]]}},{"type":"Feature","id":"351288707","properties":{"kind":"building","name":"","osmWayId":"351288707"},"geometry":{"type":"Polygon","coordinates":[[[-123.0995372,49.3672015],[-123.0996057,49.3672097],[-123.0996015,49.3672244],[-123.0996456,49.3672297],[-123.0996181,49.3673283],[-123.09954,49.367319],[-123.0995274,49.3673645],[-123.0994296,49.3673529],[-123.0994465,49.3672919],[-123.0994596,49.3672935],[-123.0994835,49.3672076],[-123.0995339,49.3672136],[-123.0995372,49.3672015]]]}},{"type":"Feature","id":"351288711","properties":{"kind":"building","name":"","osmWayId":"351288711"},"geometry":{"type":"Polygon","coordinates":[[[-123.0975658,49.3658351],[-123.0976061,49.365854],[-123.0976143,49.3658465],[-123.0977353,49.3659031],[-123.0976791,49.3659543],[-123.0977165,49.3659717],[-123.097663,49.3660205],[-123.0975002,49.3659444],[-123.0975102,49.3659353],[-123.097455,49.3659095],[-123.0974932,49.3658746],[-123.0975125,49.3658836],[-123.0975658,49.3658351]]]}},{"type":"Feature","id":"351288712","properties":{"kind":"building","name":"","osmWayId":"351288712"},"geometry":{"type":"Polygon","coordinates":[[[-123.0997239,49.3678843],[-123.0997877,49.3679064],[-123.0997827,49.3679126],[-123.0998018,49.3679193],[-123.0998089,49.3679105],[-123.0999572,49.367962],[-123.0999097,49.3680203],[-123.0997579,49.3679675],[-123.0997733,49.3679486],[-123.0997575,49.3679432],[-123.0997415,49.3679629],[-123.0996779,49.3679408],[-123.0997239,49.3678843]]]}},{"type":"Feature","id":"351288713","properties":{"kind":"building","name":"","osmWayId":"351288713"},"geometry":{"type":"Polygon","coordinates":[[[-123.0953683,49.3668134],[-123.0953905,49.3668557],[-123.095369,49.3668605],[-123.0953944,49.3669088],[-123.0954061,49.3669062],[-123.0954179,49.3669288],[-123.0953019,49.3669548],[-123.095291,49.3669341],[-123.0952669,49.3669395],[-123.0952359,49.3668804],[-123.095262,49.3668745],[-123.0952445,49.366841],[-123.0953683,49.3668134]]]}},{"type":"Feature","id":"351288714","properties":{"kind":"building","name":"","osmWayId":"351288714"},"geometry":{"type":"Polygon","coordinates":[[[-123.092977,49.3636709],[-123.0930413,49.3637081],[-123.0930626,49.3636924],[-123.0932043,49.3637745],[-123.0931866,49.3637876],[-123.0932206,49.3638073],[-123.0931787,49.3638382],[-123.0931999,49.3638504],[-123.0931683,49.3638737],[-123.0931081,49.3638388],[-123.0930976,49.3638465],[-123.0928966,49.3637301],[-123.092977,49.3636709]]]}},{"type":"Feature","id":"351288719","properties":{"kind":"building","name":"","osmWayId":"351288719"},"geometry":{"type":"Polygon","coordinates":[[[-123.0975978,49.3648879],[-123.0976746,49.364921],[-123.0976424,49.3649529],[-123.097659,49.36496],[-123.09767,49.3649492],[-123.0977383,49.3649786],[-123.0976512,49.3650649],[-123.0976359,49.3650583],[-123.0976107,49.3650833],[-123.0974895,49.3650312],[-123.0975137,49.3650072],[-123.0974944,49.3649989],[-123.0975978,49.3648879]]]}},{"type":"Feature","id":"351288724","properties":{"kind":"building","name":"","osmWayId":"351288724"},"geometry":{"type":"Polygon","coordinates":[[[-123.0991031,49.3642855],[-123.0991408,49.3643098],[-123.0991644,49.3642942],[-123.0992446,49.364346],[-123.0992239,49.3643597],[-123.0992661,49.3643869],[-123.0991735,49.3644481],[-123.0990633,49.3643769],[-123.0990594,49.3643794],[-123.0989973,49.3643394],[-123.0990627,49.3642962],[-123.099075,49.3643041],[-123.0991031,49.3642855]]]}},{"type":"Feature","id":"351288726","properties":{"kind":"building","name":"","osmWayId":"351288726"},"geometry":{"type":"Polygon","coordinates":[[[-123.0976981,49.3657082],[-123.0978345,49.3657727],[-123.0978302,49.3657766],[-123.0978459,49.365784],[-123.0977936,49.3658313],[-123.0978416,49.365854],[-123.0977856,49.3659046],[-123.0976929,49.3658608],[-123.0977211,49.3658353],[-123.0975979,49.3657771],[-123.097642,49.3657372],[-123.0976578,49.3657446],[-123.0976981,49.3657082]]]}},{"type":"Feature","id":"351288727","properties":{"kind":"building","name":"","osmWayId":"351288727"},"geometry":{"type":"Polygon","coordinates":[[[-123.093551,49.3643168],[-123.0936034,49.364362],[-123.0936274,49.3643501],[-123.0936997,49.3644125],[-123.0935164,49.364503],[-123.0935158,49.3645025],[-123.0934701,49.3645251],[-123.0934077,49.3644712],[-123.0934527,49.364449],[-123.0934331,49.3644321],[-123.0934732,49.3644123],[-123.0934312,49.364376],[-123.093551,49.3643168]]]}},{"type":"Feature","id":"351288733","properties":{"kind":"building","name":"","osmWayId":"351288733"},"geometry":{"type":"Polygon","coordinates":[[[-123.0957786,49.3644641],[-123.0958202,49.3645096],[-123.0958005,49.3645181],[-123.095829,49.3645545],[-123.0956894,49.3646089],[-123.0956494,49.3645651],[-123.0956579,49.3645618],[-123.0956472,49.3645502],[-123.0955684,49.3645809],[-123.0955205,49.3645285],[-123.0956154,49.3644915],[-123.0956398,49.3645182],[-123.0957786,49.3644641]]]}},{"type":"Feature","id":"351288734","properties":{"kind":"building","name":"","osmWayId":"351288734"},"geometry":{"type":"Polygon","coordinates":[[[-123.1000971,49.3663565],[-123.1001541,49.3663571],[-123.100154,49.3663581],[-123.1002567,49.3663593],[-123.1002551,49.3664181],[-123.1001814,49.3664173],[-123.1001806,49.3664474],[-123.0999838,49.3664451],[-123.0999857,49.3663768],[-123.1000332,49.3663774],[-123.1000334,49.3663688],[-123.1000967,49.3663695],[-123.1000971,49.3663565]]]}},{"type":"Feature","id":"351288735","properties":{"kind":"building","name":"","osmWayId":"351288735"},"geometry":{"type":"Polygon","coordinates":[[[-123.0929095,49.3646725],[-123.09296,49.3647291],[-123.0929556,49.3647308],[-123.0929697,49.3647467],[-123.0929758,49.3647444],[-123.0930063,49.3647786],[-123.0928609,49.3648339],[-123.0927728,49.364735],[-123.0927805,49.3647321],[-123.0927736,49.3647244],[-123.092882,49.3646829],[-123.0929095,49.3646725]]]}},{"type":"Feature","id":"351288737","properties":{"kind":"building","name":"","osmWayId":"351288737"},"geometry":{"type":"Polygon","coordinates":[[[-123.0967558,49.3659476],[-123.0969399,49.3659494],[-123.0969384,49.3660172],[-123.0969423,49.3660172],[-123.0969406,49.3660913],[-123.0968177,49.3660901],[-123.096819,49.3660343],[-123.0967884,49.366034],[-123.0967888,49.3660145],[-123.0967289,49.366014],[-123.09673,49.3659644],[-123.0967554,49.3659647],[-123.0967558,49.3659476]]]}},{"type":"Feature","id":"351288738","properties":{"kind":"building","name":"","osmWayId":"351288738"},"geometry":{"type":"Polygon","coordinates":[[[-123.093622,49.3633167],[-123.0936417,49.3633281],[-123.0936516,49.3633208],[-123.0937957,49.363404],[-123.0937485,49.3634388],[-123.0937217,49.3634233],[-123.0936857,49.3634499],[-123.0936903,49.3634526],[-123.0936491,49.363483],[-123.0934813,49.363386],[-123.0935385,49.3633437],[-123.0935648,49.3633589],[-123.093622,49.3633167]]]}},{"type":"Feature","id":"351288740","properties":{"kind":"building","name":"","osmWayId":"351288740"},"geometry":{"type":"Polygon","coordinates":[[[-123.0998078,49.3678167],[-123.0998717,49.3678384],[-123.0998569,49.367857],[-123.0998802,49.3678649],[-123.099895,49.3678464],[-123.1000362,49.3678944],[-123.0999885,49.3679542],[-123.0998443,49.3679052],[-123.0998526,49.3678947],[-123.0998336,49.3678883],[-123.0998322,49.3678901],[-123.099767,49.3678679],[-123.0998078,49.3678167]]]}},{"type":"Feature","id":"351288742","properties":{"kind":"building","name":"","osmWayId":"351288742"},"geometry":{"type":"Polygon","coordinates":[[[-123.0951468,49.3665696],[-123.0951588,49.3665959],[-123.0951464,49.3665983],[-123.0951682,49.3666461],[-123.0951956,49.3666408],[-123.0952155,49.3666846],[-123.0950833,49.3667103],[-123.0950663,49.3666729],[-123.0950371,49.3666786],[-123.0950097,49.3666185],[-123.0950341,49.3666137],[-123.0950248,49.3665933],[-123.0951468,49.3665696]]]}},{"type":"Feature","id":"351288746","properties":{"kind":"building","name":"","osmWayId":"351288746"},"geometry":{"type":"Polygon","coordinates":[[[-123.0979817,49.3636737],[-123.0980213,49.3637237],[-123.0980489,49.3637144],[-123.0980413,49.3637049],[-123.0981198,49.3636784],[-123.0981372,49.3637003],[-123.0981338,49.3637014],[-123.0981858,49.3637672],[-123.0979825,49.3638358],[-123.097933,49.3637746],[-123.0978804,49.3637079],[-123.0979817,49.3636737]]]}},{"type":"Feature","id":"351288747","properties":{"kind":"building","name":"","osmWayId":"351288747"},"geometry":{"type":"Polygon","coordinates":[[[-123.0988211,49.3644521],[-123.0989674,49.3645427],[-123.0989102,49.3645821],[-123.0988766,49.3645613],[-123.0987973,49.364616],[-123.0987208,49.3645686],[-123.0987241,49.3645664],[-123.0986918,49.3645464],[-123.0987406,49.3645128],[-123.0987628,49.3645265],[-123.0987974,49.3645026],[-123.0987713,49.3644865],[-123.0988211,49.3644521]]]}},{"type":"Feature","id":"351288759","properties":{"kind":"building","name":"","osmWayId":"351288759"},"geometry":{"type":"Polygon","coordinates":[[[-123.096851,49.3668295],[-123.0968957,49.3668554],[-123.0969077,49.3668465],[-123.0970096,49.3669055],[-123.0969987,49.3669135],[-123.0970612,49.3669496],[-123.0969926,49.3670002],[-123.0969671,49.3669854],[-123.0969633,49.3669882],[-123.0969421,49.3669759],[-123.0969165,49.3669948],[-123.0967542,49.3669008],[-123.096851,49.3668295]]]}},{"type":"Feature","id":"351288760","properties":{"kind":"building","name":"","osmWayId":"351288760"},"geometry":{"type":"Polygon","coordinates":[[[-123.0952407,49.3667007],[-123.0952626,49.3667426],[-123.0952397,49.3667477],[-123.0952654,49.3667968],[-123.0952747,49.3667947],[-123.0952861,49.3668165],[-123.0951709,49.3668422],[-123.0951602,49.3668218],[-123.0951393,49.3668265],[-123.0951081,49.3667668],[-123.0951446,49.3667606],[-123.0951259,49.3667286],[-123.0952407,49.3667007]]]}},{"type":"Feature","id":"351288762","properties":{"kind":"building","name":"","osmWayId":"351288762"},"geometry":{"type":"Polygon","coordinates":[[[-123.0972026,49.3661697],[-123.0973188,49.3661913],[-123.0973183,49.3661924],[-123.0973609,49.3662003],[-123.0973399,49.3662482],[-123.0973064,49.366242],[-123.0972989,49.3662591],[-123.0971821,49.3662373],[-123.0971774,49.3662479],[-123.0971176,49.3662367],[-123.0971467,49.3661703],[-123.0971982,49.3661799],[-123.0972026,49.3661697]]]}},{"type":"Feature","id":"351288763","properties":{"kind":"building","name":"","osmWayId":"351288763"},"geometry":{"type":"Polygon","coordinates":[[[-123.0971295,49.3634004],[-123.0971446,49.3634365],[-123.0971932,49.3634278],[-123.0972193,49.3634898],[-123.0972105,49.3634913],[-123.0972317,49.3635419],[-123.0971288,49.3635604],[-123.0971013,49.3634949],[-123.0970632,49.3635018],[-123.0970596,49.3634933],[-123.0969978,49.3635043],[-123.0969664,49.3634296],[-123.0971295,49.3634004]]]}},{"type":"Feature","id":"351288764","properties":{"kind":"building","name":"","osmWayId":"351288764"},"geometry":{"type":"Polygon","coordinates":[[[-123.0945156,49.3652154],[-123.0946191,49.3653032],[-123.0946482,49.3653262],[-123.0945927,49.3653519],[-123.0944996,49.3653988],[-123.0944929,49.3653931],[-123.0944429,49.3654182],[-123.0943837,49.365368],[-123.0944691,49.365325],[-123.0944357,49.3652967],[-123.0944502,49.3652895],[-123.0944102,49.3652561],[-123.0945156,49.3652154]]]}},{"type":"Feature","id":"351288768","properties":{"kind":"building","name":"","osmWayId":"351288768"},"geometry":{"type":"Polygon","coordinates":[[[-123.0949753,49.3660896],[-123.0949896,49.3661333],[-123.0949644,49.3661368],[-123.0949801,49.3661847],[-123.0949966,49.3661824],[-123.0950052,49.3662085],[-123.0948816,49.3662257],[-123.0948747,49.3662047],[-123.0948502,49.3662082],[-123.0948305,49.3661482],[-123.0948613,49.3661438],[-123.0948493,49.3661073],[-123.0949753,49.3660896]]]}},{"type":"Feature","id":"351288769","properties":{"kind":"building","name":"","osmWayId":"351288769"},"geometry":{"type":"Polygon","coordinates":[[[-123.0966283,49.3638188],[-123.0967323,49.363841],[-123.0967224,49.3638608],[-123.0968154,49.3638806],[-123.096782,49.3639473],[-123.0967612,49.3639429],[-123.0967373,49.3639908],[-123.0967282,49.3639888],[-123.09672,49.3640053],[-123.0965986,49.3639793],[-123.0966089,49.3639588],[-123.0965631,49.363949],[-123.0966283,49.3638188]]]}},{"type":"Feature","id":"351288773","properties":{"kind":"building","name":"","osmWayId":"351288773"},"geometry":{"type":"Polygon","coordinates":[[[-123.097232,49.3638242],[-123.0972421,49.3638822],[-123.0972708,49.3638801],[-123.0972679,49.3638636],[-123.0973551,49.3638571],[-123.0973637,49.3639064],[-123.0973619,49.3639065],[-123.097371,49.3639585],[-123.0971456,49.3639753],[-123.0971313,49.3638936],[-123.097128,49.3638938],[-123.0971173,49.3638328],[-123.097232,49.3638242]]]}},{"type":"Feature","id":"351288774","properties":{"kind":"building","name":"","osmWayId":"351288774"},"geometry":{"type":"Polygon","coordinates":[[[-123.0933031,49.3648841],[-123.0933384,49.3649158],[-123.0933188,49.3649251],[-123.0933424,49.3649464],[-123.0933687,49.3649339],[-123.0934303,49.3649891],[-123.0932642,49.365068],[-123.0932374,49.3650439],[-123.0931967,49.3650633],[-123.0931027,49.3649789],[-123.0932187,49.3649238],[-123.093219,49.364924],[-123.0933031,49.3648841]]]}},{"type":"Feature","id":"351288776","properties":{"kind":"building","name":"","osmWayId":"351288776"},"geometry":{"type":"Polygon","coordinates":[[[-123.0982827,49.3641653],[-123.0984427,49.3642501],[-123.0984506,49.3642437],[-123.0985355,49.3642887],[-123.0984803,49.3643331],[-123.0984582,49.3643214],[-123.0984475,49.36433],[-123.0984378,49.3643249],[-123.0984057,49.3643507],[-123.0982618,49.3642744],[-123.0983068,49.3642383],[-123.0982376,49.3642016],[-123.0982827,49.3641653]]]}},{"type":"Feature","id":"351288777","properties":{"kind":"building","name":"","osmWayId":"351288777"},"geometry":{"type":"Polygon","coordinates":[[[-123.0953191,49.3648499],[-123.0953588,49.3648934],[-123.0953516,49.3648962],[-123.0953696,49.3649161],[-123.0954093,49.3649007],[-123.0954507,49.3649462],[-123.095302,49.3650039],[-123.0952681,49.3649666],[-123.0952844,49.3649603],[-123.0952511,49.3649238],[-123.0952352,49.36493],[-123.0952032,49.3648948],[-123.0953191,49.3648499]]]}},{"type":"Feature","id":"351288779","properties":{"kind":"building","name":"","osmWayId":"351288779"},"geometry":{"type":"Polygon","coordinates":[[[-123.0981918,49.3676673],[-123.0982786,49.3677],[-123.0982698,49.3677099],[-123.098313,49.3677263],[-123.0982875,49.3677611],[-123.0983272,49.3677778],[-123.0982746,49.3678364],[-123.098127,49.3677806],[-123.0981359,49.3677704],[-123.098096,49.3677536],[-123.0981379,49.3677063],[-123.0981524,49.3677118],[-123.0981918,49.3676673]]]}},{"type":"Feature","id":"351288783","properties":{"kind":"building","name":"","osmWayId":"351288783"},"geometry":{"type":"Polygon","coordinates":[[[-123.0973711,49.3664666],[-123.0974416,49.3664907],[-123.0974218,49.3665154],[-123.097471,49.3665325],[-123.0975324,49.3665536],[-123.0974929,49.3666028],[-123.0974742,49.3665963],[-123.0974394,49.3666396],[-123.0973691,49.3666156],[-123.097343,49.3666481],[-123.0972507,49.3666165],[-123.0973711,49.3664666]]]}},{"type":"Feature","id":"351288785","properties":{"kind":"building","name":"","osmWayId":"351288785"},"geometry":{"type":"Polygon","coordinates":[[[-123.0978231,49.3656199],[-123.0979376,49.3656833],[-123.0979246,49.3656933],[-123.0979649,49.3657156],[-123.0979343,49.3657392],[-123.0979662,49.3657572],[-123.0979243,49.3657877],[-123.0978397,49.3657418],[-123.0978472,49.365736],[-123.0977586,49.3656869],[-123.0977929,49.3656605],[-123.0977797,49.3656533],[-123.0978231,49.3656199]]]}},{"type":"Feature","id":"351288786","properties":{"kind":"building","name":"","osmWayId":"351288786"},"geometry":{"type":"Polygon","coordinates":[[[-123.0954838,49.3669391],[-123.0955063,49.366982],[-123.0954856,49.3669867],[-123.0955107,49.3670348],[-123.0955233,49.367032],[-123.0955351,49.3670548],[-123.0954165,49.3670812],[-123.0954064,49.367062],[-123.0953865,49.3670664],[-123.0953551,49.3670063],[-123.0953784,49.3670011],[-123.0953604,49.3669666],[-123.0954838,49.3669391]]]}},{"type":"Feature","id":"351288799","properties":{"kind":"building","name":"","osmWayId":"351288799"},"geometry":{"type":"Polygon","coordinates":[[[-123.0989983,49.3666417],[-123.0990162,49.3665735],[-123.0990181,49.3665636],[-123.0991177,49.3665719],[-123.0991065,49.3666293],[-123.0991503,49.366633],[-123.0991448,49.366661],[-123.0991642,49.3666626],[-123.0991459,49.3667565],[-123.0990526,49.3667487],[-123.0990548,49.3667377],[-123.099,49.3667332],[-123.0990175,49.3666433],[-123.0989983,49.3666417]]]}},{"type":"Feature","id":"351288802","properties":{"kind":"building","name":"","osmWayId":"351288802"},"geometry":{"type":"Polygon","coordinates":[[[-123.0992301,49.3672558],[-123.0993425,49.3672889],[-123.0993318,49.3673044],[-123.0993884,49.367321],[-123.0993995,49.3673356],[-123.099368,49.3673814],[-123.0993883,49.3673874],[-123.0993538,49.3674374],[-123.099261,49.3674101],[-123.0992473,49.36743],[-123.0991417,49.3673989],[-123.0991796,49.367344],[-123.099171,49.3673415],[-123.0992301,49.3672558]]]}},{"type":"Feature","id":"351288805","properties":{"kind":"building","name":"","osmWayId":"351288805"},"geometry":{"type":"Polygon","coordinates":[[[-123.0982714,49.3647306],[-123.0983083,49.3647803],[-123.0982805,49.3647891],[-123.0982906,49.3648027],[-123.0983382,49.3647876],[-123.098391,49.3648587],[-123.09836,49.3648685],[-123.0983714,49.3648839],[-123.0984009,49.3648745],[-123.0984339,49.3649189],[-123.0983233,49.3649539],[-123.0982148,49.3648079],[-123.0981791,49.3647598],[-123.0982714,49.3647306]]]}},{"type":"Feature","id":"351288808","properties":{"kind":"building","name":"","osmWayId":"351288808"},"geometry":{"type":"Polygon","coordinates":[[[-123.0997196,49.3698392],[-123.0997813,49.3698424],[-123.0997825,49.3698559],[-123.0998225,49.369858],[-123.0998393,49.3698917],[-123.099853,49.3698823],[-123.0999334,49.3699235],[-123.0998903,49.3699532],[-123.0999026,49.3699608],[-123.0998503,49.3699968],[-123.0997228,49.3699175],[-123.0997252,49.3699063],[-123.0997059,49.3699028],[-123.0997196,49.3698392]]]}},{"type":"Feature","id":"351288810","properties":{"kind":"building","name":"","osmWayId":"351288810"},"geometry":{"type":"Polygon","coordinates":[[[-123.0985833,49.3639445],[-123.0986346,49.3639154],[-123.0986179,49.3639028],[-123.0986791,49.3638681],[-123.0986997,49.3638837],[-123.0986972,49.3638852],[-123.0987557,49.3639292],[-123.0987708,49.3639209],[-123.0988329,49.3639692],[-123.0987917,49.3639918],[-123.0988638,49.3640478],[-123.0987785,49.3640947],[-123.0986476,49.363993],[-123.0985833,49.3639445]]]}},{"type":"Feature","id":"351288814","properties":{"kind":"building","name":"","osmWayId":"351288814"},"geometry":{"type":"Polygon","coordinates":[[[-123.0998661,49.3650523],[-123.0999646,49.3650647],[-123.0999428,49.3651381],[-123.1000659,49.3651536],[-123.1001053,49.3651356],[-123.1000896,49.3652122],[-123.0999161,49.3651903],[-123.0999011,49.3652409],[-123.0997675,49.3652241],[-123.0997862,49.365161],[-123.0998219,49.3651655],[-123.0998449,49.3650877],[-123.0998552,49.365089],[-123.0998661,49.3650523]]]}},{"type":"Feature","id":"351288818","properties":{"kind":"building","name":"","osmWayId":"351288818"},"geometry":{"type":"Polygon","coordinates":[[[-123.0951993,49.3632739],[-123.0952633,49.363332],[-123.0951946,49.3633642],[-123.0951818,49.3633526],[-123.0951564,49.3633645],[-123.0951945,49.3633991],[-123.095249,49.3634445],[-123.0951471,49.3634923],[-123.0949864,49.3633463],[-123.0950893,49.363298],[-123.0951261,49.3633314],[-123.0951524,49.3633191],[-123.0951356,49.3633038],[-123.0951993,49.3632739]]]}},{"type":"Feature","id":"351288819","properties":{"kind":"building","name":"","osmWayId":"351288819"},"geometry":{"type":"Polygon","coordinates":[[[-123.0975479,49.3648001],[-123.097602,49.364822],[-123.097558,49.3648683],[-123.0975565,49.3648677],[-123.0974775,49.3649508],[-123.0974801,49.3649519],[-123.0974366,49.3649977],[-123.0973596,49.3649665],[-123.0974264,49.3648961],[-123.0974097,49.3648894],[-123.0974161,49.3648826],[-123.0973603,49.3648599],[-123.097409,49.3648087],[-123.0975034,49.3648469],[-123.0975479,49.3648001]]]}},{"type":"Feature","id":"351288823","properties":{"kind":"building","name":"","osmWayId":"351288823"},"geometry":{"type":"Polygon","coordinates":[[[-123.0926526,49.3633889],[-123.0926981,49.363413],[-123.0927202,49.3633951],[-123.0927662,49.3634195],[-123.0927481,49.3634342],[-123.0928114,49.3634676],[-123.092722,49.3635398],[-123.0927108,49.3635339],[-123.0927031,49.3635401],[-123.0926603,49.3635175],[-123.0926647,49.363514],[-123.092653,49.3635078],[-123.0926176,49.3635364],[-123.0925283,49.3634892],[-123.0926526,49.3633889]]]}},{"type":"Feature","id":"351288825","properties":{"kind":"building","name":"","osmWayId":"351288825"},"geometry":{"type":"Polygon","coordinates":[[[-123.0978479,49.3649544],[-123.0978603,49.3650188],[-123.0979435,49.3650121],[-123.0979608,49.3650862],[-123.097916,49.3650907],[-123.0979185,49.3651013],[-123.0978833,49.3651048],[-123.0978861,49.3651167],[-123.0977621,49.365129],[-123.0977426,49.3650455],[-123.0977552,49.3650443],[-123.0977472,49.36501],[-123.0977637,49.3650083],[-123.0977533,49.3649638],[-123.0978479,49.3649544]]]}},{"type":"Feature","id":"351288826","properties":{"kind":"building","name":"","osmWayId":"351288826"},"geometry":{"type":"Polygon","coordinates":[[[-123.0961969,49.3657915],[-123.0962202,49.3658428],[-123.0962321,49.3658405],[-123.0962599,49.3659017],[-123.09627,49.3658997],[-123.0963012,49.3659684],[-123.0960898,49.3660093],[-123.0960554,49.3659334],[-123.09609,49.3659267],[-123.0960523,49.3658438],[-123.0960685,49.3658407],[-123.0960631,49.3658286],[-123.0960967,49.3658221],[-123.096092,49.3658118],[-123.0961969,49.3657915]]]}},{"type":"Feature","id":"351288827","properties":{"kind":"building","name":"","osmWayId":"351288827"},"geometry":{"type":"Polygon","coordinates":[[[-123.0969966,49.3651677],[-123.0970535,49.3652151],[-123.0970585,49.3652125],[-123.0970804,49.3652307],[-123.0970848,49.3652285],[-123.097124,49.3652611],[-123.0969816,49.365334],[-123.0969903,49.3653412],[-123.0969656,49.3653539],[-123.0967897,49.3652075],[-123.0968548,49.3651742],[-123.096883,49.3651976],[-123.0969195,49.3651789],[-123.0969405,49.3651964],[-123.0969966,49.3651677]]]}},{"type":"Feature","id":"351288832","properties":{"kind":"building","name":"","osmWayId":"351288832"},"geometry":{"type":"Polygon","coordinates":[[[-123.0971962,49.3655336],[-123.097395,49.3655671],[-123.0973833,49.3655966],[-123.0973967,49.3655989],[-123.097376,49.3656513],[-123.0972941,49.3656375],[-123.097345,49.3656695],[-123.0972676,49.3657175],[-123.0972496,49.3657031],[-123.0971731,49.3656539],[-123.0972046,49.3656295],[-123.0971961,49.3656243],[-123.0972089,49.3655918],[-123.0971754,49.3655862],[-123.0971962,49.3655336]]]}},{"type":"Feature","id":"351288834","properties":{"kind":"building","name":"","osmWayId":"351288834"},"geometry":{"type":"Polygon","coordinates":[[[-123.1001361,49.3661004],[-123.1001378,49.3661064],[-123.1001727,49.3661021],[-123.1001939,49.3661755],[-123.1002258,49.3661716],[-123.1002432,49.3662318],[-123.10014,49.3662446],[-123.1001362,49.3662314],[-123.1000018,49.366248],[-123.0999659,49.3661239],[-123.1000881,49.3661088],[-123.1000894,49.3661134],[-123.1001111,49.3661108],[-123.1001091,49.3661038],[-123.1001361,49.3661004]]]}},{"type":"Feature","id":"351288838","properties":{"kind":"building","name":"","osmWayId":"351288838"},"geometry":{"type":"Polygon","coordinates":[[[-123.0970665,49.3647858],[-123.0971484,49.3648504],[-123.0970786,49.3648881],[-123.0971269,49.3649262],[-123.0970843,49.3649493],[-123.0970872,49.3649515],[-123.0970584,49.3649671],[-123.0970482,49.364959],[-123.096999,49.3649856],[-123.0968757,49.3648883],[-123.0970199,49.3648103],[-123.0970211,49.3648113],[-123.0970427,49.3647996],[-123.0970421,49.3647991],[-123.0970665,49.3647858]]]}},{"type":"Feature","id":"351288839","properties":{"kind":"building","name":"","osmWayId":"351288839"},"geometry":{"type":"Polygon","coordinates":[[[-123.0948147,49.3655112],[-123.0949279,49.3655723],[-123.0948899,49.3656023],[-123.094924,49.3656207],[-123.0949323,49.3656141],[-123.0949808,49.3656403],[-123.0949249,49.3656844],[-123.0948575,49.365648],[-123.0948216,49.365665],[-123.0946924,49.3655951],[-123.0947201,49.3655732],[-123.0947287,49.3655779],[-123.0947829,49.3655352],[-123.0947837,49.3655356],[-123.0948147,49.3655112]]]}},{"type":"Feature","id":"351288840","properties":{"kind":"building","name":"","osmWayId":"351288840"},"geometry":{"type":"Polygon","coordinates":[[[-123.0938785,49.3638127],[-123.0939932,49.3638819],[-123.0939245,49.3639305],[-123.0939497,49.3639462],[-123.0938826,49.3639966],[-123.0938691,49.3639883],[-123.093864,49.3639919],[-123.093725,49.363908],[-123.093755,49.3638868],[-123.0937429,49.3638795],[-123.0937994,49.3638396],[-123.09381,49.363846],[-123.0938392,49.3638254],[-123.0938508,49.3638324],[-123.0938785,49.3638127]]]}},{"type":"Feature","id":"351288846","properties":{"kind":"building","name":"","osmWayId":"351288846"},"geometry":{"type":"Polygon","coordinates":[[[-123.0993387,49.3640456],[-123.0994417,49.3640938],[-123.0994309,49.3641037],[-123.0994948,49.3641335],[-123.0994466,49.3641774],[-123.0994255,49.3641676],[-123.0993885,49.3642014],[-123.0993938,49.3642039],[-123.0993818,49.3642149],[-123.0993154,49.3641838],[-123.0993319,49.3641687],[-123.0992569,49.3641337],[-123.099307,49.364088],[-123.0992973,49.3640834],[-123.0993387,49.3640456]]]}},{"type":"Feature","id":"351288848","properties":{"kind":"building","name":"","osmWayId":"351288848"},"geometry":{"type":"Polygon","coordinates":[[[-123.0975706,49.3666029],[-123.0976522,49.3666676],[-123.097612,49.3666893],[-123.0976482,49.366718],[-123.0975253,49.3667842],[-123.0974904,49.3667564],[-123.0975038,49.3667492],[-123.0974858,49.366735],[-123.0974474,49.3667557],[-123.0974449,49.3667537],[-123.0974229,49.3667656],[-123.0973663,49.3667208],[-123.0973872,49.3667096],[-123.0973812,49.3667048],[-123.0975706,49.3666029]]]}},{"type":"Feature","id":"351288852","properties":{"kind":"building","name":"","osmWayId":"351288852"},"geometry":{"type":"Polygon","coordinates":[[[-123.0989533,49.3678472],[-123.0990883,49.3678765],[-123.0990819,49.3678891],[-123.0991147,49.3678962],[-123.0991216,49.3678828],[-123.0992024,49.3679004],[-123.0991683,49.3679675],[-123.099081,49.3679486],[-123.0990907,49.3679297],[-123.0990624,49.3679235],[-123.0990494,49.3679491],[-123.0988922,49.3679149],[-123.0989153,49.3678695],[-123.0989393,49.3678747],[-123.0989533,49.3678472]]]}},{"type":"Feature","id":"351288856","properties":{"kind":"building","name":"","osmWayId":"351288856"},"geometry":{"type":"Polygon","coordinates":[[[-123.0977219,49.3632984],[-123.0977623,49.3633547],[-123.0977733,49.3633513],[-123.0977922,49.3633776],[-123.097776,49.3633825],[-123.0977802,49.3633884],[-123.0977301,49.3634037],[-123.0977252,49.363397],[-123.097668,49.3634145],[-123.0977101,49.3634732],[-123.0976051,49.3635054],[-123.0975503,49.3634292],[-123.0975807,49.3634199],[-123.0975346,49.3633558],[-123.0977219,49.3632984]]]}},{"type":"Feature","id":"351288857","properties":{"kind":"building","name":"","osmWayId":"351288857"},"geometry":{"type":"Polygon","coordinates":[[[-123.0994355,49.3664049],[-123.0996381,49.3664323],[-123.0996172,49.3664978],[-123.0995606,49.3664901],[-123.0995355,49.3665691],[-123.0994669,49.3665598],[-123.0994762,49.3665307],[-123.0993985,49.3665202],[-123.0994054,49.3664986],[-123.099371,49.3664939],[-123.0993782,49.3664715],[-123.099354,49.3664682],[-123.0993691,49.3664207],[-123.0994279,49.3664287],[-123.0994355,49.3664049]]]}},{"type":"Feature","id":"351288858","properties":{"kind":"building","name":"","osmWayId":"351288858"},"geometry":{"type":"Polygon","coordinates":[[[-123.098586,49.367359],[-123.0987413,49.3674373],[-123.0986969,49.3674747],[-123.0986629,49.3674575],[-123.0986096,49.3675024],[-123.0985594,49.3674769],[-123.0985705,49.3674676],[-123.0985242,49.3674442],[-123.09851,49.3674562],[-123.0984328,49.3674171],[-123.0984801,49.3673773],[-123.0985327,49.3674039],[-123.098586,49.367359]]]}},{"type":"Feature","id":"351288870","properties":{"kind":"building","name":"","osmWayId":"351288870"},"geometry":{"type":"Polygon","coordinates":[[[-123.09687,49.363858],[-123.0970324,49.3638619],[-123.0970315,49.3638786],[-123.0970757,49.3638797],[-123.0970701,49.3639806],[-123.0970171,49.3639794],[-123.0970179,49.3639656],[-123.0969743,49.3639646],[-123.0969725,49.3639974],[-123.0968274,49.363994],[-123.0968293,49.363959],[-123.0968445,49.3639593],[-123.0968473,49.3639079],[-123.0968672,49.3639084],[-123.09687,49.363858]]]}},{"type":"Feature","id":"351288871","properties":{"kind":"building","name":"","osmWayId":"351288871"},"geometry":{"type":"Polygon","coordinates":[[[-123.098851,49.3679246],[-123.0990002,49.3679511],[-123.0989882,49.36798],[-123.09902,49.3679857],[-123.0990274,49.367968],[-123.0991079,49.3679823],[-123.0990793,49.368051],[-123.0989952,49.3680361],[-123.0990014,49.3680211],[-123.0989702,49.3680156],[-123.0989667,49.3680241],[-123.0988309,49.368],[-123.0988433,49.3679702],[-123.0988328,49.3679683],[-123.098851,49.3679246]]]}},{"type":"Feature","id":"351288873","properties":{"kind":"building","name":"","osmWayId":"351288873"},"geometry":{"type":"Polygon","coordinates":[[[-123.0979204,49.3667622],[-123.0979511,49.3667674],[-123.0979663,49.3667878],[-123.0979643,49.366793],[-123.097995,49.3667982],[-123.0979424,49.3669314],[-123.0978039,49.3669081],[-123.0978176,49.3668734],[-123.097764,49.3668644],[-123.0977971,49.3667807],[-123.0978016,49.3667814],[-123.0978077,49.366766],[-123.0978898,49.3667798],[-123.0978924,49.3667734],[-123.0979204,49.3667622]]]}},{"type":"Feature","id":"351288874","properties":{"kind":"building","name":"","osmWayId":"351288874"},"geometry":{"type":"Polygon","coordinates":[[[-123.0971594,49.366059],[-123.0972302,49.3660672],[-123.0972268,49.3660797],[-123.0972911,49.3660871],[-123.0972846,49.3661111],[-123.097313,49.3661144],[-123.0973117,49.3661194],[-123.0973506,49.3661239],[-123.0973372,49.366173],[-123.0972864,49.3661672],[-123.0972883,49.36616],[-123.097182,49.3661477],[-123.0971856,49.3661343],[-123.0971404,49.3661291],[-123.0971594,49.366059]]]}},{"type":"Feature","id":"351288878","properties":{"kind":"building","name":"","osmWayId":"351288878"},"geometry":{"type":"Polygon","coordinates":[[[-123.0965524,49.3652911],[-123.0965973,49.3653147],[-123.0966005,49.365312],[-123.0966597,49.3653431],[-123.0966372,49.3653613],[-123.0966555,49.365371],[-123.0966341,49.3653883],[-123.0967098,49.365428],[-123.0966435,49.3654818],[-123.0964184,49.3653635],[-123.0964704,49.3653213],[-123.0964894,49.3653313],[-123.0964996,49.365323],[-123.0965078,49.3653273],[-123.0965524,49.3652911]]]}},{"type":"Feature","id":"351288884","properties":{"kind":"building","name":"","osmWayId":"351288884"},"geometry":{"type":"Polygon","coordinates":[[[-123.0985041,49.363965],[-123.0985471,49.3640014],[-123.0985738,49.363988],[-123.0986189,49.3640263],[-123.0985937,49.364039],[-123.0986345,49.3640736],[-123.0986814,49.3640501],[-123.0987382,49.3640982],[-123.0986294,49.364153],[-123.0986239,49.3641483],[-123.0986131,49.3641537],[-123.0985456,49.3640964],[-123.0985564,49.364091],[-123.0985318,49.3640702],[-123.0985203,49.364076],[-123.0984321,49.3640012],[-123.0985041,49.363965]]]}},{"type":"Feature","id":"351288887","properties":{"kind":"building","name":"","osmWayId":"351288887"},"geometry":{"type":"Polygon","coordinates":[[[-123.09539,49.3659807],[-123.095402,49.3660814],[-123.0953918,49.3660819],[-123.0954027,49.3661735],[-123.0952371,49.3661819],[-123.0952354,49.3661679],[-123.0951957,49.36617],[-123.0951931,49.3661482],[-123.0951732,49.3661492],[-123.0951657,49.3660859],[-123.0951796,49.3660852],[-123.0951726,49.3660267],[-123.0951939,49.3660256],[-123.0951917,49.3660069],[-123.095228,49.366005],[-123.0952261,49.365989],[-123.09539,49.3659807]]]}},{"type":"Feature","id":"351288891","properties":{"kind":"building","name":"","osmWayId":"351288891"},"geometry":{"type":"Polygon","coordinates":[[[-123.0962503,49.3666251],[-123.0963372,49.3666777],[-123.0963192,49.3666904],[-123.0963479,49.3667077],[-123.0963342,49.3667174],[-123.0963817,49.3667461],[-123.0963443,49.3667725],[-123.0963692,49.3667876],[-123.0962981,49.3668377],[-123.0962291,49.3667959],[-123.0962481,49.3667826],[-123.0962209,49.3667661],[-123.0962285,49.3667608],[-123.0961979,49.3667423],[-123.0962252,49.366723],[-123.096164,49.366686],[-123.0962503,49.3666251]]]}},{"type":"Feature","id":"351288894","properties":{"kind":"building","name":"","osmWayId":"351288894"},"geometry":{"type":"Polygon","coordinates":[[[-123.0923261,49.3638782],[-123.092395,49.3639189],[-123.0923713,49.363936],[-123.0923903,49.3639473],[-123.0923834,49.3639523],[-123.092416,49.3639716],[-123.0924085,49.363977],[-123.0924473,49.364],[-123.092335,49.3640809],[-123.0922885,49.3640534],[-123.0923124,49.3640362],[-123.0922802,49.3640171],[-123.0922965,49.3640054],[-123.0922739,49.363992],[-123.092298,49.3639746],[-123.09224,49.3639402],[-123.0923261,49.3638782]]]}},{"type":"Feature","id":"351288897","properties":{"kind":"building","name":"","osmWayId":"351288897"},"geometry":{"type":"Polygon","coordinates":[[[-123.099929,49.3695994],[-123.1000523,49.3696346],[-123.0999494,49.3697881],[-123.0999364,49.3697844],[-123.0999272,49.3697982],[-123.0998751,49.3697833],[-123.0998845,49.3697692],[-123.0998722,49.3697657],[-123.0998964,49.3697297],[-123.0998803,49.3697251],[-123.0998946,49.3697038],[-123.0998798,49.3696996],[-123.0999039,49.3696636],[-123.0999205,49.3696683],[-123.0999329,49.3696498],[-123.0999012,49.3696407],[-123.099929,49.3695994]]]}},{"type":"Feature","id":"351288899","properties":{"kind":"building","name":"","osmWayId":"351288899"},"geometry":{"type":"Polygon","coordinates":[[[-123.0935977,49.3653527],[-123.0936214,49.3653738],[-123.0936613,49.3653546],[-123.0937191,49.3654059],[-123.0937334,49.3653991],[-123.0937696,49.3654311],[-123.0937626,49.3654345],[-123.093781,49.3654508],[-123.0937212,49.3654796],[-123.0937197,49.3654783],[-123.0936516,49.365511],[-123.0936538,49.365513],[-123.093608,49.3655351],[-123.0935115,49.3654494],[-123.0935515,49.3654301],[-123.0935112,49.3653943],[-123.0935977,49.3653527]]]}},{"type":"Feature","id":"351288902","properties":{"kind":"building","name":"","osmWayId":"351288902"},"geometry":{"type":"Polygon","coordinates":[[[-123.0948598,49.3657075],[-123.0948618,49.3657161],[-123.0948839,49.3657139],[-123.0948841,49.3657148],[-123.0949245,49.3657108],[-123.0949461,49.3658049],[-123.0948921,49.3658101],[-123.0948924,49.3658115],[-123.0947827,49.3658222],[-123.0947791,49.3658068],[-123.0947409,49.3658105],[-123.0947361,49.3657896],[-123.0947289,49.3657903],[-123.0947131,49.3657211],[-123.0948424,49.3657085],[-123.0948426,49.3657092],[-123.0948598,49.3657075]]]}},{"type":"Feature","id":"351288903","properties":{"kind":"building","name":"","osmWayId":"351288903"},"geometry":{"type":"Polygon","coordinates":[[[-123.0982166,49.3658491],[-123.0983015,49.3658961],[-123.0983185,49.365883],[-123.0984102,49.3659337],[-123.0983673,49.3659669],[-123.0983787,49.3659732],[-123.0983295,49.3660111],[-123.0982924,49.3659907],[-123.0982764,49.366003],[-123.0982243,49.3659742],[-123.0982391,49.3659628],[-123.0982273,49.3659563],[-123.0982027,49.3659753],[-123.0981228,49.3659311],[-123.0981789,49.3658878],[-123.0981716,49.3658838],[-123.0982166,49.3658491]]]}},{"type":"Feature","id":"351288905","properties":{"kind":"building","name":"","osmWayId":"351288905"},"geometry":{"type":"Polygon","coordinates":[[[-123.0992071,49.3641455],[-123.099221,49.3641545],[-123.0992263,49.364151],[-123.0992766,49.3641837],[-123.0992661,49.3641907],[-123.0993422,49.3642401],[-123.0993323,49.3642467],[-123.0993884,49.3642831],[-123.0992988,49.3643419],[-123.0992608,49.3643172],[-123.0992559,49.3643204],[-123.099149,49.364251],[-123.0992034,49.3642153],[-123.0991772,49.3641983],[-123.0991731,49.364201],[-123.0991477,49.3641845],[-123.0992071,49.3641455]]]}},{"type":"Feature","id":"351288907","properties":{"kind":"building","name":"","osmWayId":"351288907"},"geometry":{"type":"Polygon","coordinates":[[[-123.0984523,49.366919],[-123.0984913,49.366932],[-123.098499,49.3669223],[-123.0986,49.3669562],[-123.0985788,49.3669832],[-123.098592,49.3669876],[-123.0985498,49.3670413],[-123.0985543,49.3670428],[-123.098537,49.3670648],[-123.0985451,49.3670675],[-123.0985017,49.3671228],[-123.0984017,49.3670893],[-123.098442,49.367038],[-123.0983929,49.3670215],[-123.0984002,49.3670122],[-123.0983835,49.3670066],[-123.0984523,49.366919]]]}},{"type":"Feature","id":"351288908","properties":{"kind":"building","name":"","osmWayId":"351288908"},"geometry":{"type":"Polygon","coordinates":[[[-123.0953205,49.365742],[-123.0954859,49.3657551],[-123.0954679,49.3658519],[-123.0954509,49.3658506],[-123.0954328,49.3659477],[-123.0952929,49.3659366],[-123.0952913,49.3659454],[-123.0951888,49.3659373],[-123.0952027,49.3658623],[-123.0952217,49.3658638],[-123.0952282,49.3658284],[-123.0952457,49.3658298],[-123.0952562,49.3657733],[-123.0952804,49.3657752],[-123.0952842,49.3657549],[-123.0953176,49.3657575],[-123.0953205,49.365742]]]}},{"type":"Feature","id":"351288915","properties":{"kind":"building","name":"","osmWayId":"351288915"},"geometry":{"type":"Polygon","coordinates":[[[-123.0941082,49.3636149],[-123.0941303,49.3636326],[-123.0941513,49.3636214],[-123.0941893,49.3636519],[-123.0941614,49.3636667],[-123.0941942,49.363693],[-123.0940421,49.3637738],[-123.0940389,49.3637712],[-123.0939744,49.3638056],[-123.0939104,49.3637542],[-123.0939806,49.3637168],[-123.0939697,49.3637081],[-123.0939967,49.3636937],[-123.093974,49.3636755],[-123.0940443,49.3636381],[-123.0940523,49.3636446],[-123.0941082,49.3636149]]]}},{"type":"Feature","id":"351288923","properties":{"kind":"building","name":"","osmWayId":"351288923"},"geometry":{"type":"Polygon","coordinates":[[[-123.0979916,49.3648718],[-123.0980108,49.3648996],[-123.0980414,49.3648905],[-123.0980873,49.3649229],[-123.0980969,49.3649417],[-123.0981156,49.3649362],[-123.0981461,49.3649802],[-123.0981548,49.3649777],[-123.0981872,49.3650245],[-123.0981225,49.3650436],[-123.0981119,49.3650282],[-123.0980414,49.3650491],[-123.0980509,49.3650629],[-123.0980316,49.3650686],[-123.0979954,49.3650165],[-123.0979811,49.3650207],[-123.0978972,49.3648998],[-123.0979916,49.3648718]]]}},{"type":"Feature","id":"351288924","properties":{"kind":"building","name":"","osmWayId":"351288924"},"geometry":{"type":"Polygon","coordinates":[[[-123.0978281,49.3669769],[-123.0978829,49.3669847],[-123.0978786,49.3669976],[-123.0979399,49.3670063],[-123.0979386,49.3670103],[-123.0979882,49.3670174],[-123.0979847,49.367028],[-123.0980359,49.3670353],[-123.0980354,49.3670365],[-123.0980504,49.3670387],[-123.0980444,49.3670564],[-123.0980675,49.3670597],[-123.0980452,49.3671265],[-123.0977765,49.3670881],[-123.097795,49.3670329],[-123.0977992,49.3670335],[-123.0978142,49.3669887],[-123.0978237,49.36699],[-123.0978281,49.3669769]]]}},{"type":"Feature","id":"351288925","properties":{"kind":"building","name":"","osmWayId":"351288925"},"geometry":{"type":"Polygon","coordinates":[[[-123.0932094,49.3647266],[-123.093264,49.3647734],[-123.0930708,49.3648695],[-123.0931278,49.3649183],[-123.0930607,49.3649516],[-123.0930212,49.3649177],[-123.0930167,49.36492],[-123.0930124,49.3649163],[-123.0930051,49.3649199],[-123.0929799,49.3648983],[-123.0929606,49.3649079],[-123.0929168,49.3648703],[-123.0929262,49.3648656],[-123.0929257,49.3648653],[-123.0929777,49.3648394],[-123.09299,49.36485],[-123.0930134,49.3648384],[-123.093014,49.3648238],[-123.0932094,49.3647266]]]}},{"type":"Feature","id":"351288926","properties":{"kind":"building","name":"","osmWayId":"351288926"},"geometry":{"type":"Polygon","coordinates":[[[-123.0971857,49.3645081],[-123.0972738,49.3645521],[-123.0972608,49.3645631],[-123.0972784,49.3645719],[-123.0972912,49.364561],[-123.0973844,49.3646075],[-123.097331,49.3646531],[-123.0972848,49.36463],[-123.0972664,49.3646458],[-123.0972723,49.3646488],[-123.0972318,49.3646833],[-123.0970991,49.364617],[-123.0971227,49.3645968],[-123.0970979,49.3645844],[-123.0971213,49.3645645],[-123.0971122,49.3645599],[-123.0971411,49.3645352],[-123.0971492,49.3645392],[-123.0971857,49.3645081]]]}},{"type":"Feature","id":"351288927","properties":{"kind":"building","name":"","osmWayId":"351288927"},"geometry":{"type":"Polygon","coordinates":[[[-123.0988455,49.3637711],[-123.0989225,49.3638384],[-123.0989249,49.3638373],[-123.0989578,49.3638661],[-123.0989581,49.363866],[-123.0990065,49.3639084],[-123.0989379,49.3639418],[-123.0989456,49.3639485],[-123.0988787,49.3639812],[-123.098815,49.3639255],[-123.0988317,49.3639173],[-123.0988085,49.363897],[-123.0987976,49.3639024],[-123.0987372,49.3638495],[-123.0987424,49.363847],[-123.0987328,49.3638386],[-123.0987741,49.3638185],[-123.0987649,49.3638105],[-123.0988455,49.3637711]]]}},{"type":"Feature","id":"351288928","properties":{"kind":"building","name":"","osmWayId":"351288928"},"geometry":{"type":"Polygon","coordinates":[[[-123.0965803,49.3670191],[-123.0966243,49.3670489],[-123.096649,49.3670333],[-123.0967357,49.3670918],[-123.0967135,49.3671059],[-123.0967604,49.3671375],[-123.0967199,49.3671631],[-123.0967153,49.3671601],[-123.0967033,49.3671677],[-123.0966511,49.3671324],[-123.0966391,49.3671399],[-123.096602,49.3671148],[-123.0965914,49.3671215],[-123.0965594,49.3670999],[-123.0965493,49.3671063],[-123.0964781,49.3670582],[-123.0965266,49.3670276],[-123.096546,49.3670408],[-123.0965803,49.3670191]]]}},{"type":"Feature","id":"351288931","properties":{"kind":"building","name":"","osmWayId":"351288931"},"geometry":{"type":"Polygon","coordinates":[[[-123.095766,49.3667111],[-123.0958354,49.3667974],[-123.0958242,49.3668012],[-123.0958739,49.3668631],[-123.0958298,49.3668782],[-123.0958478,49.3669007],[-123.0957438,49.3669363],[-123.0957328,49.3669227],[-123.0956997,49.3669341],[-123.0956852,49.3669161],[-123.0956662,49.3669227],[-123.0956215,49.366867],[-123.0956317,49.3668635],[-123.0955898,49.3668113],[-123.0956083,49.3668049],[-123.0955943,49.3667875],[-123.0956275,49.3667761],[-123.0956164,49.3667623],[-123.095766,49.3667111]]]}},{"type":"Feature","id":"351288933","properties":{"kind":"building","name":"","osmWayId":"351288933"},"geometry":{"type":"Polygon","coordinates":[[[-123.0993681,49.3665218],[-123.0994959,49.3665919],[-123.0994568,49.3666223],[-123.0994811,49.3666356],[-123.0994571,49.3666542],[-123.0994492,49.3666499],[-123.0994228,49.3666704],[-123.0994539,49.3666874],[-123.0993799,49.366745],[-123.0992932,49.3666975],[-123.0993024,49.3666903],[-123.0992426,49.3666575],[-123.0992478,49.3666535],[-123.099229,49.3666431],[-123.0992792,49.3666041],[-123.0992673,49.3665976],[-123.0993079,49.366566],[-123.0993099,49.3665671],[-123.0993681,49.3665218]]]}},{"type":"Feature","id":"351288938","properties":{"kind":"building","name":"","osmWayId":"351288938"},"geometry":{"type":"Polygon","coordinates":[[[-123.0950361,49.3663078],[-123.0950377,49.366321],[-123.0950551,49.3663201],[-123.0950622,49.3663791],[-123.0950831,49.366378],[-123.0950879,49.3664182],[-123.0951053,49.3664173],[-123.0951106,49.366461],[-123.0950893,49.3664621],[-123.095096,49.3665182],[-123.0950824,49.3665189],[-123.0950841,49.366533],[-123.0949785,49.3665384],[-123.0949768,49.3665242],[-123.0949371,49.3665263],[-123.0949258,49.3664316],[-123.0949094,49.3664325],[-123.094897,49.366329],[-123.0949242,49.3663277],[-123.0949225,49.3663136],[-123.0950361,49.3663078]]]}},{"type":"Feature","id":"351288947","properties":{"kind":"building","name":"","osmWayId":"351288947"},"geometry":{"type":"Polygon","coordinates":[[[-123.0978905,49.3672669],[-123.097939,49.3672828],[-123.0979464,49.3672733],[-123.0979924,49.3672883],[-123.0979981,49.3672809],[-123.0980806,49.3673079],[-123.0980389,49.3673621],[-123.098062,49.3673697],[-123.0980156,49.36743],[-123.0979672,49.3674141],[-123.0979735,49.3674059],[-123.0979464,49.367397],[-123.0979432,49.3674011],[-123.0978294,49.3673638],[-123.0978257,49.3673686],[-123.0977998,49.3673601],[-123.0977886,49.3673352],[-123.0978048,49.3673142],[-123.0978416,49.3673068],[-123.0978561,49.3673116],[-123.0978905,49.3672669]]]}},{"type":"Feature","id":"351288948","properties":{"kind":"building","name":"","osmWayId":"351288948"},"geometry":{"type":"Polygon","coordinates":[[[-123.0941031,49.3648189],[-123.0941489,49.3648591],[-123.09416,49.3648537],[-123.0941887,49.3648789],[-123.0941843,49.364881],[-123.0942214,49.3649136],[-123.0941095,49.364968],[-123.0940852,49.3649467],[-123.0940199,49.3649785],[-123.093995,49.3649566],[-123.093953,49.3649771],[-123.0938935,49.3649249],[-123.093956,49.3648944],[-123.0939543,49.3648929],[-123.0939969,49.3648721],[-123.0940062,49.3648803],[-123.0940328,49.3648674],[-123.0940283,49.3648634],[-123.0940556,49.3648501],[-123.0940497,49.3648449],[-123.0941031,49.3648189]]]}},{"type":"Feature","id":"351288951","properties":{"kind":"building","name":"","osmWayId":"351288951"},"geometry":{"type":"Polygon","coordinates":[[[-123.0919353,49.3634578],[-123.0919528,49.3634587],[-123.0920417,49.3635233],[-123.0920409,49.3635392],[-123.0920054,49.3635601],[-123.0919871,49.3635579],[-123.0919738,49.3635657],[-123.0919898,49.3635774],[-123.0919492,49.3636012],[-123.091938,49.363593],[-123.0919141,49.3636071],[-123.0918669,49.3635728],[-123.0918388,49.3635893],[-123.0917621,49.3635335],[-123.0917841,49.3635206],[-123.0917721,49.3635118],[-123.0918231,49.3634819],[-123.0918563,49.3634852],[-123.0918797,49.3634714],[-123.0919078,49.3634739],[-123.0919353,49.3634578]]]}},{"type":"Feature","id":"351288952","properties":{"kind":"building","name":"","osmWayId":"351288952"},"geometry":{"type":"Polygon","coordinates":[[[-123.1000177,49.3692612],[-123.1000766,49.3692772],[-123.1000684,49.3692901],[-123.1001548,49.3693137],[-123.1001383,49.3693395],[-123.1001547,49.3693439],[-123.1001293,49.3693836],[-123.1001141,49.3693794],[-123.1000943,49.3694104],[-123.1000681,49.3694032],[-123.1000569,49.3694208],[-123.1000536,49.3694251],[-123.0999386,49.3693937],[-123.0999406,49.3693906],[-123.099862,49.3693691],[-123.0999017,49.369307],[-123.0999746,49.3693268],[-123.0999794,49.3693193],[-123.0999902,49.3693222],[-123.1000023,49.3693033],[-123.0999924,49.3693007],[-123.1000177,49.3692612]]]}},{"type":"Feature","id":"351288954","properties":{"kind":"building","name":"","osmWayId":"351288954"},"geometry":{"type":"Polygon","coordinates":[[[-123.0913935,49.3635831],[-123.0914039,49.3635919],[-123.091418,49.3635849],[-123.0914491,49.3636114],[-123.0914344,49.3636187],[-123.0914435,49.3636264],[-123.091456,49.3636202],[-123.0914865,49.3636463],[-123.0914735,49.3636529],[-123.0914987,49.3636743],[-123.0915022,49.3636726],[-123.0915457,49.3637097],[-123.0915004,49.3637324],[-123.0914955,49.3637283],[-123.0914638,49.3637441],[-123.0914579,49.3637391],[-123.091431,49.3637526],[-123.0912907,49.3636329],[-123.0913309,49.3636128],[-123.0913248,49.3636076],[-123.0913642,49.3635879],[-123.0913716,49.3635941],[-123.0913935,49.3635831]]]}},{"type":"Feature","id":"351288957","properties":{"kind":"building","name":"","osmWayId":"351288957"},"geometry":{"type":"Polygon","coordinates":[[[-123.0941434,49.3653466],[-123.0941599,49.3653613],[-123.0941828,49.3653503],[-123.0942196,49.3653831],[-123.0941435,49.3654195],[-123.0942011,49.3654709],[-123.0943001,49.3654808],[-123.0942993,49.3654883],[-123.0943697,49.3654939],[-123.09436,49.3655427],[-123.0943438,49.3655418],[-123.0943406,49.3655526],[-123.0943203,49.3655507],[-123.0943149,49.3655665],[-123.0942696,49.3655603],[-123.0942635,49.3655782],[-123.0941884,49.3655714],[-123.0941972,49.3655557],[-123.0941682,49.3655517],[-123.0941541,49.3655584],[-123.0940318,49.3654494],[-123.094025,49.3654526],[-123.0939889,49.3654204],[-123.0941434,49.3653466]]]}},{"type":"Feature","id":"351289047","properties":{"kind":"building","name":"","osmWayId":"351289047"},"geometry":{"type":"Polygon","coordinates":[[[-123.0956615,49.3650777],[-123.0957674,49.3651917],[-123.0956457,49.3652352],[-123.0955372,49.3651229],[-123.0956615,49.3650777]]]}},{"type":"Feature","id":"351289052","properties":{"kind":"building","name":"","osmWayId":"351289052"},"geometry":{"type":"Polygon","coordinates":[[[-123.098073,49.3677887],[-123.0983134,49.3678784],[-123.0982418,49.36796],[-123.0979994,49.367877],[-123.098073,49.3677887]]]}},{"type":"Feature","id":"351289073","properties":{"kind":"building","name":"","osmWayId":"351289073"},"geometry":{"type":"Polygon","coordinates":[[[-123.0971783,49.3681546],[-123.0972196,49.3681679],[-123.0972277,49.3681571],[-123.0973088,49.3681832],[-123.0972452,49.3682674],[-123.0972319,49.3682631],[-123.0972207,49.3682779],[-123.0972926,49.368301],[-123.0973325,49.3682481],[-123.0973172,49.3682432],[-123.0973616,49.3681844],[-123.0974262,49.3682052],[-123.097417,49.3682175],[-123.0974378,49.3682242],[-123.0974443,49.3682156],[-123.097516,49.3682387],[-123.0974206,49.3683651],[-123.0973648,49.3683472],[-123.0973579,49.3683564],[-123.0973686,49.3683599],[-123.0973252,49.3684174],[-123.0972158,49.3683822],[-123.0972059,49.3683953],[-123.0972158,49.3683984],[-123.0971593,49.3684733],[-123.0970783,49.3684472],[-123.09709,49.3684317],[-123.0970625,49.3684284],[-123.0968977,49.3683753],[-123.0969191,49.3683468],[-123.096915,49.3683455],[-123.0969348,49.3683193],[-123.0969393,49.3683208],[-123.096949,49.368308],[-123.0969819,49.3683186],[-123.0969956,49.3683004],[-123.0970634,49.3683223],[-123.0970722,49.3683107],[-123.0971167,49.368325],[-123.0971259,49.3683129],[-123.0971656,49.3683257],[-123.0971947,49.3682871],[-123.0971011,49.3682569],[-123.0971783,49.3681546]]]}},{"type":"Feature","id":"351289074","properties":{"kind":"building","name":"","osmWayId":"351289074"},"geometry":{"type":"Polygon","coordinates":[[[-123.0968017,49.3677871],[-123.096842,49.3678003],[-123.096847,49.3677938],[-123.0969319,49.3678217],[-123.0968963,49.3678678],[-123.096921,49.3678759],[-123.0969833,49.3677951],[-123.0970894,49.36783],[-123.0970961,49.3678213],[-123.0971738,49.3678468],[-123.0971787,49.3678404],[-123.0972161,49.3678527],[-123.0972234,49.3678433],[-123.0973024,49.3678693],[-123.0972843,49.3678929],[-123.0972923,49.3678955],[-123.0973137,49.3678676],[-123.097418,49.3679019],[-123.0973852,49.3679445],[-123.0973992,49.3679491],[-123.097438,49.3678987],[-123.0976981,49.3679842],[-123.0976779,49.3680104],[-123.0976986,49.3680172],[-123.0976555,49.3680731],[-123.0975735,49.3680462],[-123.0975492,49.3680777],[-123.0974694,49.3680515],[-123.097436,49.3680949],[-123.0973409,49.3680637],[-123.0973526,49.3680484],[-123.0973288,49.3680406],[-123.0973236,49.3680473],[-123.0972924,49.3680371],[-123.0972732,49.368062],[-123.0971693,49.3680279],[-123.0972051,49.3679814],[-123.0971872,49.3679755],[-123.0971505,49.3680232],[-123.0970712,49.3679971],[-123.0970645,49.3680059],[-123.0969845,49.3679796],[-123.0970275,49.3679238],[-123.0969501,49.3678984],[-123.0969021,49.3679607],[-123.0967152,49.3678993],[-123.0968017,49.3677871]]]}},{"type":"Feature","id":"351289075","properties":{"kind":"building","name":"","osmWayId":"351289075"},"geometry":{"type":"Polygon","coordinates":[[[-123.0965812,49.3678118],[-123.0966218,49.3678248],[-123.0966282,49.3678162],[-123.0967208,49.3678458],[-123.0966824,49.3678969],[-123.0967414,49.3679157],[-123.0967018,49.3679685],[-123.0967391,49.3679805],[-123.0967165,49.3680107],[-123.0967603,49.3680247],[-123.0967201,49.3680785],[-123.0965917,49.3680375],[-123.096588,49.3680424],[-123.0966006,49.3680465],[-123.0965956,49.3680531],[-123.096666,49.3680756],[-123.0966526,49.3680935],[-123.0966969,49.3681077],[-123.096687,49.3681209],[-123.0967591,49.3681439],[-123.0967453,49.3681623],[-123.0967812,49.3681738],[-123.0967672,49.3681924],[-123.0969445,49.3682491],[-123.0968993,49.3683094],[-123.0969084,49.3683123],[-123.0968759,49.3683557],[-123.0967737,49.368323],[-123.0967825,49.3683112],[-123.0967089,49.3682876],[-123.0967229,49.368269],[-123.0966924,49.3682592],[-123.0967034,49.3682445],[-123.0966542,49.3682288],[-123.0966608,49.36822],[-123.0965618,49.3681883],[-123.0966021,49.3681346],[-123.0965908,49.368131],[-123.0965883,49.3681344],[-123.0965454,49.3681206],[-123.09655,49.3681145],[-123.0964372,49.3680784],[-123.0964925,49.3680045],[-123.096522,49.3680139],[-123.096527,49.3680072],[-123.096487,49.3679944],[-123.0965389,49.3679253],[-123.0965044,49.3679143],[-123.0965812,49.3678118]]]}},{"type":"Feature","id":"351289078","properties":{"kind":"building","name":"","osmWayId":"351289078"},"geometry":{"type":"Polygon","coordinates":[[[-123.0999874,49.3666026],[-123.1001559,49.3666307],[-123.1001988,49.3666833],[-123.1001846,49.3667188],[-123.0999555,49.3666667],[-123.0999874,49.3666026]]]}},{"type":"Feature","id":"351289084","properties":{"kind":"building","name":"","osmWayId":"351289084"},"geometry":{"type":"Polygon","coordinates":[[[-123.0980448,49.3682572],[-123.0981746,49.3683369],[-123.0981952,49.3683226],[-123.0982805,49.3683749],[-123.0983023,49.3683598],[-123.0983097,49.3683644],[-123.0983388,49.3683441],[-123.098423,49.3683958],[-123.0984006,49.3684114],[-123.0984694,49.3684537],[-123.0984544,49.3684642],[-123.0984704,49.368474],[-123.0984347,49.3684987],[-123.0985648,49.3685786],[-123.0986351,49.3685297],[-123.0987097,49.3685755],[-123.0986939,49.3685864],[-123.0987103,49.3685965],[-123.0986381,49.3686467],[-123.0986448,49.3686508],[-123.0986008,49.3686814],[-123.0985912,49.3686755],[-123.0985834,49.3686809],[-123.0985047,49.3686326],[-123.0985158,49.3686249],[-123.0985031,49.368617],[-123.0984572,49.3686489],[-123.0983894,49.3686073],[-123.098375,49.3686174],[-123.0983058,49.3685749],[-123.0983386,49.3685521],[-123.0982219,49.3684805],[-123.0982393,49.3684684],[-123.0981914,49.368439],[-123.0981597,49.368461],[-123.0981726,49.368469],[-123.0981369,49.3684937],[-123.0981325,49.368491],[-123.0981309,49.3684922],[-123.0980796,49.3684607],[-123.0981026,49.3684447],[-123.098052,49.3684137],[-123.0980364,49.3684246],[-123.0979585,49.3683768],[-123.0979973,49.3683499],[-123.0979324,49.36831],[-123.0979962,49.3682657],[-123.0980137,49.3682765],[-123.0980374,49.36826],[-123.0980392,49.3682611],[-123.0980448,49.3682572]]]}},{"type":"Feature","id":"351289088","properties":{"kind":"building","name":"","osmWayId":"351289088"},"geometry":{"type":"Polygon","coordinates":[[[-123.1000754,49.365511],[-123.1001011,49.3655957],[-123.100002,49.3656085],[-123.1000001,49.3656022],[-123.0998775,49.3656181],[-123.0998537,49.3655397],[-123.1000754,49.365511]]]}},{"type":"Feature","id":"351289090","properties":{"kind":"building","name":"","osmWayId":"351289090"},"geometry":{"type":"Polygon","coordinates":[[[-123.0985567,49.3646397],[-123.0986996,49.3647436],[-123.0986062,49.3648033],[-123.0984663,49.3647098],[-123.0984892,49.3646952],[-123.0984798,49.3646889],[-123.0985567,49.3646397]]]}},{"type":"Feature","id":"351289096","properties":{"kind":"building","name":"","osmWayId":"351289096"},"geometry":{"type":"Polygon","coordinates":[[[-123.0992163,49.3676076],[-123.0993545,49.3676713],[-123.0992404,49.3677769],[-123.099218,49.3677666],[-123.0992062,49.3677775],[-123.0990842,49.3677213],[-123.0992163,49.3676076]]]}},{"type":"Feature","id":"351289098","properties":{"kind":"building","name":"","osmWayId":"351289098"},"geometry":{"type":"Polygon","coordinates":[[[-123.0982607,49.3668134],[-123.0984246,49.3668488],[-123.0983636,49.3669693],[-123.0982886,49.3669531],[-123.0982775,49.366975],[-123.0981887,49.3669559],[-123.0982607,49.3668134]]]}},{"type":"Feature","id":"351289103","properties":{"kind":"building","name":"","osmWayId":"351289103"},"geometry":{"type":"Polygon","coordinates":[[[-123.0946621,49.3634849],[-123.0947709,49.3635811],[-123.0947827,49.3635754],[-123.0948365,49.3636229],[-123.0947169,49.3636806],[-123.0945544,49.3635369],[-123.0946621,49.3634849]]]}},{"type":"Feature","id":"351289108","properties":{"kind":"building","name":"","osmWayId":"351289108"},"geometry":{"type":"Polygon","coordinates":[[[-123.0999034,49.3694105],[-123.1000519,49.3694532],[-123.1000195,49.3695014],[-123.1000694,49.3695157],[-123.1000173,49.369593],[-123.0998188,49.3695359],[-123.0999034,49.3694105]]]}},{"type":"Feature","id":"351289110","properties":{"kind":"building","name":"","osmWayId":"351289110"},"geometry":{"type":"Polygon","coordinates":[[[-123.0961781,49.3629709],[-123.0962945,49.3630098],[-123.0962673,49.3630445],[-123.0963389,49.3630684],[-123.0962631,49.363165],[-123.0960751,49.3631021],[-123.0961781,49.3629709]]]}},{"type":"Feature","id":"351289113","properties":{"kind":"building","name":"","osmWayId":"351289113"},"geometry":{"type":"Polygon","coordinates":[[[-123.0925293,49.363982],[-123.0927075,49.3640735],[-123.0925979,49.3641646],[-123.0925444,49.3641372],[-123.0925633,49.3641214],[-123.0924386,49.3640574],[-123.0925293,49.363982]]]}},{"type":"Feature","id":"351289115","properties":{"kind":"building","name":"","osmWayId":"351289115"},"geometry":{"type":"Polygon","coordinates":[[[-123.0993839,49.3661296],[-123.0995998,49.3661556],[-123.0995793,49.3662281],[-123.0995589,49.3662256],[-123.0995484,49.3662629],[-123.0993529,49.3662394],[-123.0993839,49.3661296]]]}},{"type":"Feature","id":"351289121","properties":{"kind":"building","name":"","osmWayId":"351289121"},"geometry":{"type":"Polygon","coordinates":[[[-123.0959759,49.3634927],[-123.0961751,49.3634971],[-123.0961685,49.363627],[-123.0959222,49.3636217],[-123.0959254,49.3635595],[-123.0959724,49.3635605],[-123.0959759,49.3634927]]]}},{"type":"Feature","id":"351289122","properties":{"kind":"building","name":"","osmWayId":"351289122"},"geometry":{"type":"Polygon","coordinates":[[[-123.0946949,49.3628997],[-123.0948059,49.3629985],[-123.0946235,49.3630859],[-123.0945283,49.3630011],[-123.0946107,49.3629616],[-123.0945949,49.3629476],[-123.0946949,49.3628997]]]}},{"type":"Feature","id":"351289123","properties":{"kind":"building","name":"","osmWayId":"351289123"},"geometry":{"type":"Polygon","coordinates":[[[-123.0967164,49.3630903],[-123.0968623,49.3630985],[-123.0968439,49.3632378],[-123.0966514,49.363227],[-123.0966626,49.3631414],[-123.0967093,49.3631441],[-123.0967164,49.3630903]]]}},{"type":"Feature","id":"351289139","properties":{"kind":"building","name":"","osmWayId":"351289139"},"geometry":{"type":"Polygon","coordinates":[[[-123.0971859,49.3663895],[-123.0973567,49.3664486],[-123.0972403,49.3665919],[-123.0971538,49.3665619],[-123.0971819,49.3665274],[-123.0970976,49.3664982],[-123.0971859,49.3663895]]]}},{"type":"Feature","id":"351289140","properties":{"kind":"building","name":"","osmWayId":"351289140"},"geometry":{"type":"Polygon","coordinates":[[[-123.0965443,49.3665864],[-123.0966435,49.3666778],[-123.0965679,49.3667129],[-123.0966204,49.3667612],[-123.0965352,49.3668007],[-123.0963834,49.366661],[-123.0965443,49.3665864]]]}},{"type":"Feature","id":"351289144","properties":{"kind":"building","name":"","osmWayId":"351289144"},"geometry":{"type":"Polygon","coordinates":[[[-123.0970716,49.3673041],[-123.0972391,49.3674149],[-123.0971213,49.3674909],[-123.0969912,49.3674048],[-123.0970355,49.3673762],[-123.0969982,49.3673515],[-123.0970716,49.3673041]]]}},{"type":"Feature","id":"351289177","properties":{"kind":"building","name":"","osmWayId":"351289177"},"geometry":{"type":"Polygon","coordinates":[[[-123.099449,49.3662709],[-123.0995986,49.3662916],[-123.0995616,49.366406],[-123.0993325,49.3663744],[-123.0993535,49.3663094],[-123.099433,49.3663204],[-123.099449,49.3662709]]]}},{"type":"Feature","id":"351289190","properties":{"kind":"building","name":"","osmWayId":"351289190"},"geometry":{"type":"Polygon","coordinates":[[[-123.0935815,49.3629638],[-123.0937179,49.36304],[-123.093716,49.3630414],[-123.0937374,49.3630533],[-123.0936298,49.3631356],[-123.093472,49.3630474],[-123.0935815,49.3629638]]]}},{"type":"Feature","id":"351289195","properties":{"kind":"building","name":"","osmWayId":"351289195"},"geometry":{"type":"Polygon","coordinates":[[[-123.0950853,49.3645746],[-123.0951949,49.3646967],[-123.0950598,49.3647484],[-123.0950043,49.3646866],[-123.0949818,49.3646953],[-123.0949276,49.3646349],[-123.0950853,49.3645746]]]}},{"type":"Feature","id":"351289197","properties":{"kind":"building","name":"","osmWayId":"351289197"},"geometry":{"type":"Polygon","coordinates":[[[-123.0964263,49.3654945],[-123.0965089,49.3655457],[-123.0963704,49.365641],[-123.0963328,49.3656177],[-123.0963144,49.3656303],[-123.0962694,49.3656024],[-123.0964263,49.3654945]]]}},{"type":"Feature","id":"351289199","properties":{"kind":"building","name":"","osmWayId":"351289199"},"geometry":{"type":"Polygon","coordinates":[[[-123.098881,49.3661969],[-123.0990693,49.3662378],[-123.0990373,49.3662928],[-123.0988708,49.3662515],[-123.098879,49.3662374],[-123.0988602,49.3662327],[-123.098881,49.3661969]]]}},{"type":"Feature","id":"351289200","properties":{"kind":"building","name":"","osmWayId":"351289200"},"geometry":{"type":"Polygon","coordinates":[[[-123.0980131,49.364146],[-123.0980156,49.3642719],[-123.0979334,49.3642726],[-123.0979342,49.3643146],[-123.097836,49.3643154],[-123.0978327,49.3641475],[-123.0980131,49.364146]]]}},{"type":"Feature","id":"351289204","properties":{"kind":"building","name":"","osmWayId":"351289204"},"geometry":{"type":"Polygon","coordinates":[[[-123.0928214,49.3643116],[-123.0928356,49.3644459],[-123.0926554,49.3644541],[-123.0926496,49.3643994],[-123.0926073,49.3644013],[-123.0925989,49.3643217],[-123.0928214,49.3643116]]]}},{"type":"Feature","id":"351289208","properties":{"kind":"building","name":"","osmWayId":"351289208"},"geometry":{"type":"Polygon","coordinates":[[[-123.0944145,49.3638325],[-123.0944652,49.363878],[-123.0944565,49.3638821],[-123.0945467,49.3639629],[-123.0944178,49.3640242],[-123.094277,49.3638979],[-123.0944145,49.3638325]]]}},{"type":"Feature","id":"351289219","properties":{"kind":"building","name":"","osmWayId":"351289219"},"geometry":{"type":"Polygon","coordinates":[[[-123.0964065,49.3630415],[-123.0966017,49.3630781],[-123.0965514,49.3631925],[-123.0963473,49.3631542],[-123.0963943,49.3630474],[-123.0964032,49.3630491],[-123.0964065,49.3630415]]]}},{"type":"Feature","id":"351289228","properties":{"kind":"building","name":"","osmWayId":"351289228"},"geometry":{"type":"Polygon","coordinates":[[[-123.098865,49.3680218],[-123.0990555,49.368072],[-123.0990209,49.368128],[-123.0989918,49.3681204],[-123.0989627,49.3681674],[-123.0988014,49.3681249],[-123.098865,49.3680218]]]}},{"type":"Feature","id":"351289237","properties":{"kind":"building","name":"","osmWayId":"351289237"},"geometry":{"type":"Polygon","coordinates":[[[-123.0961959,49.3660395],[-123.0962841,49.3660974],[-123.0961297,49.3661977],[-123.0960203,49.3661259],[-123.0961201,49.3660611],[-123.0961412,49.366075],[-123.0961959,49.3660395]]]}},{"type":"Feature","id":"351289239","properties":{"kind":"building","name":"","osmWayId":"351289239"},"geometry":{"type":"Polygon","coordinates":[[[-123.0999771,49.3648925],[-123.1001325,49.3649315],[-123.1000909,49.3650021],[-123.1001356,49.3650133],[-123.1001017,49.3650709],[-123.0999017,49.3650207],[-123.0999771,49.3648925]]]}},{"type":"Feature","id":"351289240","properties":{"kind":"building","name":"","osmWayId":"351289240"},"geometry":{"type":"Polygon","coordinates":[[[-123.09965,49.367945],[-123.0998453,49.3680314],[-123.0998036,49.3680715],[-123.0997902,49.3680656],[-123.0997313,49.3681224],[-123.0995495,49.368042],[-123.09965,49.367945]]]}},{"type":"Feature","id":"351289246","properties":{"kind":"building","name":"","osmWayId":"351289246"},"geometry":{"type":"Polygon","coordinates":[[[-123.0993275,49.3681504],[-123.0996176,49.3682418],[-123.0995549,49.3683267],[-123.0993333,49.3682569],[-123.0993503,49.3682339],[-123.0992817,49.3682123],[-123.0993275,49.3681504]]]}},{"type":"Feature","id":"351289250","properties":{"kind":"building","name":"","osmWayId":"351289250"},"geometry":{"type":"Polygon","coordinates":[[[-123.0980675,49.3661162],[-123.0981978,49.3661893],[-123.0980794,49.3662793],[-123.0978825,49.3661689],[-123.0979488,49.3661185],[-123.0980154,49.3661558],[-123.0980675,49.3661162]]]}},{"type":"Feature","id":"351289252","properties":{"kind":"building","name":"","osmWayId":"351289252"},"geometry":{"type":"Polygon","coordinates":[[[-123.1000734,49.3669941],[-123.1001812,49.3670379],[-123.1000447,49.3671812],[-123.0999004,49.3671225],[-123.1000196,49.3669975],[-123.1000561,49.3670123],[-123.1000734,49.3669941]]]}},{"type":"Feature","id":"351289255","properties":{"kind":"building","name":"","osmWayId":"351289255"},"geometry":{"type":"Polygon","coordinates":[[[-123.0983383,49.3635738],[-123.0984292,49.3636536],[-123.0982449,49.3637431],[-123.098116,49.36363],[-123.0982099,49.3635844],[-123.0982479,49.3636177],[-123.0983383,49.3635738]]]}},{"type":"Feature","id":"351289256","properties":{"kind":"building","name":"","osmWayId":"351289256"},"geometry":{"type":"Polygon","coordinates":[[[-123.0989356,49.3671339],[-123.0990569,49.3671701],[-123.0989652,49.3673012],[-123.0988736,49.3672739],[-123.09888,49.3672648],[-123.0988503,49.3672559],[-123.0989356,49.3671339]]]}},{"type":"Feature","id":"351289258","properties":{"kind":"building","name":"","osmWayId":"351289258"},"geometry":{"type":"Polygon","coordinates":[[[-123.094271,49.3649273],[-123.0943896,49.3650308],[-123.0941723,49.365137],[-123.0941066,49.3650797],[-123.0941726,49.3650474],[-123.0941197,49.3650012],[-123.094271,49.3649273]]]}},{"type":"Feature","id":"351289263","properties":{"kind":"building","name":"","osmWayId":"351289263"},"geometry":{"type":"Polygon","coordinates":[[[-123.0970467,49.3630865],[-123.0970477,49.3631414],[-123.0970925,49.3631411],[-123.097094,49.3632269],[-123.0969005,49.3632284],[-123.0968981,49.3630877],[-123.0970467,49.3630865]]]}},{"type":"Feature","id":"351289284","properties":{"kind":"building","name":"","osmWayId":"351289284"},"geometry":{"type":"Polygon","coordinates":[[[-123.1000747,49.3654096],[-123.1000853,49.3654548],[-123.0999983,49.3654635],[-123.1000059,49.3654958],[-123.0999052,49.3655059],[-123.099887,49.3654285],[-123.1000747,49.3654096]]]}},{"type":"Feature","id":"351289286","properties":{"kind":"building","name":"","osmWayId":"351289286"},"geometry":{"type":"Polygon","coordinates":[[[-123.0973407,49.3671678],[-123.0973967,49.3672072],[-123.0974534,49.3671729],[-123.09756,49.3672479],[-123.0974347,49.3673237],[-123.0972722,49.3672093],[-123.0973407,49.3671678]]]}},{"type":"Feature","id":"351289293","properties":{"kind":"building","name":"","osmWayId":"351289293"},"geometry":{"type":"Polygon","coordinates":[[[-123.0972439,49.3630385],[-123.0972596,49.3630908],[-123.0973739,49.3630762],[-123.0974044,49.3631779],[-123.0971846,49.363206],[-123.0971384,49.3630519],[-123.0972439,49.3630385]]]}},{"type":"Feature","id":"351289294","properties":{"kind":"building","name":"","osmWayId":"351289294"},"geometry":{"type":"Polygon","coordinates":[[[-123.0978298,49.3671158],[-123.098036,49.3671438],[-123.0980199,49.3671947],[-123.0980526,49.3671991],[-123.0980318,49.3672645],[-123.0977928,49.3672321],[-123.0978298,49.3671158]]]}},{"type":"Feature","id":"351289300","properties":{"kind":"building","name":"","osmWayId":"351289300"},"geometry":{"type":"Polygon","coordinates":[[[-123.098869,49.3670799],[-123.0989422,49.3671044],[-123.0988252,49.3672535],[-123.0987437,49.3672263],[-123.0987783,49.3671822],[-123.0987489,49.3671724],[-123.0988097,49.3670947],[-123.098869,49.3670799]]]}},{"type":"Feature","id":"351289310","properties":{"kind":"building","name":"","osmWayId":"351289310"},"geometry":{"type":"Polygon","coordinates":[[[-123.0937858,49.3630599],[-123.0938711,49.3630814],[-123.0939162,49.3630706],[-123.0939424,49.3630975],[-123.0939966,49.3631112],[-123.0939364,49.3632129],[-123.0937266,49.3631599],[-123.0937858,49.3630599]]]}},{"type":"Feature","id":"351289330","properties":{"kind":"building","name":"","osmWayId":"351289330"},"geometry":{"type":"Polygon","coordinates":[[[-123.0978143,49.3628984],[-123.0979,49.362979],[-123.0977225,49.3630595],[-123.0975971,49.3629416],[-123.0976835,49.3629024],[-123.0977174,49.3629343],[-123.0977593,49.3629152],[-123.0977651,49.3629207],[-123.0978143,49.3628984]]]}},{"type":"Feature","id":"351289332","properties":{"kind":"building","name":"","osmWayId":"351289332"},"geometry":{"type":"Polygon","coordinates":[[[-123.0956124,49.366577],[-123.0957136,49.3666531],[-123.09559,49.3667232],[-123.0955743,49.3667114],[-123.0955473,49.3667267],[-123.0955245,49.3667095],[-123.095509,49.3667183],[-123.0954463,49.3666711],[-123.0956124,49.366577]]]}},{"type":"Feature","id":"351289335","properties":{"kind":"building","name":"","osmWayId":"351289335"},"geometry":{"type":"Polygon","coordinates":[[[-123.0964338,49.3645009],[-123.0964621,49.3646337],[-123.0963814,49.3646411],[-123.096377,49.3646203],[-123.0962847,49.3646286],[-123.0962603,49.3645138],[-123.0963916,49.3645019],[-123.0963922,49.3645047],[-123.0964338,49.3645009]]]}},{"type":"Feature","id":"351289342","properties":{"kind":"building","name":"","osmWayId":"351289342"},"geometry":{"type":"Polygon","coordinates":[[[-123.0946835,49.3641383],[-123.0947124,49.3641677],[-123.0947312,49.3641597],[-123.0947757,49.3642048],[-123.0947534,49.3642142],[-123.0947872,49.3642483],[-123.0946535,49.3643047],[-123.0945462,49.3641962],[-123.0946835,49.3641383]]]}},{"type":"Feature","id":"351289346","properties":{"kind":"building","name":"","osmWayId":"351289346"},"geometry":{"type":"Polygon","coordinates":[[[-123.0989548,49.3643383],[-123.0991456,49.3644582],[-123.0990607,49.3645158],[-123.0990262,49.3644941],[-123.0989774,49.3645272],[-123.0988293,49.3644342],[-123.0989194,49.364373],[-123.0989112,49.3643679],[-123.0989548,49.3643383]]]}},{"type":"Feature","id":"351289349","properties":{"kind":"building","name":"","osmWayId":"351289349"},"geometry":{"type":"Polygon","coordinates":[[[-123.0955345,49.366485],[-123.0956291,49.3665589],[-123.0954557,49.3666536],[-123.0953932,49.3666048],[-123.0954085,49.3665964],[-123.0953911,49.3665829],[-123.0954211,49.3665665],[-123.0954063,49.366555],[-123.0955345,49.366485]]]}},{"type":"Feature","id":"351289351","properties":{"kind":"building","name":"","osmWayId":"351289351"},"geometry":{"type":"Polygon","coordinates":[[[-123.0977361,49.3637372],[-123.0977631,49.3637775],[-123.0978545,49.3637514],[-123.097909,49.3638327],[-123.0978859,49.3638393],[-123.097895,49.363853],[-123.0977195,49.3639031],[-123.0976289,49.3637679],[-123.0977361,49.3637372]]]}},{"type":"Feature","id":"351289357","properties":{"kind":"building","name":"","osmWayId":"351289357"},"geometry":{"type":"Polygon","coordinates":[[[-123.0920081,49.363851],[-123.09206,49.3638877],[-123.0920375,49.3639013],[-123.0921071,49.3639505],[-123.0919736,49.3640309],[-123.0918613,49.3639514],[-123.0919857,49.3638765],[-123.0919765,49.36387],[-123.0920081,49.363851]]]}},{"type":"Feature","id":"351289367","properties":{"kind":"building","name":"","osmWayId":"351289367"},"geometry":{"type":"Polygon","coordinates":[[[-123.0952143,49.3654745],[-123.0953558,49.3655085],[-123.0952988,49.3656097],[-123.0952783,49.3656048],[-123.0952655,49.3656274],[-123.0952359,49.3656203],[-123.0952281,49.3656342],[-123.0951367,49.3656122],[-123.0952143,49.3654745]]]}},{"type":"Feature","id":"351289368","properties":{"kind":"building","name":"","osmWayId":"351289368"},"geometry":{"type":"Polygon","coordinates":[[[-123.0969499,49.3643058],[-123.0971256,49.3643924],[-123.0969973,49.3645034],[-123.0969122,49.3644615],[-123.0969506,49.3644283],[-123.0969244,49.3644154],[-123.0969395,49.3644024],[-123.096875,49.3643706],[-123.0969499,49.3643058]]]}},{"type":"Feature","id":"351289374","properties":{"kind":"building","name":"","osmWayId":"351289374"},"geometry":{"type":"Polygon","coordinates":[[[-123.1000779,49.3656216],[-123.1001095,49.3656794],[-123.1001385,49.3656726],[-123.1001744,49.3657384],[-123.0999653,49.3657832],[-123.0999064,49.365674],[-123.0999469,49.3656646],[-123.0999409,49.3656535],[-123.1000779,49.3656216]]]}},{"type":"Feature","id":"351289375","properties":{"kind":"building","name":"","osmWayId":"351289375"},"geometry":{"type":"Polygon","coordinates":[[[-123.0934699,49.3652128],[-123.0935175,49.3652568],[-123.0935224,49.3652545],[-123.0935962,49.3653225],[-123.0934494,49.3653904],[-123.0933843,49.3653304],[-123.0933914,49.3653271],[-123.0933351,49.3652751],[-123.0934699,49.3652128]]]}},{"type":"Feature","id":"351289388","properties":{"kind":"building","name":"","osmWayId":"351289388"},"geometry":{"type":"Polygon","coordinates":[[[-123.0973226,49.3644538],[-123.097484,49.3645266],[-123.0974151,49.3645918],[-123.0972965,49.3645383],[-123.0972931,49.3645415],[-123.0972357,49.3645156],[-123.097277,49.3644765],[-123.0972915,49.3644831],[-123.0973226,49.3644538]]]}},{"type":"Feature","id":"351289395","properties":{"kind":"building","name":"","osmWayId":"351289395"},"geometry":{"type":"Polygon","coordinates":[[[-123.0983554,49.364004],[-123.0984017,49.3640292],[-123.0983975,49.3640325],[-123.0984668,49.3640703],[-123.098419,49.3641077],[-123.0985067,49.3641555],[-123.0984401,49.3642075],[-123.0982368,49.3640967],[-123.0983554,49.364004]]]}},{"type":"Feature","id":"351289396","properties":{"kind":"building","name":"","osmWayId":"351289396"},"geometry":{"type":"Polygon","coordinates":[[[-123.0986179,49.3670295],[-123.0987787,49.3670701],[-123.0986957,49.3672103],[-123.0986046,49.3671873],[-123.0986327,49.3671396],[-123.0985628,49.367122],[-123.0985732,49.3671043],[-123.0985649,49.3671022],[-123.0986179,49.3670295]]]}},{"type":"Feature","id":"351289402","properties":{"kind":"building","name":"","osmWayId":"351289402"},"geometry":{"type":"Polygon","coordinates":[[[-123.0951921,49.3637594],[-123.0952601,49.3638213],[-123.0953419,49.363783],[-123.0954157,49.3638501],[-123.0953302,49.3638902],[-123.0953385,49.3638977],[-123.0952588,49.3639351],[-123.0951087,49.3637986],[-123.0951921,49.3637594]]]}},{"type":"Feature","id":"351289403","properties":{"kind":"building","name":"","osmWayId":"351289403"},"geometry":{"type":"Polygon","coordinates":[[[-123.097717,49.3663729],[-123.0978633,49.3664828],[-123.09778,49.3665301],[-123.0977613,49.366516],[-123.097758,49.3665179],[-123.097669,49.366451],[-123.0976999,49.3664334],[-123.0976614,49.3664045],[-123.097717,49.3663729]]]}},{"type":"Feature","id":"351289405","properties":{"kind":"building","name":"","osmWayId":"351289405"},"geometry":{"type":"Polygon","coordinates":[[[-123.0933011,49.3635524],[-123.0934502,49.3636402],[-123.0933715,49.3636972],[-123.0933662,49.3636941],[-123.0933134,49.3637324],[-123.0932361,49.3636869],[-123.0932643,49.3636664],[-123.0931978,49.3636272],[-123.0933011,49.3635524]]]}},{"type":"Feature","id":"351289407","properties":{"kind":"building","name":"","osmWayId":"351289407"},"geometry":{"type":"Polygon","coordinates":[[[-123.0954413,49.3662333],[-123.0954933,49.3663203],[-123.095288,49.3663727],[-123.0952536,49.3663151],[-123.0952758,49.3663094],[-123.0952658,49.3662927],[-123.0953012,49.3662837],[-123.0952936,49.3662709],[-123.0954413,49.3662333]]]}},{"type":"Feature","id":"351289410","properties":{"kind":"building","name":"","osmWayId":"351289410"},"geometry":{"type":"Polygon","coordinates":[[[-123.0951141,49.3638592],[-123.0952232,49.3639553],[-123.0951526,49.3639895],[-123.0951866,49.3640195],[-123.0951149,49.3640542],[-123.0949623,49.3639197],[-123.0950321,49.3638859],[-123.0950416,49.3638943],[-123.0951141,49.3638592]]]}},{"type":"Feature","id":"351289411","properties":{"kind":"building","name":"","osmWayId":"351289411"},"geometry":{"type":"Polygon","coordinates":[[[-123.0973859,49.3659191],[-123.0975313,49.3659831],[-123.0974833,49.3660296],[-123.0975517,49.3660597],[-123.0974967,49.3661129],[-123.0972752,49.3660155],[-123.0973249,49.3659673],[-123.0973327,49.3659707],[-123.0973859,49.3659191]]]}},{"type":"Feature","id":"351289419","properties":{"kind":"building","name":"","osmWayId":"351289419"},"geometry":{"type":"Polygon","coordinates":[[[-123.0986727,49.3631195],[-123.0986746,49.3632366],[-123.0986148,49.363237],[-123.0986152,49.3632635],[-123.0984239,49.3632648],[-123.0984228,49.3631927],[-123.0985361,49.363192],[-123.0985349,49.3631205],[-123.0986727,49.3631195]]]}},{"type":"Feature","id":"351289424","properties":{"kind":"building","name":"","osmWayId":"351289424"},"geometry":{"type":"Polygon","coordinates":[[[-123.0965408,49.3655431],[-123.0966205,49.3655948],[-123.0964622,49.365699],[-123.0964213,49.3656725],[-123.0964304,49.3656665],[-123.0964155,49.3656569],[-123.0964199,49.3656541],[-123.0963958,49.3656384],[-123.0965408,49.3655431]]]}},{"type":"Feature","id":"351289426","properties":{"kind":"building","name":"","osmWayId":"351289426"},"geometry":{"type":"Polygon","coordinates":[[[-123.0984191,49.3647364],[-123.0984844,49.3647993],[-123.098524,49.3647818],[-123.0986402,49.3648938],[-123.0985252,49.3649447],[-123.0984364,49.3648591],[-123.0984307,49.3648616],[-123.098338,49.3647723],[-123.0984191,49.3647364]]]}},{"type":"Feature","id":"351289432","properties":{"kind":"building","name":"","osmWayId":"351289432"},"geometry":{"type":"Polygon","coordinates":[[[-123.098615,49.3666099],[-123.0986944,49.3666446],[-123.0986853,49.3666535],[-123.0987082,49.3666635],[-123.0987149,49.366657],[-123.098791,49.3666902],[-123.0987129,49.3667663],[-123.0985346,49.3666883],[-123.098615,49.3666099]]]}},{"type":"Feature","id":"351289435","properties":{"kind":"building","name":"","osmWayId":"351289435"},"geometry":{"type":"Polygon","coordinates":[[[-123.0949494,49.3659558],[-123.094963,49.3660066],[-123.0949737,49.3660054],[-123.0949813,49.3660338],[-123.0949707,49.366035],[-123.0949778,49.3660615],[-123.0948474,49.3660763],[-123.0948192,49.3659706],[-123.0949494,49.3659558]]]}},{"type":"Feature","id":"351289444","properties":{"kind":"building","name":"","osmWayId":"351289444"},"geometry":{"type":"Polygon","coordinates":[[[-123.0973662,49.3643688],[-123.0974144,49.3643891],[-123.0974161,49.3643874],[-123.0975435,49.3644409],[-123.0974782,49.3645071],[-123.0973151,49.3644386],[-123.0973406,49.3644127],[-123.0973281,49.3644075],[-123.0973662,49.3643688]]]}},{"type":"Feature","id":"351289446","properties":{"kind":"building","name":"","osmWayId":"351289446"},"geometry":{"type":"Polygon","coordinates":[[[-123.0984991,49.363424],[-123.0986167,49.3634845],[-123.0984995,49.3635818],[-123.0984404,49.3635514],[-123.0984185,49.3635696],[-123.0982753,49.3634959],[-123.0983442,49.3634388],[-123.0984288,49.3634823],[-123.0984991,49.363424]]]}},{"type":"Feature","id":"351289463","properties":{"kind":"building","name":"","osmWayId":"351289463"},"geometry":{"type":"Polygon","coordinates":[[[-123.0989064,49.3660914],[-123.0990014,49.3661137],[-123.09901,49.3660979],[-123.0990886,49.3661162],[-123.09908,49.3661318],[-123.099142,49.3661463],[-123.0990981,49.3662264],[-123.0988626,49.3661713],[-123.0989064,49.3660914]]]}},{"type":"Feature","id":"351289469","properties":{"kind":"building","name":"","osmWayId":"351289469"},"geometry":{"type":"Polygon","coordinates":[[[-123.0992757,49.3635177],[-123.0993104,49.3635621],[-123.0993314,49.3635551],[-123.0994121,49.3636583],[-123.0993273,49.3636866],[-123.0993004,49.3636522],[-123.099206,49.3636837],[-123.0991175,49.3635705],[-123.0992757,49.3635177]]]}},{"type":"Feature","id":"351289471","properties":{"kind":"building","name":"","osmWayId":"351289471"},"geometry":{"type":"Polygon","coordinates":[[[-123.0955125,49.363199],[-123.0955397,49.3633304],[-123.0954016,49.3633426],[-123.095398,49.3633249],[-123.0953147,49.3633323],[-123.0952959,49.3632417],[-123.0953805,49.3632342],[-123.0953757,49.3632111],[-123.0955125,49.363199]]]}},{"type":"Feature","id":"351289475","properties":{"kind":"building","name":"","osmWayId":"351289475"},"geometry":{"type":"Polygon","coordinates":[[[-123.0945454,49.3639949],[-123.094611,49.364035],[-123.0946034,49.3640381],[-123.0946747,49.3641127],[-123.0945696,49.3641555],[-123.0945441,49.3641288],[-123.094486,49.3641525],[-123.0943943,49.3640565],[-123.0945454,49.3639949]]]}},{"type":"Feature","id":"351289480","properties":{"kind":"building","name":"","osmWayId":"351289480"},"geometry":{"type":"Polygon","coordinates":[[[-123.095478,49.3649644],[-123.0955371,49.3650318],[-123.0955068,49.3650432],[-123.0955479,49.3650899],[-123.0954203,49.3651378],[-123.0953787,49.3650905],[-123.0953289,49.3651092],[-123.0952701,49.3650424],[-123.095478,49.3649644]]]}},{"type":"Feature","id":"351289483","properties":{"kind":"building","name":"","osmWayId":"351289483"},"geometry":{"type":"Polygon","coordinates":[[[-123.0956023,49.3643003],[-123.0956423,49.3643473],[-123.0956655,49.3643388],[-123.0957338,49.3644189],[-123.0955444,49.3644878],[-123.0954859,49.3644192],[-123.0954702,49.3644249],[-123.0954204,49.3643665],[-123.0956023,49.3643003]]]}},{"type":"Feature","id":"351289487","properties":{"kind":"building","name":"","osmWayId":"351289487"},"geometry":{"type":"Polygon","coordinates":[[[-123.0977932,49.3641519],[-123.0978019,49.3642972],[-123.0976974,49.3642999],[-123.0976945,49.3642515],[-123.0976122,49.3642536],[-123.0976093,49.3642056],[-123.0975756,49.3642064],[-123.0975726,49.3641576],[-123.0977932,49.3641519]]]}},{"type":"Feature","id":"351289491","properties":{"kind":"building","name":"","osmWayId":"351289491"},"geometry":{"type":"Polygon","coordinates":[[[-123.097253,49.3672414],[-123.0973965,49.3673382],[-123.0972785,49.3674128],[-123.097183,49.3673484],[-123.0972238,49.3673226],[-123.0971817,49.3672943],[-123.0972072,49.3672782],[-123.0972011,49.3672741],[-123.097253,49.3672414]]]}},{"type":"Feature","id":"351289502","properties":{"kind":"building","name":"","osmWayId":"351289502"},"geometry":{"type":"Polygon","coordinates":[[[-123.0974857,49.3633742],[-123.0975378,49.3634816],[-123.0973442,49.3635217],[-123.0973388,49.3635105],[-123.0972823,49.3635222],[-123.0972425,49.3634401],[-123.0973049,49.3634272],[-123.097298,49.3634131],[-123.0974857,49.3633742]]]}},{"type":"Feature","id":"351289503","properties":{"kind":"building","name":"","osmWayId":"351289503"},"geometry":{"type":"Polygon","coordinates":[[[-123.0949465,49.3658209],[-123.094962,49.3658712],[-123.0949697,49.3658702],[-123.0949781,49.3658976],[-123.0949674,49.365899],[-123.0949768,49.3659298],[-123.094846,49.3659468],[-123.0948127,49.3658383],[-123.0949465,49.3658209]]]}},{"type":"Feature","id":"351289506","properties":{"kind":"building","name":"","osmWayId":"351289506"},"geometry":{"type":"Polygon","coordinates":[[[-123.0968012,49.3647263],[-123.0968562,49.3647649],[-123.0966607,49.3648835],[-123.0966178,49.3648534],[-123.09664,49.3648399],[-123.0966085,49.3648177],[-123.0967298,49.3647441],[-123.0967651,49.3647432],[-123.0968012,49.3647263]]]}},{"type":"Feature","id":"351289507","properties":{"kind":"building","name":"","osmWayId":"351289507"},"geometry":{"type":"Polygon","coordinates":[[[-123.097603,49.3629969],[-123.0976242,49.3630301],[-123.0976102,49.3630339],[-123.0976476,49.3630925],[-123.0976115,49.3631023],[-123.0976156,49.3631088],[-123.0974594,49.3631513],[-123.0973968,49.363053],[-123.097603,49.3629969]]]}},{"type":"Feature","id":"351289509","properties":{"kind":"building","name":"","osmWayId":"351289509"},"geometry":{"type":"Polygon","coordinates":[[[-123.1000176,49.3677288],[-123.1001753,49.367783],[-123.1001305,49.3678386],[-123.1001174,49.3678341],[-123.1000767,49.3678846],[-123.0999022,49.3678247],[-123.0999613,49.3677513],[-123.0999912,49.3677616],[-123.1000176,49.3677288]]]}},{"type":"Feature","id":"351289513","properties":{"kind":"building","name":"","osmWayId":"351289513"},"geometry":{"type":"Polygon","coordinates":[[[-123.0974826,49.363792],[-123.0974997,49.3638307],[-123.0976065,49.3638105],[-123.0976522,49.3639139],[-123.0974414,49.3639536],[-123.0973974,49.3638541],[-123.097396,49.3638544],[-123.0973772,49.3638119],[-123.0974826,49.363792]]]}},{"type":"Feature","id":"351289520","properties":{"kind":"building","name":"","osmWayId":"351289520"},"geometry":{"type":"Polygon","coordinates":[[[-123.0936582,49.3639421],[-123.0938194,49.3640396],[-123.0937447,49.3640923],[-123.0937145,49.364074],[-123.0936906,49.3640909],[-123.0936705,49.3640787],[-123.0936041,49.3641255],[-123.0934933,49.3640584],[-123.0936582,49.3639421]]]}},{"type":"Feature","id":"351289524","properties":{"kind":"building","name":"","osmWayId":"351289524"},"geometry":{"type":"Polygon","coordinates":[[[-123.0936469,49.3644791],[-123.0937698,49.3645837],[-123.0935807,49.3646785],[-123.0935167,49.3646239],[-123.0935976,49.3645834],[-123.0935667,49.3645572],[-123.0935769,49.3645521],[-123.0935412,49.3645217],[-123.0936469,49.3644791]]]}},{"type":"Feature","id":"351289529","properties":{"kind":"building","name":"","osmWayId":"351289529"},"geometry":{"type":"Polygon","coordinates":[[[-123.0964364,49.3636994],[-123.0965057,49.3637549],[-123.0964584,49.3637801],[-123.0964914,49.3638065],[-123.0964851,49.3638098],[-123.0965215,49.3638389],[-123.096402,49.3639026],[-123.0962634,49.3637916],[-123.0964364,49.3636994]]]}},{"type":"Feature","id":"351289532","properties":{"kind":"building","name":"","osmWayId":"351289532"},"geometry":{"type":"Polygon","coordinates":[[[-123.0934453,49.3634232],[-123.093538,49.3634773],[-123.0935541,49.3634656],[-123.0936319,49.363511],[-123.0935485,49.3636023],[-123.0935291,49.363591],[-123.0934795,49.3636117],[-123.0933171,49.3635169],[-123.0934453,49.3634232]]]}},{"type":"Feature","id":"351289537","properties":{"kind":"building","name":"","osmWayId":"351289537"},"geometry":{"type":"Polygon","coordinates":[[[-123.0978801,49.3631804],[-123.09808,49.3632094],[-123.0980576,49.3632752],[-123.0979716,49.3632627],[-123.0979462,49.3633375],[-123.0978001,49.3633163],[-123.0978403,49.363198],[-123.0978725,49.3632027],[-123.0978801,49.3631804]]]}},{"type":"Feature","id":"351289539","properties":{"kind":"building","name":"","osmWayId":"351289539"},"geometry":{"type":"Polygon","coordinates":[[[-123.0988464,49.3662907],[-123.0988829,49.3663004],[-123.098879,49.3663067],[-123.0989188,49.3663292],[-123.0988883,49.3663783],[-123.098746,49.3663406],[-123.0987747,49.3662944],[-123.0988342,49.3663102],[-123.0988464,49.3662907]]]}},{"type":"Feature","id":"351289540","properties":{"kind":"building","name":"","osmWayId":"351289540"},"geometry":{"type":"Polygon","coordinates":[[[-123.0942673,49.3636998],[-123.0943054,49.3637354],[-123.0942908,49.3637421],[-123.094384,49.3638198],[-123.0942567,49.3638785],[-123.0941699,49.3637983],[-123.0941562,49.3638046],[-123.0941228,49.3637654],[-123.0942673,49.3636998]]]}},{"type":"Feature","id":"351289548","properties":{"kind":"building","name":"","osmWayId":"351289548"},"geometry":{"type":"Polygon","coordinates":[[[-123.0983475,49.3675705],[-123.098439,49.3676227],[-123.0984488,49.3676154],[-123.0985133,49.3676626],[-123.0985145,49.3676636],[-123.0984003,49.3677489],[-123.0982387,49.3676566],[-123.0983064,49.367606],[-123.0983027,49.3676039],[-123.0983475,49.3675705]]]}},{"type":"Feature","id":"351289558","properties":{"kind":"building","name":"","osmWayId":"351289558"},"geometry":{"type":"Polygon","coordinates":[[[-123.099846,49.3674253],[-123.0999892,49.3674881],[-123.0999166,49.3675587],[-123.0999136,49.3675574],[-123.0998737,49.3675962],[-123.0998097,49.3675681],[-123.0998023,49.3675754],[-123.0997178,49.3675384],[-123.0997783,49.3674912],[-123.099846,49.3674253]]]}},{"type":"Feature","id":"351289566","properties":{"kind":"building","name":"","osmWayId":"351289566"},"geometry":{"type":"Polygon","coordinates":[[[-123.0975349,49.3675729],[-123.0978241,49.3676891],[-123.0977628,49.3677542],[-123.0976793,49.3677207],[-123.0976622,49.3677388],[-123.0975547,49.3676956],[-123.0975585,49.3676915],[-123.0974604,49.3676521],[-123.0974736,49.3676381],[-123.0975349,49.3675729]]]}},{"type":"Feature","id":"351289567","properties":{"kind":"building","name":"","osmWayId":"351289567"},"geometry":{"type":"Polygon","coordinates":[[[-123.0979204,49.366348],[-123.0979636,49.3663824],[-123.0979865,49.3663997],[-123.0978782,49.366461],[-123.0977427,49.3663588],[-123.0977987,49.3663271],[-123.0978461,49.3663628],[-123.0978847,49.366341],[-123.0979055,49.3663567],[-123.0979204,49.366348]]]}},{"type":"Feature","id":"351289576","properties":{"kind":"stream","name":"Grousewoods Spur","osmWayId":"351289576"},"geometry":{"type":"LineString","coordinates":[[-123.0978474,49.3653559],[-123.0980383,49.3653278],[-123.0983301,49.3652807],[-123.0985734,49.3651899],[-123.0987202,49.3650867],[-123.0988791,49.3650155],[-123.0992655,49.364917],[-123.0994965,49.3647572],[-123.0997466,49.3645478],[-123.0998342,49.3644315],[-123.0998153,49.3642927],[-123.0997539,49.3640811],[-123.0997957,49.3639458],[-123.0998232,49.3637664],[-123.0998146,49.3637035],[-123.0999052,49.3636057],[-123.1000342,49.3635004],[-123.1001489,49.3633564],[-123.1002306,49.3631855],[-123.1001717,49.3630955],[-123.1001791,49.3629389],[-123.1000726,49.3626963],[-123.1001249,49.3625244],[-123.100252,49.362348],[-123.1002604,49.3622909],[-123.1001924,49.3621371],[-123.1001366,49.3620659]]}},{"type":"Feature","id":"351289577","properties":{"kind":"stream","name":"Grousewoods Spur","osmWayId":"351289577"},"geometry":{"type":"LineString","coordinates":[[-123.0964253,49.3670091],[-123.0964835,49.3669537],[-123.0965931,49.3668185],[-123.0967023,49.3666376],[-123.0967432,49.3665578],[-123.0968813,49.3663684]]}},{"type":"Feature","id":"375762310","properties":{"kind":"wood","name":"","osmWayId":"375762310"},"geometry":{"type":"Polygon","coordinates":[[[-123.0768604,49.3985288],[-123.0774023,49.3985658],[-123.0780502,49.3989291],[-123.0774676,49.3990402],[-123.0770337,49.3990169],[-123.0768819,49.3987383],[-123.0768604,49.3985288]]]}},{"type":"Feature","id":"392390960","properties":{"kind":"path","name":"","osmWayId":"392390960"},"geometry":{"type":"LineString","coordinates":[[-123.07487,49.3874552],[-123.0747841,49.3874932],[-123.0746123,49.3875144],[-123.0744887,49.3875202],[-123.0743707,49.3874815],[-123.0741219,49.3873802],[-123.0739418,49.3873715]]}},{"type":"Feature","id":"392390961","properties":{"kind":"path","name":"","osmWayId":"392390961"},"geometry":{"type":"LineString","coordinates":[[-123.0756811,49.3872704],[-123.075841,49.3872936],[-123.0759582,49.3872851],[-123.0760488,49.3873184],[-123.07623,49.3872848],[-123.0765197,49.3871381],[-123.0767342,49.387187],[-123.0768844,49.3873546],[-123.076863,49.3875991],[-123.0766741,49.3878258],[-123.0766539,49.3879123],[-123.0765994,49.3879648],[-123.0765134,49.3879891],[-123.0764543,49.3880194],[-123.076393,49.3880599],[-123.0763374,49.3881078],[-123.0763143,49.3881478],[-123.0763107,49.3881879],[-123.0763368,49.3882304],[-123.0764369,49.3882826],[-123.0764554,49.3883731],[-123.0765087,49.3884008],[-123.076555,49.3884689],[-123.0766396,49.3884901],[-123.0767482,49.3885135],[-123.0768877,49.3885138],[-123.0769678,49.3884966],[-123.0770584,49.3885074],[-123.0770997,49.3885441],[-123.0771412,49.3886007],[-123.0772199,49.3886817],[-123.0773232,49.3887276],[-123.0775123,49.3888212],[-123.07773,49.3888758]]}},{"type":"Feature","id":"392390966","properties":{"kind":"path","name":"Teddy Bear Lane","osmWayId":"392390966"},"geometry":{"type":"LineString","coordinates":[[-123.078647,49.3830534],[-123.0787001,49.3830815],[-123.0787977,49.3830912],[-123.0789214,49.3830857],[-123.0790497,49.3830587],[-123.0790986,49.38303],[-123.0792021,49.3829642],[-123.0792766,49.3829051],[-123.0793226,49.3828636]]}},{"type":"Feature","id":"392390967","properties":{"kind":"path","name":"Teddy Bear Lane","osmWayId":"392390967"},"geometry":{"type":"LineString","coordinates":[[-123.0793226,49.3828636],[-123.0794306,49.3827991],[-123.079505,49.3827546],[-123.0797844,49.3826462],[-123.0799866,49.3825665],[-123.0800721,49.3825206],[-123.0801031,49.382444],[-123.0801523,49.3824118],[-123.0804527,49.382218],[-123.0805371,49.3821299]]}},{"type":"Feature","id":"399981661","properties":{"kind":"building","name":"","osmWayId":"399981661"},"geometry":{"type":"Polygon","coordinates":[[[-123.0945256,49.36309],[-123.0944397,49.363111],[-123.0944558,49.3631337],[-123.0943271,49.3631546],[-123.0942681,49.3630586],[-123.09448,49.3630114],[-123.0945256,49.36309]]]}},{"type":"Feature","id":"401335621","properties":{"kind":"wood","name":"","osmWayId":"401335621"},"geometry":{"type":"Polygon","coordinates":[[[-123.0940156,49.364089],[-123.0941521,49.3640079],[-123.0942275,49.3641137],[-123.0943556,49.3642502],[-123.0944894,49.3643929],[-123.0946214,49.3645336],[-123.0950797,49.364379],[-123.0951293,49.3644131],[-123.0951226,49.3644768],[-123.0949496,49.3645581],[-123.0949053,49.3646856],[-123.095022,49.3647712],[-123.0950233,49.3649022],[-123.0951253,49.3650428],[-123.0952339,49.3651459],[-123.0954042,49.3651642],[-123.0954471,49.3652437],[-123.0955195,49.3653293],[-123.0957234,49.3653659],[-123.095887,49.3653345],[-123.096056,49.3653834],[-123.0959648,49.3655371],[-123.0957717,49.3656297],[-123.0958629,49.365717],[-123.0958173,49.3659074],[-123.0957985,49.3660297],[-123.0958307,49.3663686],[-123.0958951,49.3665293],[-123.0959272,49.3666201],[-123.0958924,49.3666847],[-123.0957958,49.366662],[-123.0956885,49.3665502],[-123.0956349,49.3664192],[-123.0956617,49.3663057],[-123.0955651,49.3661921],[-123.0956322,49.3659895],[-123.0955222,49.3659022],[-123.0955356,49.3657694],[-123.0954927,49.3657345],[-123.0954176,49.3657293],[-123.095541,49.3656786],[-123.0955732,49.365607],[-123.0954605,49.3654847],[-123.095203,49.3654201],[-123.0949616,49.3654236],[-123.0948839,49.3654742],[-123.09479,49.365483],[-123.0946505,49.365607],[-123.0947256,49.3656542],[-123.0947578,49.3656961],[-123.0946854,49.3657817],[-123.0947819,49.3658777],[-123.0947712,49.3660349],[-123.0948088,49.3660821],[-123.094739,49.3661747],[-123.0947739,49.3662917],[-123.0948544,49.3664402],[-123.0950046,49.3665625],[-123.0949724,49.3666515],[-123.0950582,49.3667336],[-123.0950797,49.3668314],[-123.0951977,49.3668751],[-123.0951977,49.366945],[-123.0952996,49.3669799],[-123.0953023,49.3670568],[-123.0952299,49.3671127],[-123.0950475,49.36709],[-123.0946291,49.366793],[-123.0944279,49.3665782],[-123.0942321,49.3664472],[-123.0941945,49.3663546],[-123.0939558,49.3661642],[-123.0935937,49.365883],[-123.0935347,49.3658044],[-123.0934382,49.365745],[-123.0934408,49.3657048],[-123.0935293,49.3656786],[-123.0937868,49.3656437],[-123.0937761,49.3655249],[-123.0939773,49.365476],[-123.0941623,49.3656402],[-123.0944279,49.3656559],[-123.0944896,49.36549],[-123.0946022,49.365462],[-123.0946425,49.3653729],[-123.0947658,49.365317],[-123.0948576,49.365229],[-123.0947076,49.3650974],[-123.0945137,49.3649668],[-123.09444,49.3648114],[-123.094271,49.3646742],[-123.094216,49.3646716],[-123.0937981,49.3648736],[-123.0937721,49.3648655],[-123.0937349,49.3648445],[-123.0940593,49.3645892],[-123.0939591,49.3645033],[-123.0938123,49.3643775],[-123.0937476,49.3642938],[-123.0937983,49.3642123],[-123.094,49.364098],[-123.0940156,49.364089]]]}},{"type":"Feature","id":"401335632","properties":{"kind":"wood","name":"","osmWayId":"401335632"},"geometry":{"type":"Polygon","coordinates":[[[-123.0947126,49.3631898],[-123.0949668,49.3630052],[-123.0945505,49.362816],[-123.0945521,49.3628146],[-123.0945863,49.3627844],[-123.094589,49.3627855],[-123.0950147,49.3629683],[-123.0951927,49.3628428],[-123.0952555,49.3628861],[-123.0954387,49.3629585],[-123.0956544,49.3630437],[-123.0960454,49.3628186],[-123.0960481,49.362817],[-123.0960614,49.3628223],[-123.0962256,49.362887],[-123.0960556,49.363069],[-123.0959615,49.3631698],[-123.0960526,49.3631979],[-123.0962527,49.3632598],[-123.0965615,49.3633159],[-123.0968738,49.3633385],[-123.0968801,49.3634544],[-123.0963871,49.3634561],[-123.0964402,49.3633465],[-123.0960509,49.363271],[-123.0958764,49.3632372],[-123.09575,49.3631221],[-123.0955038,49.3631092],[-123.0951377,49.3631525],[-123.094878,49.3632736],[-123.0946711,49.36337],[-123.0944761,49.3634609],[-123.094469,49.3634642],[-123.0944496,49.3634733],[-123.0944267,49.3634839],[-123.094412,49.3634722],[-123.0944088,49.3634689],[-123.0944044,49.3634645],[-123.0944011,49.3634614],[-123.094365,49.3634261],[-123.0943284,49.3633805],[-123.0942992,49.3633327],[-123.0943803,49.3633051],[-123.0947126,49.3631898]]]}},{"type":"Feature","id":"421569123","properties":{"kind":"path","name":"","osmWayId":"421569123"},"geometry":{"type":"LineString","coordinates":[[-123.0987235,49.3659319],[-123.0989647,49.3657025],[-123.0991846,49.3655557],[-123.0992235,49.3655007],[-123.0992168,49.3653828],[-123.0991302,49.3652729],[-123.0989197,49.3652248],[-123.0988649,49.3652274],[-123.0987333,49.3652336],[-123.0986166,49.3653742],[-123.0985401,49.3654283],[-123.0983266,49.365527]]}},{"type":"Feature","id":"421569124","properties":{"kind":"path","name":"","osmWayId":"421569124"},"geometry":{"type":"LineString","coordinates":[[-123.0991982,49.3655826],[-123.0992797,49.3656513]]}},{"type":"Feature","id":"421569126","properties":{"kind":"path","name":"","osmWayId":"421569126"},"geometry":{"type":"LineString","coordinates":[[-123.0997373,49.3642629],[-123.0998606,49.3642641]]}},{"type":"Feature","id":"421569130","properties":{"kind":"path","name":"","osmWayId":"421569130"},"geometry":{"type":"LineString","coordinates":[[-123.0997024,49.3642626],[-123.0997373,49.3642629]]}},{"type":"Feature","id":"421569132","properties":{"kind":"path","name":"","osmWayId":"421569132"},"geometry":{"type":"LineString","coordinates":[[-123.0996715,49.3636816],[-123.0995121,49.3637612]]}},{"type":"Feature","id":"421569134","properties":{"kind":"path","name":"","osmWayId":"421569134"},"geometry":{"type":"LineString","coordinates":[[-123.0986182,49.3651176],[-123.098667,49.3651718]]}},{"type":"Feature","id":"421569136","properties":{"kind":"path","name":"","osmWayId":"421569136"},"geometry":{"type":"LineString","coordinates":[[-123.0991846,49.3655557],[-123.0991982,49.3655826]]}},{"type":"Feature","id":"421569138","properties":{"kind":"path","name":"","osmWayId":"421569138"},"geometry":{"type":"LineString","coordinates":[[-123.0985851,49.3660739],[-123.0987235,49.3659319]]}},{"type":"Feature","id":"421569139","properties":{"kind":"path","name":"","osmWayId":"421569139"},"geometry":{"type":"LineString","coordinates":[[-123.0996354,49.3645586],[-123.0995334,49.3646657]]}},{"type":"Feature","id":"421569140","properties":{"kind":"path","name":"","osmWayId":"421569140"},"geometry":{"type":"LineString","coordinates":[[-123.0972041,49.366922],[-123.0974877,49.3668988],[-123.0976242,49.3668577],[-123.0978865,49.3667228],[-123.0980212,49.3665847],[-123.0981631,49.3665578],[-123.0982573,49.3665946],[-123.0984042,49.3667049],[-123.0985733,49.3667816],[-123.0987315,49.3668453],[-123.0988953,49.3669079],[-123.0990177,49.3669294],[-123.0991317,49.3669392],[-123.0992531,49.3668938],[-123.0993233,49.3669169],[-123.0994231,49.3669725],[-123.0995753,49.3670596],[-123.0996026,49.3670693]]}},{"type":"Feature","id":"421569141","properties":{"kind":"path","name":"","osmWayId":"421569141"},"geometry":{"type":"LineString","coordinates":[[-123.098667,49.3651718],[-123.0987038,49.3652126],[-123.0987333,49.3652336]]}},{"type":"Feature","id":"421569142","properties":{"kind":"path","name":"","osmWayId":"421569142"},"geometry":{"type":"LineString","coordinates":[[-123.099048,49.3649278],[-123.0990237,49.3648403],[-123.0985109,49.3644967]]}},{"type":"Feature","id":"421569146","properties":{"kind":"path","name":"","osmWayId":"421569146"},"geometry":{"type":"LineString","coordinates":[[-123.0974757,49.3663568],[-123.0974814,49.3662979],[-123.0976079,49.3662421]]}},{"type":"Feature","id":"421569148","properties":{"kind":"path","name":"","osmWayId":"421569148"},"geometry":{"type":"LineString","coordinates":[[-123.0981631,49.3665578],[-123.0983703,49.3663427],[-123.0985543,49.3661033],[-123.0985851,49.3660739]]}},{"type":"Feature","id":"421569152","properties":{"kind":"path","name":"","osmWayId":"421569152"},"geometry":{"type":"LineString","coordinates":[[-123.0978865,49.3667228],[-123.0975689,49.3664206],[-123.0974757,49.3663568],[-123.0972601,49.3663335],[-123.0969527,49.3663611]]}},{"type":"Feature","id":"421569153","properties":{"kind":"path","name":"","osmWayId":"421569153"},"geometry":{"type":"LineString","coordinates":[[-123.0992797,49.3656513],[-123.0992885,49.3657625],[-123.0992955,49.3658509],[-123.0992877,49.3658844],[-123.0993937,49.366055]]}},{"type":"Feature","id":"421569154","properties":{"kind":"path","name":"","osmWayId":"421569154"},"geometry":{"type":"LineString","coordinates":[[-123.0964788,49.3659647],[-123.0966496,49.3662559],[-123.0967066,49.3663832],[-123.0967141,49.3664064],[-123.0970096,49.3667323],[-123.0971317,49.3667709]]}},{"type":"Feature","id":"421569155","properties":{"kind":"path","name":"","osmWayId":"421569155"},"geometry":{"type":"LineString","coordinates":[[-123.0995334,49.3646657],[-123.099461,49.3647706],[-123.099178,49.3649068],[-123.099048,49.3649278],[-123.0988292,49.3649989],[-123.0987233,49.3650531],[-123.0985991,49.3650964],[-123.0986182,49.3651176]]}},{"type":"Feature","id":"421569157","properties":{"kind":"path","name":"","osmWayId":"421569157"},"geometry":{"type":"LineString","coordinates":[[-123.1001114,49.3631699],[-123.1001038,49.3631995],[-123.100089,49.3633304],[-123.1000158,49.3634384],[-123.099886,49.3634766],[-123.0998068,49.3635716],[-123.0996715,49.3636816],[-123.0995933,49.3637968],[-123.0995759,49.36394],[-123.0996725,49.3640641],[-123.0997024,49.3642626],[-123.0996354,49.3645586]]}},{"type":"Feature","id":"421569158","properties":{"kind":"path","name":"","osmWayId":"421569158"},"geometry":{"type":"LineString","coordinates":[[-123.0984648,49.365846],[-123.0985102,49.3657531],[-123.0985234,49.365726],[-123.0984429,49.3656212],[-123.0983266,49.365527],[-123.0982243,49.3654517],[-123.0980916,49.3653941],[-123.097944,49.3654098],[-123.0978463,49.3654375]]}},{"type":"Feature","id":"421569159","properties":{"kind":"path","name":"","osmWayId":"421569159"},"geometry":{"type":"LineString","coordinates":[[-123.0998606,49.3642641],[-123.1002214,49.3642678],[-123.100362,49.3642549],[-123.1006578,49.3642382],[-123.1009294,49.3642436],[-123.1011493,49.3642836],[-123.1013862,49.36436],[-123.1014832,49.3644942],[-123.1015846,49.3646004]]}},{"type":"Feature","id":"421569160","properties":{"kind":"stream","name":"Mackay Creek","osmWayId":"421569160"},"geometry":{"type":"LineString","coordinates":[[-123.0997963,49.3684209],[-123.1000873,49.3682008],[-123.1005638,49.367708],[-123.1007837,49.3673711],[-123.1010412,49.3669502],[-123.1011645,49.3667843],[-123.1011516,49.3663553],[-123.10119,49.3660152]]}},{"type":"Feature","id":"424132710","properties":{"kind":"path","name":"","osmWayId":"424132710"},"geometry":{"type":"LineString","coordinates":[[-123.0938964,49.3652219],[-123.0943422,49.3653424]]}},{"type":"Feature","id":"424132712","properties":{"kind":"path","name":"","osmWayId":"424132712"},"geometry":{"type":"LineString","coordinates":[[-123.0958994,49.3630889],[-123.095924,49.3632133]]}},{"type":"Feature","id":"424132714","properties":{"kind":"path","name":"","osmWayId":"424132714"},"geometry":{"type":"LineString","coordinates":[[-123.0958994,49.3630889],[-123.0958455,49.3630846]]}},{"type":"Feature","id":"424132715","properties":{"kind":"path","name":"","osmWayId":"424132715"},"geometry":{"type":"LineString","coordinates":[[-123.0963052,49.36369],[-123.0962423,49.3636945]]}},{"type":"Feature","id":"424132717","properties":{"kind":"path","name":"","osmWayId":"424132717"},"geometry":{"type":"LineString","coordinates":[[-123.0967857,49.3636445],[-123.0967872,49.3634602]]}},{"type":"Feature","id":"424132719","properties":{"kind":"path","name":"","osmWayId":"424132719"},"geometry":{"type":"LineString","coordinates":[[-123.0958455,49.3630846],[-123.0958016,49.3630811]]}},{"type":"Feature","id":"424132720","properties":{"kind":"path","name":"","osmWayId":"424132720"},"geometry":{"type":"LineString","coordinates":[[-123.0962423,49.3636945],[-123.096062,49.3636945],[-123.0958972,49.3636778],[-123.0956715,49.3635626]]}},{"type":"Feature","id":"424132722","properties":{"kind":"path","name":"","osmWayId":"424132722"},"geometry":{"type":"LineString","coordinates":[[-123.0967857,49.3636445],[-123.0966533,49.3635931],[-123.0965194,49.3635998],[-123.0964041,49.3636454],[-123.0963052,49.36369]]}},{"type":"Feature","id":"424132724","properties":{"kind":"path","name":"","osmWayId":"424132724"},"geometry":{"type":"LineString","coordinates":[[-123.0958016,49.3630811],[-123.0956323,49.3630674],[-123.0953954,49.3630548],[-123.0951225,49.3630608],[-123.0949639,49.3631521],[-123.0947888,49.3632419],[-123.0945622,49.3633211],[-123.0943696,49.3633332],[-123.0941458,49.3632884]]}},{"type":"Feature","id":"424132725","properties":{"kind":"stream","name":"","osmWayId":"424132725"},"geometry":{"type":"LineString","coordinates":[[-123.0959514,49.3639589],[-123.096025,49.3637692],[-123.0962434,49.3637138],[-123.0964005,49.3635743],[-123.0964947,49.3635371],[-123.0967831,49.3634106],[-123.0967522,49.3633717]]}},{"type":"Feature","id":"426185551","properties":{"kind":"path","name":"","osmWayId":"426185551"},"geometry":{"type":"LineString","coordinates":[[-123.0696282,49.3834672],[-123.0689291,49.3845037],[-123.0687699,49.3847411],[-123.0677907,49.3855712]]}},{"type":"Feature","id":"444644264","properties":{"kind":"path","name":"Baden Powell Trail","osmWayId":"444644264"},"geometry":{"type":"LineString","coordinates":[[-123.0873061,49.3661162],[-123.0875351,49.3662278],[-123.0877276,49.3662906],[-123.0878223,49.3663482],[-123.0878743,49.3664082],[-123.0879294,49.3664662],[-123.0880553,49.3665551],[-123.088217,49.3667177],[-123.0883137,49.3667478],[-123.0883876,49.3667867],[-123.0884211,49.3668263],[-123.0884318,49.3668765],[-123.088429,49.36694],[-123.0885501,49.3670509],[-123.08862,49.3671705],[-123.088811,49.3672889],[-123.0889314,49.3674434],[-123.0891329,49.3676018],[-123.0891401,49.3676357],[-123.08913,49.3677001],[-123.089164,49.3677893],[-123.089276,49.3679732],[-123.089393,49.3681007],[-123.0895933,49.3682353],[-123.0897685,49.3683124],[-123.0900863,49.3684436],[-123.0902148,49.3685273],[-123.0903557,49.3686655],[-123.0905564,49.3687819],[-123.0907603,49.3689165],[-123.091007,49.3690457],[-123.0911963,49.3691744],[-123.0913356,49.3692913],[-123.0913901,49.3693225],[-123.0914338,49.3693226],[-123.0914624,49.369316],[-123.0914786,49.3692924],[-123.0915007,49.3692654],[-123.0915157,49.3692287],[-123.0915409,49.3692185],[-123.0915739,49.3692253],[-123.0917368,49.3693694],[-123.0919679,49.3694967],[-123.0920034,49.3695215],[-123.0920465,49.3695353],[-123.0920942,49.3695306],[-123.0921462,49.3695183],[-123.0922188,49.3695282],[-123.0923721,49.369591],[-123.0925761,49.3697364],[-123.0927197,49.3697869],[-123.0929038,49.3698879],[-123.0931103,49.3699568],[-123.0935068,49.3700569],[-123.0938486,49.3701714],[-123.0941894,49.3702359],[-123.0945373,49.370247],[-123.0947182,49.3702343],[-123.0949786,49.3702665],[-123.0953078,49.3703593],[-123.0954504,49.3703598],[-123.0955147,49.3703875],[-123.0955991,49.3704352]]}},{"type":"Feature","id":"450976542","properties":{"kind":"path","name":"","osmWayId":"450976542"},"geometry":{"type":"LineString","coordinates":[[-123.0823246,49.3902502],[-123.0825751,49.3897862]]}},{"type":"Feature","id":"456237945","properties":{"kind":"lift","name":"Red Skyride","osmWayId":"456237945"},"geometry":{"type":"LineString","coordinates":[[-123.0989551,49.372408],[-123.0910781,49.3761106],[-123.0843976,49.3792545],[-123.083459,49.3796959]]}},{"type":"Feature","id":"466206400","properties":{"kind":"building","name":"","osmWayId":"466206400"},"geometry":{"type":"Polygon","coordinates":[[[-123.0987845,49.3719129],[-123.0988136,49.3718991],[-123.0989101,49.3719853],[-123.0988394,49.3720189],[-123.0988507,49.3720289],[-123.0988872,49.3720116],[-123.0989961,49.3721089],[-123.0989596,49.3721262],[-123.0989935,49.3721565],[-123.0989843,49.3721963],[-123.0990902,49.3721461],[-123.0991422,49.3721925],[-123.099176,49.3722227],[-123.0993366,49.3723662],[-123.0990446,49.3725048],[-123.0988839,49.3723613],[-123.0991346,49.3722423],[-123.0991008,49.3722122],[-123.0990783,49.3721921],[-123.0989577,49.3722493],[-123.098944,49.3722371],[-123.0989295,49.3722241],[-123.0988907,49.3722203],[-123.0988943,49.3722048],[-123.0987522,49.3721908],[-123.0987735,49.3720992],[-123.0987916,49.372101],[-123.0986607,49.3719841],[-123.0985281,49.3720703],[-123.0984049,49.3719617],[-123.0987066,49.3718312],[-123.0987845,49.3719129]]]}},{"type":"Feature","id":"466206928","properties":{"kind":"building","name":"","osmWayId":"466206928"},"geometry":{"type":"Polygon","coordinates":[[[-123.0825215,49.3795866],[-123.082638,49.3795341],[-123.0825829,49.3794822],[-123.0824663,49.3795348],[-123.0825215,49.3795866]]]}},{"type":"Feature","id":"470457850","properties":{"kind":"path","name":"","osmWayId":"470457850"},"geometry":{"type":"LineString","coordinates":[[-123.0963277,49.3670528],[-123.0962065,49.3671311],[-123.0961005,49.367256],[-123.0958793,49.3673303],[-123.09567,49.3673818],[-123.0954903,49.3674447],[-123.0952623,49.3675372],[-123.0950078,49.3676148]]}},{"type":"Feature","id":"470457852","properties":{"kind":"path","name":"","osmWayId":"470457852"},"geometry":{"type":"LineString","coordinates":[[-123.0970916,49.368546],[-123.0974309,49.3684168]]}},{"type":"Feature","id":"470457853","properties":{"kind":"path","name":"","osmWayId":"470457853"},"geometry":{"type":"LineString","coordinates":[[-123.0977263,49.3682626],[-123.0975047,49.3683539],[-123.0974309,49.3684168],[-123.0975302,49.3684814]]}},{"type":"Feature","id":"470457854","properties":{"kind":"path","name":"","osmWayId":"470457854"},"geometry":{"type":"LineString","coordinates":[[-123.0980353,49.3679822],[-123.098038,49.368198]]}},{"type":"Feature","id":"470457855","properties":{"kind":"path","name":"","osmWayId":"470457855"},"geometry":{"type":"LineString","coordinates":[[-123.0984285,49.368101],[-123.0986257,49.3679159],[-123.0987679,49.3677823],[-123.098803,49.3677419],[-123.0989089,49.3675419],[-123.0989709,49.3674425]]}},{"type":"Feature","id":"470457856","properties":{"kind":"path","name":"","osmWayId":"470457856"},"geometry":{"type":"LineString","coordinates":[[-123.0991317,49.3669392],[-123.0991381,49.3670301],[-123.0991274,49.367072],[-123.0991086,49.3671995],[-123.0989709,49.3674425]]}},{"type":"Feature","id":"470457857","properties":{"kind":"path","name":"","osmWayId":"470457857"},"geometry":{"type":"LineString","coordinates":[[-123.0992531,49.3668938],[-123.099234,49.3667878],[-123.0992152,49.3666939],[-123.0991696,49.3665249],[-123.0991192,49.3664387]]}},{"type":"Feature","id":"470457858","properties":{"kind":"path","name":"","osmWayId":"470457858"},"geometry":{"type":"LineString","coordinates":[[-123.0996026,49.3670693],[-123.0996851,49.3671005]]}},{"type":"Feature","id":"470457859","properties":{"kind":"path","name":"","osmWayId":"470457859"},"geometry":{"type":"LineString","coordinates":[[-123.0996851,49.3671005],[-123.0999549,49.3672289],[-123.100035,49.3672565],[-123.1003655,49.3673423],[-123.1004192,49.3673411],[-123.1005808,49.3673081],[-123.100793,49.3672963]]}},{"type":"Feature","id":"470457860","properties":{"kind":"path","name":"","osmWayId":"470457860"},"geometry":{"type":"LineString","coordinates":[[-123.0996953,49.3670292],[-123.0997836,49.3670073],[-123.1003148,49.366896]]}},{"type":"Feature","id":"470457861","properties":{"kind":"path","name":"","osmWayId":"470457861"},"geometry":{"type":"LineString","coordinates":[[-123.0996029,49.3670524],[-123.0996953,49.3670292]]}},{"type":"Feature","id":"470457862","properties":{"kind":"path","name":"","osmWayId":"470457862"},"geometry":{"type":"LineString","coordinates":[[-123.0995753,49.3670596],[-123.0996029,49.3670524]]}},{"type":"Feature","id":"476695116","properties":{"kind":"building","name":"","osmWayId":"476695116"},"geometry":{"type":"Polygon","coordinates":[[[-123.0995007,49.3677394],[-123.0993747,49.3676808],[-123.0992613,49.3677843],[-123.0993872,49.3678429],[-123.0995007,49.3677394]]]}},{"type":"Feature","id":"480136961","properties":{"kind":"path","name":"","osmWayId":"480136961"},"geometry":{"type":"LineString","coordinates":[[-123.079111,49.3820986],[-123.0789603,49.3819567],[-123.0787996,49.3819734],[-123.0785363,49.3819383]]}},{"type":"Feature","id":"480136963","properties":{"kind":"path","name":"","osmWayId":"480136963"},"geometry":{"type":"LineString","coordinates":[[-123.0781812,49.3830027],[-123.0782,49.3832015],[-123.0782303,49.3833153],[-123.0782902,49.3834211],[-123.0784546,49.3836532],[-123.0785498,49.3838933],[-123.0785794,49.3840061],[-123.0787724,49.3841897],[-123.0788245,49.3843064],[-123.0788457,49.3845027],[-123.0788734,49.3846305],[-123.0788313,49.384775],[-123.0788267,49.3848981],[-123.0789602,49.3850249],[-123.0790343,49.385163],[-123.0791618,49.3854169],[-123.0792209,49.3855244],[-123.0791885,49.3856503],[-123.0790838,49.385803],[-123.0790307,49.385936],[-123.0789258,49.3860599],[-123.0786847,49.3862418],[-123.0784809,49.3864392],[-123.0783027,49.3865652],[-123.0781697,49.3866972],[-123.0780694,49.3868348],[-123.0780147,49.3869269],[-123.0779826,49.3870282],[-123.0779666,49.3872639],[-123.0779482,49.3874182],[-123.0779044,49.3875671],[-123.0778115,49.3878066],[-123.0775489,49.388202],[-123.0775328,49.38833],[-123.0775604,49.3884606],[-123.0776276,49.3885831],[-123.0777042,49.3888021],[-123.07773,49.3888758]]}},{"type":"Feature","id":"480136964","properties":{"kind":"path","name":"","osmWayId":"480136964"},"geometry":{"type":"LineString","coordinates":[[-123.078647,49.3830534],[-123.0785641,49.3829835],[-123.0785231,49.3829303],[-123.0784444,49.3828169],[-123.0783484,49.3827075],[-123.0782888,49.382663]]}},{"type":"Feature","id":"480136966","properties":{"kind":"connector","name":"","osmWayId":"480136966"},"geometry":{"type":"LineString","coordinates":[[-123.0805371,49.3821299],[-123.080509,49.3819997],[-123.0804715,49.3818583]]}},{"type":"Feature","id":"480136969","properties":{"kind":"path","name":"Alpine Trail","osmWayId":"480136969"},"geometry":{"type":"LineString","coordinates":[[-123.0798442,49.3900098],[-123.0797144,49.3901496],[-123.0796071,49.3902434],[-123.0794678,49.390291],[-123.0793611,49.3903663],[-123.0792524,49.3904745],[-123.0796511,49.3906408],[-123.0796812,49.3906924],[-123.079683,49.3907937],[-123.0796587,49.3908478],[-123.0795734,49.3909184],[-123.0795361,49.3909602],[-123.0794981,49.391123],[-123.0794183,49.3913185],[-123.0794094,49.3914487],[-123.0794196,49.391641],[-123.0793647,49.391733],[-123.0793646,49.3917769],[-123.0793999,49.3919296],[-123.07938,49.3920231],[-123.0793028,49.3921393],[-123.0792642,49.3923022],[-123.0791902,49.3924742],[-123.079163,49.3925836],[-123.0790545,49.392807],[-123.0790649,49.3928736],[-123.0791058,49.3929447],[-123.0791131,49.3930206],[-123.0791277,49.3930569],[-123.0791622,49.3930757],[-123.0792357,49.3931054],[-123.0792772,49.3931643],[-123.0792969,49.3932694],[-123.0792798,49.3933936],[-123.0792757,49.3935106],[-123.0792381,49.393617],[-123.0792478,49.3936675],[-123.0792886,49.3937449],[-123.0792865,49.3937935],[-123.0792687,49.3938423],[-123.0792703,49.3938946],[-123.0793077,49.3939475],[-123.0793847,49.3940394],[-123.0794408,49.3940851],[-123.0794699,49.3941394],[-123.0794668,49.394181],[-123.0794309,49.3942645],[-123.0794128,49.3943557],[-123.0794106,49.3944609],[-123.0794373,49.3945587],[-123.079493,49.3946701],[-123.0794924,49.3948108],[-123.0795643,49.3949467]]}},{"type":"Feature","id":"480136970","properties":{"kind":"path","name":"Ridge Trail","osmWayId":"480136970"},"geometry":{"type":"LineString","coordinates":[[-123.0810893,49.3942982],[-123.0810765,49.394257],[-123.081118,49.394207],[-123.0811127,49.394153],[-123.0811406,49.3941187],[-123.0811538,49.3940771],[-123.0811002,49.3940269],[-123.0810495,49.3939734],[-123.0810653,49.3939443],[-123.0811034,49.3939279],[-123.0811746,49.3939334],[-123.0812294,49.3939311],[-123.0812367,49.3939035],[-123.0811945,49.3938597],[-123.0811235,49.3938296],[-123.0811135,49.3938088],[-123.081124,49.3937571],[-123.0811076,49.3937265],[-123.0810774,49.3937153],[-123.0809881,49.3937471],[-123.0809649,49.3937442],[-123.080945,49.3937039],[-123.08097,49.3936102],[-123.0810303,49.3935319],[-123.0810601,49.393488],[-123.0810819,49.3934369],[-123.0810619,49.3933976],[-123.0810698,49.3933653],[-123.0811448,49.3933204],[-123.0811493,49.3932975],[-123.0811117,49.3932494],[-123.0810729,49.3931924],[-123.0810843,49.3931701],[-123.0811287,49.3931379],[-123.0811374,49.3931038],[-123.0811163,49.3930305],[-123.0810879,49.3929523],[-123.0811059,49.3929153],[-123.0811299,49.3928905],[-123.0811377,49.3928809],[-123.0811371,49.3928708],[-123.0811231,49.3928611],[-123.0811003,49.3928602],[-123.0810354,49.3928505],[-123.0809529,49.3928416],[-123.0809167,49.3928196],[-123.0808894,49.3927886],[-123.0808515,49.3927568],[-123.0808322,49.3927125],[-123.0808327,49.3926719],[-123.0808779,49.3926146],[-123.0809102,49.3924864],[-123.0808826,49.3923805],[-123.0808739,49.392113],[-123.0808834,49.3920359],[-123.0808657,49.3919209],[-123.0808584,49.3918406],[-123.0808856,49.3917613],[-123.0808464,49.3915168],[-123.0808521,49.3912318],[-123.0808859,49.3910605],[-123.080837,49.3909463],[-123.0808387,49.3908245],[-123.0807936,49.3907243],[-123.0807247,49.3904589],[-123.0806261,49.3903735],[-123.0804832,49.3902832],[-123.080373,49.39019],[-123.080271,49.3901514],[-123.0801567,49.3901449],[-123.0800263,49.3901054],[-123.079971,49.3900542],[-123.0799106,49.3900255],[-123.0798442,49.3900098]]}},{"type":"Feature","id":"480136971","properties":{"kind":"path","name":"Alpine Trail","osmWayId":"480136971"},"geometry":{"type":"LineString","coordinates":[[-123.0813689,49.3965997],[-123.0815235,49.3967418],[-123.0816916,49.3969865],[-123.0817178,49.3971252],[-123.0815929,49.3974212],[-123.0815923,49.3975465],[-123.0816416,49.3977111],[-123.0816662,49.3977762],[-123.0817295,49.3978181],[-123.0817531,49.3978416],[-123.08175,49.3978743],[-123.0817213,49.3979089],[-123.081722,49.3979605],[-123.0817835,49.3980086],[-123.0819796,49.3980891],[-123.0821468,49.3982776],[-123.0823564,49.398424],[-123.0824012,49.3983086],[-123.0826921,49.3983999],[-123.0829146,49.3984434],[-123.0831174,49.3985237],[-123.0832816,49.3985675],[-123.0833418,49.3985835],[-123.0833709,49.3986592],[-123.0833501,49.3987541],[-123.0832793,49.3988204],[-123.0832858,49.3988904],[-123.0833018,49.3989832],[-123.0833005,49.3991543]]}},{"type":"Feature","id":"480136972","properties":{"kind":"path","name":"Alpine Trail","osmWayId":"480136972"},"geometry":{"type":"LineString","coordinates":[[-123.0795643,49.3949467],[-123.0796641,49.3951346],[-123.0798134,49.3953395],[-123.0799157,49.3955441],[-123.0799316,49.3955758],[-123.0800522,49.3957207],[-123.0801281,49.3959412],[-123.0802335,49.3961697],[-123.080276,49.3962778],[-123.0803704,49.3963598],[-123.0806345,49.3964571],[-123.0808053,49.3964853],[-123.0809281,49.3965444],[-123.0810236,49.3965849],[-123.0811149,49.3966038],[-123.081261,49.3966038],[-123.0813689,49.3965997]]}},{"type":"Feature","id":"480136973","properties":{"kind":"path","name":"Dam Mountain Loop","osmWayId":"480136973"},"geometry":{"type":"LineString","coordinates":[[-123.0794668,49.394181],[-123.0795882,49.3941068],[-123.0796475,49.3940446],[-123.0796415,49.3939853],[-123.0796622,49.393932],[-123.0797314,49.3938955],[-123.0797882,49.3938419],[-123.0798671,49.3938053],[-123.0799373,49.3937515],[-123.0799664,49.393668],[-123.0800415,49.3936239],[-123.0800983,49.393563],[-123.0801782,49.3935265],[-123.0802242,49.3934887],[-123.0802594,49.3934413],[-123.0803482,49.3934106],[-123.0804201,49.3933452],[-123.0804816,49.3932786],[-123.0805744,49.3932296],[-123.0806447,49.3931979],[-123.0807243,49.3931757],[-123.0809503,49.3931706],[-123.0810843,49.3931701]]}},{"type":"Feature","id":"480170348","properties":{"kind":"wood","name":"","osmWayId":"480170348"},"geometry":{"type":"Polygon","coordinates":[[[-123.0817916,49.384352],[-123.0814751,49.3843101],[-123.0814912,49.3844463],[-123.0813356,49.3844742],[-123.0809816,49.3844393],[-123.0809923,49.3845336],[-123.0811908,49.3846418],[-123.0815448,49.3845929],[-123.081797,49.384544],[-123.0817916,49.384352]]]}},{"type":"Feature","id":"500855014","properties":{"kind":"path","name":"Deerhorn Place","osmWayId":"500855014"},"geometry":{"type":"LineString","coordinates":[[-123.0977808,49.3646168],[-123.0977325,49.3644533]]}},{"type":"Feature","id":"500979340","properties":{"kind":"path","name":"","osmWayId":"500979340"},"geometry":{"type":"LineString","coordinates":[[-123.0985395,49.3683071],[-123.0986121,49.3685135]]}},{"type":"Feature","id":"508408276","properties":{"kind":"path","name":"","osmWayId":"508408276"},"geometry":{"type":"LineString","coordinates":[[-123.099535,49.3732528],[-123.099771,49.3731607],[-123.0998233,49.3731397],[-123.1000357,49.3730552],[-123.1000464,49.3730504],[-123.1001535,49.3729853],[-123.1001678,49.3729078],[-123.1001321,49.3728009],[-123.0999964,49.3726599],[-123.0999536,49.3725979],[-123.0999185,49.3724473],[-123.0999131,49.3724243],[-123.0997513,49.3721826],[-123.0997053,49.3721254]]}},{"type":"Feature","id":"508408277","properties":{"kind":"path","name":"","osmWayId":"508408277"},"geometry":{"type":"LineString","coordinates":[[-123.0988326,49.3712222],[-123.0987477,49.3713847],[-123.0986517,49.3715603]]}},{"type":"Feature","id":"508426212","properties":{"kind":"path","name":"","osmWayId":"508426212"},"geometry":{"type":"LineString","coordinates":[[-123.0997053,49.3721254],[-123.0994657,49.3718277],[-123.0992896,49.3716666],[-123.0990754,49.3714294],[-123.0989183,49.3713396],[-123.0988326,49.3712222]]}},{"type":"Feature","id":"543829655","properties":{"kind":"path","name":"","osmWayId":"543829655"},"geometry":{"type":"LineString","coordinates":[[-123.0903521,49.3617973],[-123.0904019,49.3619597],[-123.0904716,49.3621571],[-123.0904529,49.3624104],[-123.0906031,49.3625396],[-123.0907318,49.3627597],[-123.0908605,49.3628715],[-123.0908471,49.363158],[-123.0908316,49.3632241],[-123.0908015,49.3633554],[-123.0906674,49.3635528],[-123.0906127,49.3635809]]}},{"type":"Feature","id":"543829656","properties":{"kind":"path","name":"","osmWayId":"543829656"},"geometry":{"type":"LineString","coordinates":[[-123.0898596,49.3634832],[-123.0899379,49.3634637],[-123.0899835,49.3634427],[-123.090131,49.3634497],[-123.0903509,49.3635161],[-123.0905682,49.3635528],[-123.0906127,49.3635809],[-123.0906567,49.3636087],[-123.0907881,49.3637275]]}},{"type":"Feature","id":"553161846","properties":{"kind":"path","name":"","osmWayId":"553161846"},"geometry":{"type":"LineString","coordinates":[[-123.0956715,49.3635626],[-123.0957288,49.3636698],[-123.0958065,49.363758],[-123.0958937,49.3638122]]}},{"type":"Feature","id":"553161848","properties":{"kind":"path","name":"","osmWayId":"553161848"},"geometry":{"type":"LineString","coordinates":[[-123.099257,49.3684981],[-123.0992987,49.3683397]]}},{"type":"Feature","id":"598623033","properties":{"kind":"path","name":"","osmWayId":"598623033"},"geometry":{"type":"LineString","coordinates":[[-123.0792689,49.3826896],[-123.0793218,49.3825838]]}},{"type":"Feature","id":"598623034","properties":{"kind":"path","name":"","osmWayId":"598623034"},"geometry":{"type":"LineString","coordinates":[[-123.0794306,49.3827991],[-123.0793194,49.3827853],[-123.0792598,49.3827607],[-123.0792549,49.3827272],[-123.0792689,49.3826896]]}},{"type":"Feature","id":"631444033","properties":{"kind":"path","name":"","osmWayId":"631444033"},"geometry":{"type":"LineString","coordinates":[[-123.0986593,49.3722063],[-123.0986188,49.3722254]]}},{"type":"Feature","id":"631444034","properties":{"kind":"path","name":"","osmWayId":"631444034"},"geometry":{"type":"LineString","coordinates":[[-123.0986593,49.3722063],[-123.0986627,49.3721342]]}},{"type":"Feature","id":"631444035","properties":{"kind":"path","name":"","osmWayId":"631444035"},"geometry":{"type":"LineString","coordinates":[[-123.0987535,49.3722268],[-123.0986593,49.3722063]]}},{"type":"Feature","id":"631444036","properties":{"kind":"path","name":"","osmWayId":"631444036"},"geometry":{"type":"LineString","coordinates":[[-123.098533,49.3722641],[-123.0986188,49.3722254]]}},{"type":"Feature","id":"631444037","properties":{"kind":"path","name":"","osmWayId":"631444037"},"geometry":{"type":"LineString","coordinates":[[-123.0988994,49.3722584],[-123.0987535,49.3722268],[-123.0986627,49.3721342],[-123.0986388,49.3720015],[-123.0986656,49.3719526]]}},{"type":"Feature","id":"631444038","properties":{"kind":"path","name":"","osmWayId":"631444038"},"geometry":{"type":"LineString","coordinates":[[-123.0991514,49.37224],[-123.099085,49.3723463]]}},{"type":"Feature","id":"692488039","properties":{"kind":"path","name":"Larsen Trail","osmWayId":"692488039"},"geometry":{"type":"LineString","coordinates":[[-123.0873061,49.3661162],[-123.0873231,49.3659964],[-123.0873832,49.3659422],[-123.0874377,49.3659178],[-123.0874551,49.3658867],[-123.0874214,49.3658281],[-123.0874245,49.3657911],[-123.0874416,49.3657443],[-123.0875001,49.3656745],[-123.0875862,49.3655795],[-123.0876165,49.3655128],[-123.0876112,49.3653682],[-123.0876173,49.365308],[-123.0876341,49.3652651],[-123.0876971,49.3652008],[-123.0877219,49.3651496],[-123.0877141,49.3651072],[-123.087669,49.3650512],[-123.0875661,49.365003],[-123.0875257,49.3649523],[-123.0875058,49.3648758],[-123.0875493,49.3647508],[-123.0876466,49.3645942],[-123.087716,49.364521],[-123.0878648,49.364444],[-123.0881028,49.3643833],[-123.0883218,49.3643567],[-123.0883871,49.3643476],[-123.0884141,49.3643323],[-123.0884263,49.3643056],[-123.0884534,49.3641954],[-123.0884763,49.364124],[-123.0885187,49.3640004],[-123.0885221,49.3638747],[-123.0885118,49.3638072],[-123.0885235,49.3637869],[-123.0885519,49.363779],[-123.0885977,49.3637792],[-123.0887064,49.3637951],[-123.0889965,49.3638763],[-123.0892212,49.3639186],[-123.0894412,49.3639282],[-123.0896434,49.3639086],[-123.0898246,49.3638566],[-123.0897962,49.3637407],[-123.0897985,49.363693],[-123.0899847,49.3635973]]}},{"type":"Feature","id":"693987796","properties":{"kind":"connector","name":"","osmWayId":"693987796"},"geometry":{"type":"LineString","coordinates":[[-123.0758246,49.3775499],[-123.0754956,49.3773861],[-123.0752785,49.3771491]]}},{"type":"Feature","id":"770448100","properties":{"kind":"path","name":"","osmWayId":"770448100"},"geometry":{"type":"LineString","coordinates":[[-123.0746123,49.3875144],[-123.0745788,49.3876007],[-123.0744177,49.3877011],[-123.074266,49.3877755],[-123.0742823,49.3878743]]}},{"type":"Feature","id":"859477223","properties":{"kind":"stream","name":"Inferno Creek","osmWayId":"859477223"},"geometry":{"type":"LineString","coordinates":[[-123.0739486,49.3842635],[-123.0727939,49.3837308],[-123.071785,49.3830643]]}},{"type":"Feature","id":"859477224","properties":{"kind":"stream","name":"Inferno Creek","osmWayId":"859477224"},"geometry":{"type":"LineString","coordinates":[[-123.0693324,49.3816954],[-123.069163,49.3815337],[-123.0684339,49.3812004],[-123.0678399,49.3806785],[-123.0677545,49.3806599],[-123.0676983,49.3806652],[-123.0676248,49.3806614],[-123.0675255,49.3806639],[-123.067452,49.3806566],[-123.0673622,49.3806276],[-123.0673188,49.3806224],[-123.06716,49.3806146]]}},{"type":"Feature","id":"859477225","properties":{"kind":"stream","name":"","osmWayId":"859477225"},"geometry":{"type":"LineString","coordinates":[[-123.0694655,49.3818224],[-123.0693324,49.3816954]]}},{"type":"Feature","id":"859477229","properties":{"kind":"path","name":"","osmWayId":"859477229"},"geometry":{"type":"LineString","coordinates":[[-123.0771354,49.3769011],[-123.0771753,49.376831],[-123.077389,49.3764553],[-123.0777141,49.3761168],[-123.0779175,49.3760123],[-123.0783408,49.3757712],[-123.0784517,49.3757081],[-123.0785141,49.375686],[-123.0785656,49.3756783],[-123.078647,49.3756751],[-123.0787332,49.3756884],[-123.0788733,49.3757219],[-123.0789722,49.3757391],[-123.0790616,49.3757496],[-123.0791362,49.3757499],[-123.0793023,49.3757311],[-123.0793303,49.3757284],[-123.0794972,49.375712],[-123.0796809,49.3756883]]}},{"type":"Feature","id":"859477230","properties":{"kind":"connector","name":"","osmWayId":"859477230"},"geometry":{"type":"LineString","coordinates":[[-123.0795146,49.3784264],[-123.0799811,49.3782019],[-123.0804007,49.3781403],[-123.080969,49.3780654],[-123.08112,49.3779794]]}},{"type":"Feature","id":"864873588","properties":{"kind":"building","name":"","osmWayId":"864873588"},"geometry":{"type":"Polygon","coordinates":[[[-123.0697209,49.3807302],[-123.0696115,49.3807207],[-123.0696081,49.3807912],[-123.0697141,49.3808007],[-123.0697209,49.3807302]]]}},{"type":"Feature","id":"864873589","properties":{"kind":"path","name":"","osmWayId":"864873589"},"geometry":{"type":"LineString","coordinates":[[-123.0692788,49.3812522],[-123.0693157,49.3812155],[-123.0695845,49.3811282],[-123.0698371,49.3808991],[-123.0697876,49.3808281],[-123.0697333,49.3807941]]}},{"type":"Feature","id":"866809042","properties":{"kind":"stream","name":"Inferno Creek","osmWayId":"866809042"},"geometry":{"type":"LineString","coordinates":[[-123.071502,49.3829208],[-123.0711898,49.382762],[-123.069919,49.3822273],[-123.0696481,49.3819967],[-123.0694655,49.3818224]]}},{"type":"Feature","id":"866809043","properties":{"kind":"stream","name":"Inferno Creek","osmWayId":"866809043"},"geometry":{"type":"LineString","coordinates":[[-123.071785,49.3830643],[-123.071502,49.3829208]]}},{"type":"Feature","id":"866809044","properties":{"kind":"lift","name":"Magic Carpet","osmWayId":"866809044"},"geometry":{"type":"LineString","coordinates":[[-123.0797387,49.3817467],[-123.0790398,49.3816189]]}},{"type":"Feature","id":"866809045","properties":{"kind":"connector","name":"","osmWayId":"866809045"},"geometry":{"type":"LineString","coordinates":[[-123.0804715,49.3818583],[-123.0803579,49.381948]]}},{"type":"Feature","id":"866809048","properties":{"kind":"connector","name":"","osmWayId":"866809048"},"geometry":{"type":"LineString","coordinates":[[-123.0804715,49.3818583],[-123.080389,49.3817214]]}},{"type":"Feature","id":"866809049","properties":{"kind":"connector","name":"","osmWayId":"866809049"},"geometry":{"type":"LineString","coordinates":[[-123.0790398,49.3816189],[-123.0789952,49.3816117],[-123.078693,49.3815628]]}},{"type":"Feature","id":"866838544","properties":{"kind":"path","name":"","osmWayId":"866838544"},"geometry":{"type":"LineString","coordinates":[[-123.0787024,49.3787581],[-123.0787336,49.3787004],[-123.0788415,49.3785909],[-123.0788295,49.3785194],[-123.0788093,49.3784343],[-123.0788036,49.3783759],[-123.0788167,49.3783366],[-123.0788509,49.3783174],[-123.0789313,49.3783139],[-123.0793217,49.3783579]]}},{"type":"Feature","id":"866838555","properties":{"kind":"path","name":"","osmWayId":"866838555"},"geometry":{"type":"LineString","coordinates":[[-123.0806816,49.3807706],[-123.0805779,49.3811189],[-123.0806771,49.3813339]]}},{"type":"Feature","id":"866838556","properties":{"kind":"path","name":"","osmWayId":"866838556"},"geometry":{"type":"LineString","coordinates":[[-123.0799284,49.3809936],[-123.0800202,49.3811127],[-123.0800574,49.3811961],[-123.0801096,49.3813199],[-123.0801656,49.3814461],[-123.0801949,49.3815477],[-123.0801907,49.3817683],[-123.0800841,49.3818616]]}},{"type":"Feature","id":"866838558","properties":{"kind":"connector","name":"","osmWayId":"866838558"},"geometry":{"type":"LineString","coordinates":[[-123.0761288,49.3862477],[-123.0762433,49.3863055],[-123.0762872,49.3863074]]}},{"type":"Feature","id":"866838561","properties":{"kind":"connector","name":"","osmWayId":"866838561"},"geometry":{"type":"LineString","coordinates":[[-123.0777704,49.383067],[-123.0777698,49.3829642],[-123.0778008,49.382753],[-123.0778122,49.3826756],[-123.0782669,49.3821682],[-123.0784686,49.3816975],[-123.078693,49.3815628],[-123.0789318,49.3812212],[-123.0789527,49.3811706],[-123.0791592,49.3808594]]}},{"type":"Feature","id":"877414833","properties":{"kind":"path","name":"Teddy Bear Lane","osmWayId":"877414833"},"geometry":{"type":"LineString","coordinates":[[-123.0777704,49.383067],[-123.0779886,49.3830169],[-123.0781812,49.3830027]]}},{"type":"Feature","id":"878478055","properties":{"kind":"wood","name":"","osmWayId":"878478055"},"geometry":{"type":"Polygon","coordinates":[[[-123.0754919,49.3870843],[-123.0752965,49.3868868],[-123.0749134,49.3869176],[-123.0746612,49.3871979],[-123.0747446,49.3874003],[-123.0750613,49.387446],[-123.0754539,49.3873596],[-123.0754919,49.3870843]]]}},{"type":"Feature","id":"878478056","properties":{"kind":"wood","name":"","osmWayId":"878478056"},"geometry":{"type":"Polygon","coordinates":[[[-123.0744355,49.3873361],[-123.0744298,49.3869942],[-123.0739404,49.3867645],[-123.0739234,49.3865213],[-123.0731192,49.386188],[-123.0722733,49.3861546],[-123.0716683,49.3861744],[-123.0713383,49.3863892],[-123.07072,49.3862793],[-123.0702781,49.3862102],[-123.0696082,49.3850543],[-123.0678865,49.3856003],[-123.067119,49.3858591],[-123.0658059,49.3860472],[-123.0655792,49.386071],[-123.0652679,49.3860893],[-123.0650654,49.3860647],[-123.0648654,49.3860209],[-123.0646321,49.3860416],[-123.063235,49.3867024],[-123.061532,49.3875078],[-123.0619714,49.3882066],[-123.0630872,49.3883463],[-123.0633607,49.3884008],[-123.0634259,49.3884143],[-123.0635291,49.3884091],[-123.0636173,49.3884828],[-123.0637172,49.3884901],[-123.0637874,49.3885196],[-123.0638858,49.3885255],[-123.063939,49.3885044],[-123.0642195,49.3885005],[-123.0644174,49.3885019],[-123.0647733,49.3885154],[-123.064814,49.3885274],[-123.0648862,49.3885103],[-123.0649618,49.3885466],[-123.065064,49.3885528],[-123.0651726,49.3885038],[-123.065314,49.3884682],[-123.0654267,49.3884815],[-123.0654749,49.3885191],[-123.065506,49.3885213],[-123.0656109,49.3884843],[-123.065652,49.3884878],[-123.0656988,49.3885216],[-123.0657346,49.3885195],[-123.0658062,49.3884867],[-123.0662179,49.3884804],[-123.0664796,49.3884841],[-123.0666462,49.3885026],[-123.066689,49.388529],[-123.0667504,49.3885315],[-123.0668116,49.3885833],[-123.066873,49.3885882],[-123.0668987,49.3885778],[-123.0668519,49.3884949],[-123.0668773,49.3884708],[-123.0669939,49.3884318],[-123.0670928,49.3884151],[-123.0672984,49.3884157],[-123.0673479,49.3884364],[-123.0674163,49.3884235],[-123.0674348,49.3884084],[-123.0675671,49.3883649],[-123.067734,49.388362],[-123.0677522,49.3883336],[-123.0678966,49.388299],[-123.0679654,49.3883017],[-123.06798,49.3883114],[-123.0681493,49.3884495],[-123.068209,49.3884978],[-123.0682742,49.3885005],[-123.0682962,49.3884853],[-123.0683834,49.3884701],[-123.0684453,49.3884475],[-123.0687,49.3884441],[-123.068735,49.3884335],[-123.0688432,49.388432],[-123.0688947,49.3884648],[-123.0689266,49.3885101],[-123.0689447,49.3886472],[-123.0689257,49.3887709],[-123.0689378,49.3888066],[-123.0690292,49.3888073],[-123.0690263,49.3887343],[-123.0690796,49.3887448],[-123.0691785,49.388736],[-123.0692607,49.3886381],[-123.0693686,49.3886263],[-123.0694266,49.3886115],[-123.0694657,49.3886078],[-123.0695296,49.3886458],[-123.0695404,49.3886635],[-123.0695303,49.3886989],[-123.0696274,49.3887574],[-123.0696656,49.3887661],[-123.0697626,49.3887149],[-123.0698061,49.3887169],[-123.0698956,49.3887495],[-123.0699625,49.3887394],[-123.0700026,49.3887511],[-123.0700302,49.3887746],[-123.0700908,49.3887988],[-123.0701305,49.3887998],[-123.0702094,49.3887777],[-123.0702543,49.388729],[-123.0703579,49.3887224],[-123.0705005,49.3886713],[-123.070695,49.3886761],[-123.0708392,49.3886804],[-123.0709868,49.3886011],[-123.0709978,49.388466],[-123.0710073,49.3884535],[-123.0710797,49.3884387],[-123.0713196,49.3884586],[-123.0714726,49.388463],[-123.0716128,49.3884252],[-123.0717826,49.3884409],[-123.0722925,49.3883603],[-123.0729858,49.3881099],[-123.0737074,49.3876968],[-123.0734688,49.3875508],[-123.0737074,49.3872982],[-123.0744355,49.3873361]]]}},{"type":"Feature","id":"889622378","properties":{"kind":"path","name":"","osmWayId":"889622378"},"geometry":{"type":"LineString","coordinates":[[-123.0988447,49.3725692],[-123.0989403,49.3725422]]}},{"type":"Feature","id":"889622379","properties":{"kind":"path","name":"","osmWayId":"889622379"},"geometry":{"type":"LineString","coordinates":[[-123.0989403,49.3725422],[-123.0990358,49.3724969]]}},{"type":"Feature","id":"889622380","properties":{"kind":"path","name":"","osmWayId":"889622380"},"geometry":{"type":"LineString","coordinates":[[-123.0989551,49.372408],[-123.099085,49.3723463],[-123.0992061,49.3722889],[-123.0992991,49.3723719]]}},{"type":"Feature","id":"889622381","properties":{"kind":"path","name":"","osmWayId":"889622381"},"geometry":{"type":"LineString","coordinates":[[-123.0991514,49.37224],[-123.0992061,49.3722889]]}},{"type":"Feature","id":"889622382","properties":{"kind":"path","name":"","osmWayId":"889622382"},"geometry":{"type":"LineString","coordinates":[[-123.0986979,49.37242],[-123.098771,49.3723873],[-123.0987931,49.3723784],[-123.0989046,49.3723572]]}},{"type":"Feature","id":"889622383","properties":{"kind":"path","name":"","osmWayId":"889622383"},"geometry":{"type":"LineString","coordinates":[[-123.0989403,49.3725422],[-123.0988896,49.3724973],[-123.0988127,49.3724206],[-123.0987869,49.372398],[-123.098771,49.3723873]]}},{"type":"Feature","id":"889622384","properties":{"kind":"path","name":"","osmWayId":"889622384"},"geometry":{"type":"LineString","coordinates":[[-123.0989403,49.3725422],[-123.0989781,49.3725817]]}},{"type":"Feature","id":"889622387","properties":{"kind":"path","name":"","osmWayId":"889622387"},"geometry":{"type":"LineString","coordinates":[[-123.0994419,49.3722583],[-123.0994171,49.3723379],[-123.0993492,49.3723869]]}},{"type":"Feature","id":"889622388","properties":{"kind":"path","name":"","osmWayId":"889622388"},"geometry":{"type":"LineString","coordinates":[[-123.0972486,49.3695666],[-123.0970855,49.3694974],[-123.0965985,49.3692054],[-123.096565,49.3691373],[-123.0965734,49.3690802],[-123.0966036,49.3690342]]}},{"type":"Feature","id":"952135679","properties":{"kind":"stream","name":"Mackay Creek","osmWayId":"952135679"},"geometry":{"type":"LineString","coordinates":[[-123.081057,49.3717824],[-123.0811624,49.371698],[-123.0812308,49.3716371],[-123.0812825,49.3715477],[-123.0813512,49.3714632],[-123.0814331,49.3713909],[-123.0814811,49.3713078],[-123.081559,49.3712303],[-123.0816939,49.3710744],[-123.0817597,49.3710274],[-123.0818642,49.3709403],[-123.0820325,49.3707813],[-123.0820714,49.370723],[-123.0821404,49.3706572],[-123.0822041,49.3705856],[-123.0822208,49.3705292],[-123.0822734,49.3704354],[-123.0823171,49.3703841],[-123.0824035,49.3703181],[-123.0824901,49.3702127],[-123.0826064,49.3700112],[-123.0826632,49.3699341],[-123.0829891,49.3691043],[-123.0834153,49.3686001],[-123.0835549,49.3683377],[-123.0836069,49.3682797],[-123.0836939,49.3682305],[-123.0837658,49.368157],[-123.0838374,49.3680936],[-123.0838991,49.368004],[-123.0839802,49.3679012],[-123.0840548,49.3678354],[-123.084101,49.3677556],[-123.0841899,49.3676486],[-123.0843128,49.3674373],[-123.0843984,49.3673029],[-123.0844724,49.3671948],[-123.0845362,49.3671132],[-123.0846026,49.3670182],[-123.0846628,49.3669842],[-123.0847282,49.3669267],[-123.0848424,49.3668398],[-123.0849519,49.3667632],[-123.0850347,49.3667164],[-123.0850845,49.3666541],[-123.0850992,49.3666102],[-123.085113,49.3665585],[-123.0851347,49.3665234],[-123.0851821,49.3664883],[-123.0852265,49.3664613],[-123.0853005,49.3664358],[-123.0853782,49.3663725],[-123.0854653,49.3663288],[-123.0855369,49.366263],[-123.0856117,49.3662209],[-123.0856855,49.3661595],[-123.0857606,49.3661214],[-123.0858041,49.3660876],[-123.0858811,49.3659928],[-123.0859441,49.3659511],[-123.0859975,49.3659219],[-123.0860219,49.3658803],[-123.0861117,49.3658153],[-123.0861488,49.3657784],[-123.0861621,49.3657109],[-123.0861951,49.3656805],[-123.0862223,49.3656221],[-123.0862407,49.3655197],[-123.0862616,49.3654566],[-123.0863081,49.3653438],[-123.0863367,49.3652137],[-123.0863729,49.3651147],[-123.08641,49.3650473],[-123.0864215,49.364935],[-123.0864516,49.3648882],[-123.0864777,49.3647947],[-123.0865125,49.3647081],[-123.0865352,49.3646401],[-123.0865767,49.3646037],[-123.0866476,49.3645172],[-123.0866917,49.3644845],[-123.0867377,49.3644208],[-123.0867904,49.3643461],[-123.0867944,49.3643239],[-123.0867799,49.3642915],[-123.0867825,49.3642741],[-123.0867988,49.3642551],[-123.0868456,49.3642335],[-123.086891,49.3641647],[-123.0869537,49.3640916],[-123.0869746,49.3640468],[-123.0870075,49.3639698],[-123.0870455,49.363923],[-123.0870769,49.363904],[-123.0871256,49.3638854],[-123.0871483,49.3638446],[-123.0871721,49.3638136],[-123.0872347,49.36377],[-123.0873317,49.3637366],[-123.08737,49.3636939],[-123.0874199,49.3636103],[-123.0874875,49.3635371],[-123.0876085,49.363373],[-123.0877098,49.3632831],[-123.0877642,49.3632645],[-123.0878308,49.3632592],[-123.0878812,49.3632364],[-123.0879372,49.3631903],[-123.087968,49.3631428],[-123.0880264,49.3630647],[-123.0880863,49.3630165],[-123.0881547,49.3629623],[-123.0881776,49.362916],[-123.088204,49.3628453],[-123.0882707,49.362758],[-123.0882946,49.3627117],[-123.0883395,49.3626703],[-123.0884646,49.3625239],[-123.0885041,49.3624723],[-123.0886461,49.3622906],[-123.0887216,49.3621746],[-123.0887317,49.3621596],[-123.0887744,49.3621261],[-123.0888303,49.3620937],[-123.0889427,49.3620435],[-123.0890167,49.3620165],[-123.0891163,49.3619759],[-123.08918,49.3619704],[-123.0892469,49.3619459],[-123.089404,49.3618841],[-123.0895948,49.3617819],[-123.089687,49.3617202],[-123.0897658,49.3616347],[-123.0898033,49.3615668],[-123.0898866,49.361478],[-123.0900736,49.3613149],[-123.0901072,49.3612397],[-123.0901339,49.3610929],[-123.0902153,49.3608675],[-123.090268,49.3607594],[-123.0903629,49.3605793],[-123.0904001,49.360521],[-123.0904393,49.3604888],[-123.0905004,49.3604131],[-123.0905797,49.3603416],[-123.0906453,49.3602769],[-123.0907152,49.3602243],[-123.0907922,49.3601882],[-123.0908252,49.3601586],[-123.0908691,49.3601324],[-123.0909381,49.3601093],[-123.0909979,49.3600759]]}},{"type":"Feature","id":"952135691","properties":{"kind":"stream","name":"Grousewoods Spur 2a","osmWayId":"952135691"},"geometry":{"type":"LineString","coordinates":[[-123.0958117,49.3631531],[-123.0958079,49.3631039],[-123.0958811,49.3630418],[-123.0961171,49.3628124]]}},{"type":"Feature","id":"952135693","properties":{"kind":"path","name":"","osmWayId":"952135693"},"geometry":{"type":"LineString","coordinates":[[-123.0965607,49.3624697],[-123.0964644,49.3626347],[-123.096239,49.3627988],[-123.0958994,49.3630889]]}},{"type":"Feature","id":"952135695","properties":{"kind":"stream","name":"","osmWayId":"952135695"},"geometry":{"type":"LineString","coordinates":[[-123.0962952,49.3671343],[-123.0964253,49.3670091]]}},{"type":"Feature","id":"958994005","properties":{"kind":"path","name":"","osmWayId":"958994005"},"geometry":{"type":"LineString","coordinates":[[-123.1059139,49.3593731],[-123.105502,49.3596543],[-123.1049077,49.3600222],[-123.1049019,49.3600774],[-123.1048952,49.3601071],[-123.1047973,49.3601822],[-123.1047262,49.3601953],[-123.1046605,49.3601971],[-123.1044526,49.3603543],[-123.104427,49.3603832],[-123.1043292,49.3604941],[-123.1042177,49.3606706],[-123.1042358,49.3607401],[-123.1042234,49.3607992],[-123.104183,49.3608443],[-123.1041173,49.3608749],[-123.1040663,49.3608828],[-123.1039554,49.3611556],[-123.103913,49.3613351],[-123.1039055,49.3614709],[-123.1039135,49.3614971],[-123.103986,49.3615565],[-123.103994,49.3615905],[-123.1039846,49.3616429],[-123.1039417,49.361677],[-123.1039063,49.3616937],[-123.1038787,49.3617067],[-123.1038693,49.361725],[-123.1037728,49.362234],[-123.1038159,49.362352],[-123.1037834,49.3625693],[-123.1037579,49.3626182],[-123.1037164,49.3626427],[-123.1037194,49.3626795],[-123.1036565,49.363003],[-123.1036104,49.3631764],[-123.1035648,49.3633755],[-123.1035742,49.3633999],[-123.103636,49.3634402],[-123.1036511,49.3634694],[-123.1036533,49.3634994],[-123.1036239,49.3636144],[-123.1035474,49.3636567],[-123.1034991,49.3637021],[-123.1034478,49.3638201],[-123.1033972,49.3639364],[-123.1032725,49.3642227],[-123.1032792,49.3642506],[-123.103306,49.3642873],[-123.1033181,49.3643144],[-123.1032564,49.3644209],[-123.1031585,49.3644603],[-123.103129,49.3644795],[-123.1028286,49.3649459],[-123.1028272,49.3649782],[-123.1028433,49.3650358],[-123.102842,49.3650751],[-123.1027696,49.3651616],[-123.1026851,49.3651773],[-123.1026515,49.3651956],[-123.102272,49.3657495],[-123.1022626,49.3657633],[-123.1022653,49.3657799],[-123.1022975,49.3658332],[-123.1022975,49.3658655],[-123.1022546,49.3659275],[-123.102221,49.3659441],[-123.1021312,49.3659677],[-123.1021044,49.3659852],[-123.1020287,49.3661112],[-123.1018683,49.3663782],[-123.101871,49.3664585],[-123.1018402,49.36651],[-123.1017624,49.3665328],[-123.1017356,49.3665528],[-123.1015103,49.3668419],[-123.1015156,49.3668707],[-123.1015371,49.3668969],[-123.1015465,49.3669345],[-123.1015022,49.3669747],[-123.1014177,49.3669913],[-123.1013936,49.3670044],[-123.1011871,49.3672978],[-123.1012018,49.3673502],[-123.1012018,49.3673703],[-123.1011696,49.3673974],[-123.1011039,49.3674096],[-123.101065,49.3674279],[-123.101058,49.3674355],[-123.1007914,49.3677275],[-123.1008035,49.3677939],[-123.1007901,49.3678279],[-123.1007673,49.3678463],[-123.1006882,49.3678576],[-123.1006439,49.3678768],[-123.100428,49.3681345],[-123.1004186,49.3681624],[-123.100436,49.3682061],[-123.1004387,49.3682384],[-123.1004186,49.368255],[-123.1003167,49.3682899],[-123.1002711,49.3683179],[-123.1001115,49.3685667],[-123.1001061,49.3686008],[-123.1001356,49.3686392],[-123.1001329,49.3686733],[-123.1001034,49.3687021],[-123.1000471,49.3687178],[-123.1000136,49.3687292],[-123.0998527,49.3690523],[-123.0998607,49.3690768],[-123.0998862,49.369103],[-123.0998969,49.3691361],[-123.0998862,49.3691545],[-123.0998567,49.3691728],[-123.0997936,49.3691964],[-123.0997722,49.3692121],[-123.0996622,49.3695256],[-123.0996703,49.3695492],[-123.0997024,49.3695763],[-123.0997199,49.3696252],[-123.0997118,49.3696619],[-123.0996797,49.3696933],[-123.0996421,49.3697134],[-123.099626,49.36973],[-123.0995777,49.3700557],[-123.0994946,49.3702636],[-123.0994047,49.3704539],[-123.0992371,49.3707194]]}},{"type":"Feature","id":"975444143","properties":{"kind":"path","name":"Nancy Greene Way","osmWayId":"975444143"},"geometry":{"type":"LineString","coordinates":[[-123.0991479,49.3707064],[-123.0991119,49.3707633],[-123.098951,49.3710155],[-123.0988639,49.3711626],[-123.0988326,49.3712222]]}},{"type":"Feature","id":"1005978483","properties":{"kind":"building","name":"","osmWayId":"1005978483"},"geometry":{"type":"Polygon","coordinates":[[[-123.083115,49.3798303],[-123.0830831,49.3797929],[-123.0829863,49.3798279],[-123.0830182,49.3798653],[-123.083115,49.3798303]]]}},{"type":"Feature","id":"1005978484","properties":{"kind":"path","name":"","osmWayId":"1005978484"},"geometry":{"type":"LineString","coordinates":[[-123.0829529,49.3797968],[-123.0830154,49.3797683],[-123.0831779,49.3797096]]}},{"type":"Feature","id":"1011352637","properties":{"kind":"stream","name":"","osmWayId":"1011352637"},"geometry":{"type":"LineString","coordinates":[[-123.0780396,49.3755845],[-123.0778878,49.3749464],[-123.0777897,49.3748037]]}},{"type":"Feature","id":"1011352638","properties":{"kind":"stream","name":"","osmWayId":"1011352638"},"geometry":{"type":"LineString","coordinates":[[-123.0777897,49.3748037],[-123.0777224,49.3747214]]}},{"type":"Feature","id":"1011352640","properties":{"kind":"path","name":"Grouse Mountain Highway","osmWayId":"1011352640"},"geometry":{"type":"LineString","coordinates":[[-123.0697669,49.3849349],[-123.0696638,49.3849869],[-123.0695154,49.3850384],[-123.0690323,49.3851483],[-123.068834,49.3852051],[-123.0685263,49.3853332],[-123.0682079,49.3854173],[-123.0680143,49.3854852],[-123.0677907,49.3855712],[-123.0673452,49.3857496],[-123.0671274,49.3858095],[-123.0669675,49.3858344],[-123.0666301,49.3858657],[-123.0664336,49.3858931],[-123.0656868,49.3860211],[-123.0654824,49.3860521],[-123.0653292,49.3860599],[-123.0651687,49.38605]]}},{"type":"Feature","id":"1011352641","properties":{"kind":"path","name":"","osmWayId":"1011352641"},"geometry":{"type":"LineString","coordinates":[[-123.0767122,49.3692566],[-123.076651,49.369338],[-123.0764694,49.3693943],[-123.076124,49.3695013],[-123.0760836,49.3695753],[-123.0759404,49.3696976],[-123.0754818,49.3699603],[-123.0749871,49.3703261],[-123.0745234,49.3706244],[-123.0742132,49.3708719],[-123.0738721,49.3711509],[-123.07368,49.3712438],[-123.0735764,49.3713349],[-123.0734728,49.3714854],[-123.0734232,49.3715776]]}},{"type":"Feature","id":"1011352642","properties":{"kind":"path","name":"","osmWayId":"1011352642"},"geometry":{"type":"LineString","coordinates":[[-123.0729449,49.3723454],[-123.0729083,49.3723943]]}},{"type":"Feature","id":"1011352653","properties":{"kind":"stream","name":"Fromme Creek","osmWayId":"1011352653"},"geometry":{"type":"LineString","coordinates":[[-123.063918,49.3791144],[-123.0639511,49.3791056],[-123.0640121,49.379097],[-123.0640718,49.3790768],[-123.0640984,49.3790469],[-123.0641156,49.3790127],[-123.0641739,49.3789535],[-123.0642289,49.3789141],[-123.064283,49.3789051],[-123.0643736,49.378873],[-123.0644591,49.3788251],[-123.0644983,49.3787798],[-123.0645845,49.3787531],[-123.064643,49.3787119],[-123.0647115,49.3786866],[-123.0647252,49.3786607],[-123.0647923,49.378596],[-123.064855,49.378577],[-123.0648828,49.3785642],[-123.0649156,49.3785549],[-123.0649611,49.3785012],[-123.0650415,49.3784732],[-123.0650936,49.3784385],[-123.0651536,49.3783902],[-123.0651781,49.3783603],[-123.065219,49.3783547],[-123.0652987,49.3783325],[-123.0653511,49.3782999],[-123.0653751,49.3782732],[-123.0653886,49.378225],[-123.0653921,49.3781747],[-123.0653957,49.3781531],[-123.0654009,49.378136],[-123.0654009,49.3781203],[-123.0653907,49.3780999],[-123.065389,49.3780755],[-123.0654024,49.3780448],[-123.065444,49.3780288],[-123.0654597,49.3780025],[-123.0654571,49.3779361],[-123.065541,49.3778106]]}},{"type":"Feature","id":"1011352654","properties":{"kind":"stream","name":"","osmWayId":"1011352654"},"geometry":{"type":"LineString","coordinates":[[-123.0638464,49.3791577],[-123.063918,49.3791144]]}},{"type":"Feature","id":"1011352655","properties":{"kind":"stream","name":"Coffin Creek","osmWayId":"1011352655"},"geometry":{"type":"LineString","coordinates":[[-123.068888,49.3802769],[-123.0687882,49.3802673],[-123.0682278,49.3801854],[-123.0681818,49.3801581],[-123.0681242,49.3801195],[-123.0680946,49.3801064],[-123.068017,49.3800917],[-123.0679578,49.3800595],[-123.0678689,49.3800295],[-123.0677485,49.3800307],[-123.0676684,49.3800556],[-123.0676235,49.3800865],[-123.0675625,49.3801025],[-123.0675134,49.380112],[-123.0674479,49.3801409],[-123.0673895,49.3801502],[-123.0671877,49.3801325],[-123.0671047,49.3800999],[-123.0670303,49.3800855],[-123.066932,49.3800568]]}},{"type":"Feature","id":"1011352656","properties":{"kind":"stream","name":"","osmWayId":"1011352656"},"geometry":{"type":"LineString","coordinates":[[-123.0689811,49.3802858],[-123.068888,49.3802769]]}},{"type":"Feature","id":"1011352657","properties":{"kind":"stream","name":"Coffin Creek","osmWayId":"1011352657"},"geometry":{"type":"LineString","coordinates":[[-123.0751978,49.3819094],[-123.0750606,49.3818196],[-123.0749369,49.3817755],[-123.0748114,49.3817114],[-123.0746745,49.3816673],[-123.0745784,49.3816131],[-123.0744805,49.3815505],[-123.0743975,49.3814963],[-123.0741978,49.3814512],[-123.0738904,49.3814031],[-123.0738107,49.3813826],[-123.0736949,49.3813167],[-123.0735571,49.3812612],[-123.0734444,49.3812337]]}},{"type":"Feature","id":"1011352658","properties":{"kind":"stream","name":"","osmWayId":"1011352658"},"geometry":{"type":"LineString","coordinates":[[-123.0734444,49.3812337],[-123.0731577,49.3811401]]}},{"type":"Feature","id":"1013136004","properties":{"kind":"path","name":"","osmWayId":"1013136004"},"geometry":{"type":"LineString","coordinates":[[-123.083002,49.3794599],[-123.082993,49.379416],[-123.082949,49.379369]]}},{"type":"Feature","id":"1069679081","properties":{"kind":"path","name":"","osmWayId":"1069679081"},"geometry":{"type":"LineString","coordinates":[[-123.0830572,49.3793428],[-123.082949,49.379369],[-123.0826083,49.379372]]}},{"type":"Feature","id":"1077761790","properties":{"kind":"path","name":"","osmWayId":"1077761790"},"geometry":{"type":"LineString","coordinates":[[-123.0900546,49.372495],[-123.0898228,49.3726861],[-123.0894826,49.3729086]]}},{"type":"Feature","id":"1077830491","properties":{"kind":"path","name":"Per Gynt","osmWayId":"1077830491"},"geometry":{"type":"LineString","coordinates":[[-123.0670928,49.3621092],[-123.066954,49.362169],[-123.0669293,49.362183],[-123.066779,49.3622681],[-123.0666028,49.3623575],[-123.0665411,49.3624125],[-123.0664685,49.3625342],[-123.0663953,49.3626072],[-123.0662875,49.3626528],[-123.066153,49.3626955],[-123.0659647,49.3627309],[-123.0658718,49.3627791],[-123.0657713,49.3628629],[-123.0656529,49.3630233],[-123.0655334,49.3631271],[-123.0653349,49.3632468],[-123.0652211,49.3632803],[-123.0649808,49.3633195],[-123.0648487,49.3633619],[-123.064745,49.3634278],[-123.0646814,49.3634916],[-123.06462,49.3635937],[-123.0645435,49.3636695],[-123.0645047,49.3636892],[-123.0644549,49.3637144],[-123.0643601,49.3637368],[-123.0642611,49.3637537],[-123.0641875,49.363787],[-123.0641238,49.3638399],[-123.0640892,49.3639006],[-123.0640751,49.363959],[-123.0640831,49.3640412],[-123.0640642,49.3640788],[-123.0639961,49.3641362],[-123.0638097,49.3642851],[-123.0637671,49.3643432],[-123.0637258,49.3644116],[-123.0637191,49.3644906],[-123.0637512,49.3646467],[-123.0637576,49.3647472],[-123.0637441,49.3648197],[-123.0637092,49.3648797],[-123.0636169,49.3650001],[-123.0635629,49.3651861],[-123.0634967,49.3652959],[-123.0633801,49.3654046],[-123.063258,49.365483]]}},{"type":"Feature","id":"1100744165","properties":{"kind":"building","name":"Ski Wee","osmWayId":"1100744165"},"geometry":{"type":"Polygon","coordinates":[[[-123.0789324,49.3820471],[-123.0789147,49.3821207],[-123.0787374,49.3821025],[-123.0787552,49.382029],[-123.0789324,49.3820471]]]}},{"type":"Feature","id":"1100744166","properties":{"kind":"path","name":"","osmWayId":"1100744166"},"geometry":{"type":"LineString","coordinates":[[-123.0791789,49.3821313],[-123.079111,49.3820986]]}},{"type":"Feature","id":"1100744167","properties":{"kind":"path","name":"","osmWayId":"1100744167"},"geometry":{"type":"LineString","coordinates":[[-123.0793218,49.3825838],[-123.079424,49.3824428],[-123.0794763,49.3823759],[-123.0795214,49.3823142],[-123.079506,49.3822791],[-123.0794537,49.3822417],[-123.0791789,49.3821313]]}},{"type":"Feature","id":"1104534833","properties":{"kind":"path","name":"","osmWayId":"1104534833"},"geometry":{"type":"LineString","coordinates":[[-123.0729083,49.3723943],[-123.0725691,49.3727791],[-123.0724242,49.3730083],[-123.0723375,49.3732042],[-123.0723268,49.3732821],[-123.072374,49.3734211],[-123.0723465,49.373506],[-123.0722606,49.373657],[-123.0721549,49.3738294],[-123.0720326,49.3739253],[-123.0717909,49.3740449],[-123.0716143,49.3740914],[-123.0714005,49.374188],[-123.071272,49.3743485],[-123.0710681,49.3745395],[-123.0709637,49.3746692],[-123.0709124,49.3748223],[-123.0708554,49.3749467],[-123.0707794,49.3750437],[-123.0707011,49.375102],[-123.0704849,49.3752683],[-123.070316,49.3754547],[-123.0701254,49.3756221],[-123.0699596,49.3757383],[-123.0697878,49.375911],[-123.0694372,49.3763843],[-123.0692637,49.3765386],[-123.0689148,49.3767654],[-123.0686345,49.3769716],[-123.0685131,49.3770435],[-123.0683083,49.3771541],[-123.0681849,49.37719],[-123.0678493,49.3772538],[-123.067688,49.3772578],[-123.0673084,49.3773215],[-123.06676,49.3774327],[-123.0665643,49.3774975],[-123.0664231,49.377553],[-123.0663696,49.3776031],[-123.0662815,49.3776538],[-123.0661452,49.3777078],[-123.0661025,49.377737],[-123.0660787,49.3777863],[-123.0660786,49.3778462],[-123.0661082,49.3778898],[-123.0662545,49.3780597],[-123.0663906,49.3781515],[-123.0664391,49.3782112],[-123.0664476,49.3782493],[-123.0664257,49.3782754]]}},{"type":"Feature","id":"1104534834","properties":{"kind":"path","name":"","osmWayId":"1104534834"},"geometry":{"type":"LineString","coordinates":[[-123.0664257,49.3782754],[-123.0663702,49.3783322],[-123.0663151,49.3783644]]}},{"type":"Feature","id":"1104534835","properties":{"kind":"path","name":"","osmWayId":"1104534835"},"geometry":{"type":"LineString","coordinates":[[-123.0667378,49.3673348],[-123.0667384,49.3673054],[-123.0667481,49.3672486],[-123.0668274,49.3670439],[-123.0668602,49.3668865],[-123.0668718,49.3668307],[-123.066963,49.3665062],[-123.0669997,49.3662854],[-123.0670153,49.3661918],[-123.0670177,49.3661681],[-123.0670483,49.3658604],[-123.0670311,49.3654903],[-123.0670089,49.3652558],[-123.0669299,49.3650325],[-123.0669155,49.3650019],[-123.0668825,49.3649319],[-123.0668611,49.36487],[-123.0668713,49.3647685],[-123.0669037,49.3646775],[-123.0670164,49.3645059],[-123.0670018,49.3644553],[-123.0669976,49.3642867],[-123.0670064,49.3641218],[-123.0670848,49.3638485],[-123.0670939,49.3638263]]}},{"type":"Feature","id":"1104534838","properties":{"kind":"stream","name":"","osmWayId":"1104534838"},"geometry":{"type":"LineString","coordinates":[[-123.0606013,49.3751472],[-123.060655,49.3751509],[-123.0607283,49.3751375],[-123.0608101,49.3751397],[-123.0608653,49.3751481],[-123.0609097,49.3751346],[-123.0609643,49.3751063],[-123.0610145,49.3750999],[-123.0610869,49.3750679],[-123.0611278,49.3750654],[-123.0611607,49.3750512],[-123.0612323,49.375006],[-123.0613427,49.374976],[-123.0614336,49.3749544],[-123.0614881,49.3749435],[-123.0615654,49.3749494],[-123.0616434,49.3749482],[-123.0617044,49.3749549],[-123.0617503,49.3749494],[-123.0618156,49.3749444],[-123.06189,49.3749349],[-123.0619534,49.3748957],[-123.0620151,49.3748757],[-123.0620351,49.3748453],[-123.062086,49.374824],[-123.0621195,49.3747861],[-123.0621677,49.3747753],[-123.0621884,49.3747582],[-123.0622687,49.3747256],[-123.0623042,49.3747042],[-123.0623107,49.3746529],[-123.0623207,49.3746181],[-123.0623337,49.3745874],[-123.0623652,49.3745615]]}},{"type":"Feature","id":"1104534839","properties":{"kind":"stream","name":"","osmWayId":"1104534839"},"geometry":{"type":"LineString","coordinates":[[-123.0623652,49.3745615],[-123.0624967,49.3745222]]}},{"type":"Feature","id":"1104534840","properties":{"kind":"stream","name":"Senate Creek","osmWayId":"1104534840"},"geometry":{"type":"LineString","coordinates":[[-123.0590317,49.3779076],[-123.0590605,49.37787],[-123.0590929,49.3778382],[-123.0591619,49.3778026],[-123.0592041,49.3777909],[-123.0592352,49.3777674],[-123.0592799,49.3777538],[-123.0593577,49.3777435],[-123.0594157,49.3777062],[-123.0595063,49.3776717],[-123.0595571,49.3776314],[-123.0595841,49.3775863],[-123.0596088,49.3775667],[-123.0596537,49.3775499],[-123.0596726,49.3775191],[-123.0596897,49.3774482],[-123.0597336,49.3773988],[-123.0597644,49.377382],[-123.0598561,49.377371],[-123.0599278,49.3773753],[-123.059973,49.3773745],[-123.0600142,49.3773608],[-123.0600825,49.3773589],[-123.0602024,49.3773343],[-123.0602823,49.377262],[-123.0603484,49.3772267],[-123.0603838,49.3771925],[-123.0605029,49.3771676],[-123.0605946,49.3771304],[-123.0613457,49.3770514],[-123.0616537,49.3770033],[-123.061749,49.3769988],[-123.0618348,49.3770016],[-123.0618579,49.3769949]]}},{"type":"Feature","id":"1104534841","properties":{"kind":"stream","name":"","osmWayId":"1104534841"},"geometry":{"type":"LineString","coordinates":[[-123.0618579,49.3769949],[-123.0619737,49.376914]]}},{"type":"Feature","id":"1104534842","properties":{"kind":"stream","name":"Mosquito Creek","osmWayId":"1104534842"},"geometry":{"type":"LineString","coordinates":[[-123.0639246,49.3871983],[-123.0640183,49.3871842],[-123.0640599,49.3871569],[-123.0640803,49.3871291],[-123.0640772,49.3870616],[-123.0641058,49.3870104],[-123.0641435,49.3869801],[-123.0642524,49.3869335],[-123.0642715,49.3869082],[-123.0642666,49.3868601],[-123.0642226,49.3868142],[-123.0642185,49.3867877],[-123.064222,49.3867601],[-123.0642728,49.3867342],[-123.0643808,49.3867027],[-123.0644157,49.3866767],[-123.0644418,49.3866304],[-123.0645004,49.3865674],[-123.0645226,49.3864927],[-123.0645497,49.3864794],[-123.0646293,49.3864493],[-123.0646959,49.3864132],[-123.0646994,49.3863579],[-123.0647104,49.3863195],[-123.0647389,49.3862952],[-123.0647493,49.3862542],[-123.0647899,49.3862194],[-123.0648025,49.386182],[-123.0648257,49.3861566],[-123.0649251,49.3861475],[-123.0649904,49.3861276],[-123.0650112,49.3861008]]}},{"type":"Feature","id":"1104534843","properties":{"kind":"stream","name":"Mosquito Creek","osmWayId":"1104534843"},"geometry":{"type":"LineString","coordinates":[[-123.0650112,49.3861008],[-123.065088,49.3859821]]}},{"type":"Feature","id":"1122811644","properties":{"kind":"wood","name":"","osmWayId":"1122811644"},"geometry":{"type":"Polygon","coordinates":[[[-123.0711737,49.3852437],[-123.0711421,49.3851888],[-123.0710895,49.3849855],[-123.0709877,49.3848324],[-123.0708824,49.3847364],[-123.0707665,49.3846839],[-123.0705244,49.3846587],[-123.0702716,49.3846542],[-123.0700224,49.3847433],[-123.0699101,49.3849009],[-123.0700049,49.3850517],[-123.0701277,49.3851683],[-123.0703348,49.3853031],[-123.0706156,49.3853145],[-123.0711737,49.3852437]]]}},{"type":"Feature","id":"1122811646","properties":{"kind":"path","name":"Grouse Mountain Highway","osmWayId":"1122811646"},"geometry":{"type":"LineString","coordinates":[[-123.0777814,49.3793952],[-123.0775639,49.3794887],[-123.0774593,49.3795495],[-123.0773881,49.379615],[-123.0773467,49.379686],[-123.0772465,49.379966],[-123.0771785,49.3801491],[-123.0770903,49.380323],[-123.0770526,49.3804158],[-123.0770043,49.3806388]]}},{"type":"Feature","id":"1131287069","properties":{"kind":"stream","name":"Grousewoods Spur","osmWayId":"1131287069"},"geometry":{"type":"LineString","coordinates":[[-123.0954623,49.3680208],[-123.096112,49.367277],[-123.0962952,49.3671343]]}},{"type":"Feature","id":"1131287070","properties":{"kind":"stream","name":"Mackay Creek","osmWayId":"1131287070"},"geometry":{"type":"LineString","coordinates":[[-123.0954061,49.3681184],[-123.0954623,49.3680208]]}},{"type":"Feature","id":"1131287071","properties":{"kind":"path","name":"","osmWayId":"1131287071"},"geometry":{"type":"LineString","coordinates":[[-123.096811,49.3663738],[-123.0967066,49.3663832]]}},{"type":"Feature","id":"1131287072","properties":{"kind":"path","name":"","osmWayId":"1131287072"},"geometry":{"type":"LineString","coordinates":[[-123.0969527,49.3663611],[-123.096811,49.3663738]]}},{"type":"Feature","id":"1131287073","properties":{"kind":"stream","name":"Grousewoods Spur","osmWayId":"1131287073"},"geometry":{"type":"LineString","coordinates":[[-123.0968813,49.3663684],[-123.096911,49.3663346],[-123.0969777,49.3662602],[-123.097033,49.3661975],[-123.0971141,49.3660622],[-123.0972373,49.3659183],[-123.097459,49.3657204],[-123.0975686,49.3656121],[-123.0977198,49.3654227],[-123.0977614,49.3653686]]}},{"type":"Feature","id":"1131287074","properties":{"kind":"stream","name":"","osmWayId":"1131287074"},"geometry":{"type":"LineString","coordinates":[[-123.0977614,49.3653686],[-123.0978474,49.3653559]]}},{"type":"Feature","id":"1131287075","properties":{"kind":"stream","name":"Mackay Creek","osmWayId":"1131287075"},"geometry":{"type":"LineString","coordinates":[[-123.0993122,49.3687877],[-123.0996939,49.3684985]]}},{"type":"Feature","id":"1131287076","properties":{"kind":"stream","name":"Mackay Creek","osmWayId":"1131287076"},"geometry":{"type":"LineString","coordinates":[[-123.0996939,49.3684985],[-123.0997963,49.3684209]]}},{"type":"Feature","id":"1131288070","properties":{"kind":"water","name":"","osmWayId":"1131288070"},"geometry":{"type":"Polygon","coordinates":[[[-123.0795512,49.382083],[-123.0795285,49.3820429],[-123.0794881,49.3820086],[-123.0794415,49.3819968],[-123.0793944,49.3819949],[-123.0793444,49.3819988],[-123.0793063,49.3820104],[-123.0792532,49.3820426],[-123.079268,49.3820636],[-123.0792979,49.3820918],[-123.07933,49.3821119],[-123.0793971,49.3821162],[-123.079449,49.3821175],[-123.0794978,49.382106],[-123.0795512,49.382083]]]}},{"type":"Feature","id":"1131288071","properties":{"kind":"water","name":"","osmWayId":"1131288071"},"geometry":{"type":"Polygon","coordinates":[[[-123.0789885,49.3822615],[-123.079018,49.38224],[-123.0790565,49.382223],[-123.0790326,49.3821809],[-123.079015,49.3821719],[-123.0789932,49.3821617],[-123.0789616,49.3821649],[-123.0789386,49.3821999],[-123.0788879,49.3822427],[-123.0788522,49.3822843],[-123.0788573,49.3823319],[-123.0788846,49.3823265],[-123.0788991,49.3823024],[-123.0789885,49.3822615]]]}},{"type":"Feature","id":"1131288072","properties":{"kind":"stream","name":"","osmWayId":"1131288072"},"geometry":{"type":"LineString","coordinates":[[-123.0790326,49.3821809],[-123.0790613,49.3821691],[-123.0791136,49.3821307],[-123.0791511,49.3821115],[-123.079268,49.3820636]]}},{"type":"Feature","id":"1135197360","properties":{"kind":"path","name":"Grouse Mountain Highway","osmWayId":"1135197360"},"geometry":{"type":"LineString","coordinates":[[-123.0732876,49.3797799],[-123.0732625,49.37982],[-123.073251,49.3798591],[-123.0732502,49.3799147],[-123.0732603,49.3800941],[-123.0732651,49.3802423],[-123.0732619,49.3803287],[-123.0732444,49.3804743],[-123.0732172,49.3806311],[-123.0732108,49.3807238],[-123.073225,49.3807865],[-123.0732867,49.3808619],[-123.0733082,49.3809191],[-123.0733487,49.3810001],[-123.0733649,49.3810751],[-123.0733681,49.3811244],[-123.0733575,49.3811619],[-123.0733513,49.38118],[-123.0733171,49.3812219],[-123.0732537,49.3812619],[-123.0731686,49.3812955],[-123.0730284,49.381335],[-123.0728318,49.3813828],[-123.0726991,49.3814273],[-123.0725068,49.3815349],[-123.0724061,49.3816097],[-123.0723313,49.3816816],[-123.0722955,49.381749],[-123.0722804,49.381815],[-123.0722919,49.3819204],[-123.072329,49.3820891],[-123.0723067,49.3822202],[-123.0722574,49.3823771],[-123.0722114,49.3824768],[-123.0721447,49.3825811],[-123.0721067,49.3826316],[-123.0719589,49.3827795],[-123.0718112,49.3829412],[-123.0716474,49.3830995],[-123.0716266,49.3831148]]}},{"type":"Feature","id":"1135197361","properties":{"kind":"path","name":"","osmWayId":"1135197361"},"geometry":{"type":"LineString","coordinates":[[-123.0630815,49.3664568],[-123.062954,49.3664653],[-123.0627108,49.3665239],[-123.0625562,49.3665386],[-123.0624311,49.3665358]]}},{"type":"Feature","id":"1160281129","properties":{"kind":"path","name":"","osmWayId":"1160281129"},"geometry":{"type":"LineString","coordinates":[[-123.0805211,49.3807864],[-123.0805514,49.3807313],[-123.0806876,49.3806025],[-123.0807869,49.3805006],[-123.0808846,49.3803915],[-123.0810152,49.3801968],[-123.0810438,49.3801349],[-123.0810626,49.3800744],[-123.0810726,49.3800596],[-123.0811644,49.3799317],[-123.0812167,49.3798376]]}},{"type":"Feature","id":"1160281130","properties":{"kind":"path","name":"","osmWayId":"1160281130"},"geometry":{"type":"LineString","coordinates":[[-123.0805211,49.3807864],[-123.0803604,49.3808538],[-123.0802529,49.3808935],[-123.0801545,49.3809268],[-123.0800218,49.3809689],[-123.0799284,49.3809936],[-123.079828,49.381024]]}},{"type":"Feature","id":"1225324745","properties":{"kind":"path","name":"","osmWayId":"1225324745"},"geometry":{"type":"LineString","coordinates":[[-123.0715013,49.3634648],[-123.0716579,49.3635068],[-123.0717384,49.3635312],[-123.0717974,49.3635312],[-123.07191,49.3635138],[-123.072012,49.3634718],[-123.0720817,49.3634299],[-123.0721461,49.363388],[-123.0721514,49.3633426],[-123.07213,49.3632657],[-123.072071,49.3631993],[-123.0720388,49.3631679],[-123.0720334,49.3631295],[-123.0720978,49.3630736],[-123.0721514,49.3630281],[-123.072189,49.3629932],[-123.0722212,49.3630316],[-123.0722641,49.3630736],[-123.0722694,49.3631155],[-123.0722748,49.3631854],[-123.072248,49.3632413],[-123.0722265,49.3633076],[-123.0722319,49.3633985],[-123.0722319,49.3634683],[-123.0722909,49.3635347],[-123.0723392,49.3635871],[-123.0722533,49.3636116],[-123.0721997,49.3636291],[-123.072189,49.3635766],[-123.0721461,49.3635347],[-123.0721031,49.3634893],[-123.072012,49.3634718]]}},{"type":"Feature","id":"1225324746","properties":{"kind":"path","name":"Upper Dreamweaver","osmWayId":"1225324746"},"geometry":{"type":"LineString","coordinates":[[-123.0709383,49.3641812],[-123.0709045,49.3642273],[-123.0708199,49.3644257],[-123.0707678,49.3644819],[-123.0707096,49.3645448],[-123.0706389,49.3646115]]}},{"type":"Feature","id":"1225324752","properties":{"kind":"path","name":"","osmWayId":"1225324752"},"geometry":{"type":"LineString","coordinates":[[-123.0709383,49.3641812],[-123.0708191,49.3641359],[-123.0707766,49.364115],[-123.070746,49.3640999],[-123.0706981,49.3640485]]}},{"type":"Feature","id":"1225324753","properties":{"kind":"path","name":"Banana Slug","osmWayId":"1225324753"},"geometry":{"type":"LineString","coordinates":[[-123.0707766,49.364115],[-123.0706939,49.3641476],[-123.0706338,49.3641571],[-123.0705476,49.3641433],[-123.0704614,49.3640967],[-123.070385,49.3639982],[-123.0703022,49.3639255],[-123.0702825,49.3639082],[-123.0701882,49.3638383],[-123.070115,49.3638203],[-123.0700321,49.3638256],[-123.0699345,49.3638457],[-123.0698776,49.3638934],[-123.0697995,49.3639951],[-123.0697491,49.3640649],[-123.069702,49.3640893],[-123.069632,49.3641094],[-123.0695849,49.3641518],[-123.0695263,49.3642852],[-123.0694938,49.3643075],[-123.0694483,49.3643149],[-123.0693832,49.3642958],[-123.0693296,49.3642768],[-123.0692922,49.3642725],[-123.0692174,49.364299],[-123.0690873,49.3644017],[-123.0689198,49.3645214],[-123.0687874,49.3646537],[-123.0686996,49.3648115],[-123.0686248,49.3649841],[-123.0685337,49.3650752],[-123.0684329,49.3651472],[-123.0683597,49.3652288],[-123.0683109,49.3653315],[-123.0683107,49.3653345]]}},{"type":"Feature","id":"1225324754","properties":{"kind":"path","name":"Janet's Granite","osmWayId":"1225324754"},"geometry":{"type":"LineString","coordinates":[[-123.0657816,49.3659691],[-123.0657849,49.3659728],[-123.065867,49.3661461],[-123.0658697,49.3662088],[-123.0659389,49.3663037],[-123.0659123,49.366395],[-123.0659277,49.3664675],[-123.0658532,49.3665877],[-123.0658321,49.3666523],[-123.0658467,49.3667126],[-123.0659145,49.3668104],[-123.0660108,49.3668952],[-123.0660504,49.3669109],[-123.0661623,49.3669238],[-123.0662019,49.3669496],[-123.0662274,49.3669911],[-123.066267,49.3670086],[-123.0663151,49.3670067],[-123.0664157,49.3669818],[-123.0664312,49.3669653],[-123.0664454,49.3669339],[-123.0664709,49.366909],[-123.066502,49.3669072],[-123.0665431,49.3669422],[-123.0665629,49.3669634],[-123.0666039,49.3669708],[-123.0666252,49.3669616],[-123.0666974,49.3669155],[-123.0668718,49.3668307]]}},{"type":"Feature","id":"1225556925","properties":{"kind":"path","name":"","osmWayId":"1225556925"},"geometry":{"type":"LineString","coordinates":[[-123.079048,49.3653275],[-123.078859,49.3653604],[-123.0785891,49.3654234],[-123.0782966,49.3655686],[-123.078139,49.3657118],[-123.0780004,49.3659767],[-123.0779776,49.3661708],[-123.0779867,49.3663837],[-123.0780739,49.3665224],[-123.0781045,49.3667154],[-123.0780957,49.3667825],[-123.0780616,49.3670123],[-123.0780982,49.3670961],[-123.078167,49.3671714],[-123.0782787,49.3672252]]}},{"type":"Feature","id":"1225556926","properties":{"kind":"path","name":"Dreamweaver","osmWayId":"1225556926"},"geometry":{"type":"LineString","coordinates":[[-123.07111,49.3640071],[-123.071075,49.3640665],[-123.0710138,49.364127],[-123.0709383,49.3641812]]}},{"type":"Feature","id":"1225556927","properties":{"kind":"path","name":"","osmWayId":"1225556927"},"geometry":{"type":"LineString","coordinates":[[-123.07979,49.371093],[-123.0797383,49.3710884],[-123.0796739,49.3710785],[-123.0796018,49.3710638],[-123.0794519,49.3710373],[-123.0794376,49.3710413],[-123.0793821,49.3710566],[-123.0793326,49.3710739],[-123.0792915,49.3710916],[-123.0791743,49.3711609],[-123.0791514,49.3711711],[-123.079113,49.3711847],[-123.0790656,49.3711954],[-123.0790003,49.3711996],[-123.0789184,49.3711982],[-123.0788533,49.3711785],[-123.0787863,49.3711635],[-123.0786953,49.3711618],[-123.0786246,49.3711775],[-123.0785648,49.3711905],[-123.0784885,49.3712094],[-123.0784097,49.3712289],[-123.0782867,49.3712674],[-123.0781286,49.371313],[-123.0780286,49.3713408],[-123.0779951,49.3713501],[-123.0778412,49.3714067],[-123.0777836,49.3714311],[-123.0777543,49.3714754],[-123.0777341,49.3715048],[-123.0777067,49.3715446],[-123.0776327,49.3716716],[-123.0775914,49.3717492],[-123.0775148,49.3719089],[-123.0774344,49.3720409],[-123.0773449,49.3721856],[-123.0772483,49.3723457],[-123.0771363,49.3725176],[-123.077041,49.372666],[-123.0769309,49.3728278],[-123.0768865,49.3729171],[-123.0768517,49.3731099],[-123.0768285,49.3731514],[-123.0767699,49.3732181],[-123.0767516,49.3732371],[-123.0766566,49.3733271],[-123.0766284,49.3733536],[-123.0765742,49.3734046],[-123.0764925,49.3734918],[-123.0764196,49.3736195],[-123.0764143,49.3736418],[-123.0763799,49.3737878],[-123.0763601,49.3738463],[-123.0763021,49.3739113],[-123.076204,49.3739918],[-123.0761096,49.3740868],[-123.0760538,49.3742181],[-123.0759593,49.3744564],[-123.0758639,49.3747113],[-123.0757673,49.374997],[-123.0756773,49.3752213],[-123.0756622,49.375259],[-123.0755323,49.3755999],[-123.0754229,49.3758758],[-123.0753092,49.3761958],[-123.0752255,49.3763976]]}},{"type":"Feature","id":"1225556928","properties":{"kind":"path","name":"","osmWayId":"1225556928"},"geometry":{"type":"LineString","coordinates":[[-123.0791853,49.369397],[-123.0789602,49.3692855]]}},{"type":"Feature","id":"1225556929","properties":{"kind":"path","name":"","osmWayId":"1225556929"},"geometry":{"type":"LineString","coordinates":[[-123.0898246,49.3638566],[-123.0899567,49.3639981],[-123.0901275,49.3641516],[-123.0902862,49.364261],[-123.0906291,49.3644242],[-123.0907748,49.3645081],[-123.0908885,49.3646325],[-123.0910217,49.3647684],[-123.0910431,49.3648303],[-123.0910582,49.3649102],[-123.0911399,49.3650583],[-123.0913122,49.3653967],[-123.0913593,49.3655304],[-123.0914535,49.3656414],[-123.0916098,49.365778],[-123.09176,49.3659023],[-123.0919039,49.3659839],[-123.0921117,49.3661204],[-123.0925301,49.366401],[-123.0927348,49.3665645],[-123.0927848,49.3666502],[-123.0928144,49.3667339],[-123.0929379,49.3668436],[-123.0930052,49.3669745],[-123.0930695,49.3672084],[-123.0931777,49.3674224],[-123.0932991,49.3676078],[-123.0935461,49.3678331],[-123.0937634,49.3680317],[-123.0939185,49.3682092],[-123.0939964,49.3683462],[-123.0942336,49.3685233],[-123.0945507,49.3687558],[-123.0946248,49.3688063]]}},{"type":"Feature","id":"1225556930","properties":{"kind":"path","name":"","osmWayId":"1225556930"},"geometry":{"type":"LineString","coordinates":[[-123.095676,49.3683526],[-123.0955667,49.3683874],[-123.095464,49.3684112],[-123.0953412,49.3684571],[-123.0952677,49.3684853],[-123.0952239,49.3685127],[-123.0952305,49.3685567],[-123.0952253,49.3685941],[-123.0951772,49.3686157],[-123.0950994,49.3686347],[-123.0949547,49.3686773],[-123.0947456,49.3687301],[-123.0946248,49.3688063],[-123.0946089,49.3689078],[-123.0945845,49.3691792],[-123.0944677,49.3693324],[-123.0944584,49.3695041],[-123.0945341,49.3696582],[-123.0946687,49.3698733],[-123.094753,49.3700314],[-123.0947182,49.3702343]]}},{"type":"Feature","id":"1225556931","properties":{"kind":"path","name":"BCMC","osmWayId":"1225556931"},"geometry":{"type":"LineString","coordinates":[[-123.0960875,49.3689327],[-123.0961063,49.3689708],[-123.0961461,49.3690144],[-123.0962387,49.3691113],[-123.0962891,49.3691953],[-123.0963196,49.3692601],[-123.0963501,49.3693494],[-123.0964087,49.3694525],[-123.0964626,49.3695097],[-123.0965576,49.3695845],[-123.0966162,49.3696387],[-123.0966467,49.3696838],[-123.0966725,49.3697334],[-123.0966721,49.3697847],[-123.096659,49.3698221]]}},{"type":"Feature","id":"1225556932","properties":{"kind":"building","name":"","osmWayId":"1225556932"},"geometry":{"type":"Polygon","coordinates":[[[-123.0810269,49.3710152],[-123.0810779,49.370947],[-123.0810175,49.3709278],[-123.0809665,49.370996],[-123.0810269,49.3710152]]]}},{"type":"Feature","id":"1225556934","properties":{"kind":"building","name":"","osmWayId":"1225556934"},"geometry":{"type":"Polygon","coordinates":[[[-123.081391,49.3703504],[-123.0813496,49.3702714],[-123.0812586,49.3702916],[-123.0813001,49.3703706],[-123.081391,49.3703504]]]}},{"type":"Feature","id":"1225556936","properties":{"kind":"path","name":"","osmWayId":"1225556936"},"geometry":{"type":"LineString","coordinates":[[-123.0794519,49.3710373],[-123.0794928,49.3710188],[-123.0795205,49.3710029],[-123.0795439,49.3709825],[-123.079563,49.3709609],[-123.0796166,49.3708631]]}},{"type":"Feature","id":"1225556937","properties":{"kind":"path","name":"","osmWayId":"1225556937"},"geometry":{"type":"LineString","coordinates":[[-123.0752255,49.3763976],[-123.0751752,49.3765963],[-123.0751598,49.376745],[-123.0751244,49.3768289],[-123.0750979,49.3769068],[-123.0750943,49.3769876]]}},{"type":"Feature","id":"1230446113","properties":{"kind":"path","name":"Near Gynt","osmWayId":"1230446113"},"geometry":{"type":"LineString","coordinates":[[-123.0636398,49.3654653],[-123.0637652,49.3653869],[-123.0638642,49.3653038],[-123.064011,49.3651524],[-123.064131,49.3649514],[-123.0642187,49.3647814],[-123.0643216,49.3646411],[-123.0644892,49.3645282],[-123.0647865,49.364388],[-123.0650037,49.3641907],[-123.0650552,49.3641038],[-123.0650399,49.3639524],[-123.0650628,49.363868],[-123.0652838,49.3636471],[-123.0654591,49.3634387],[-123.0655868,49.3633257],[-123.0658269,49.3632389],[-123.0660365,49.3631185],[-123.0662099,49.3630142],[-123.0662785,49.3629212],[-123.0663013,49.3628492],[-123.0663566,49.362807],[-123.0666634,49.3626928],[-123.0668034,49.3625908],[-123.0668713,49.3625098],[-123.0669141,49.3624271],[-123.0669832,49.3623845],[-123.0671722,49.3623326]]}},{"type":"Feature","id":"1230446114","properties":{"kind":"path","name":"F\u00e4silalpu","osmWayId":"1230446114"},"geometry":{"type":"LineString","coordinates":[[-123.0636398,49.3654653],[-123.0637899,49.3655482],[-123.0638642,49.3657021],[-123.0638947,49.3657679],[-123.0639443,49.3658039],[-123.0640129,49.3658014],[-123.064091,49.3657555],[-123.0641844,49.3656227],[-123.0642568,49.3654155],[-123.0643082,49.3653373],[-123.0643673,49.3652914],[-123.064413,49.3652814],[-123.0644626,49.3653001],[-123.0645026,49.3653633],[-123.0645254,49.3654477],[-123.0645464,49.3654887],[-123.0645921,49.3654961],[-123.0646302,49.3654738],[-123.0647484,49.3653547],[-123.064785,49.3653279]]}},{"type":"Feature","id":"1230446115","properties":{"kind":"path","name":"","osmWayId":"1230446115"},"geometry":{"type":"LineString","coordinates":[[-123.0636398,49.3654653],[-123.0635091,49.3654527],[-123.0633801,49.3654046]]}},{"type":"Feature","id":"1230804281","properties":{"kind":"path","name":"Dump Trail","osmWayId":"1230804281"},"geometry":{"type":"LineString","coordinates":[[-123.0613649,49.3659523],[-123.0613394,49.3659474],[-123.061211,49.3659607],[-123.0611154,49.3659925],[-123.0610638,49.3659957],[-123.060989,49.3659692],[-123.0609548,49.3659205],[-123.0609662,49.3658453],[-123.0609565,49.3657214],[-123.0608703,49.3656345],[-123.0607109,49.3655488],[-123.0606329,49.3654842],[-123.0605971,49.3654079],[-123.0605938,49.3653348],[-123.0606215,49.3652692],[-123.06068,49.3652247],[-123.0607304,49.3651866],[-123.0607516,49.3651304],[-123.0607548,49.3650711],[-123.0607922,49.3650182],[-123.0608833,49.3649875],[-123.0609321,49.3649546],[-123.060963,49.3648879],[-123.0609646,49.3648318],[-123.060937,49.3647926],[-123.0607695,49.3647238],[-123.0607012,49.3646867],[-123.0606751,49.3646158],[-123.0606703,49.3645459],[-123.0606426,49.3645183],[-123.060584,49.3645128]]}},{"type":"Feature","id":"1231566210","properties":{"kind":"path","name":"","osmWayId":"1231566210"},"geometry":{"type":"LineString","coordinates":[[-123.0928289,49.3621123],[-123.0926738,49.3622021],[-123.0924588,49.3623314],[-123.0923184,49.3624414],[-123.0922594,49.3625619],[-123.0921991,49.3626536],[-123.0921721,49.3627019],[-123.0921092,49.3628143],[-123.0919831,49.3630117],[-123.0918898,49.3631093],[-123.0917646,49.3631786],[-123.0915313,49.3632126],[-123.0913731,49.3632152],[-123.0911545,49.3632188],[-123.0908316,49.3632241]]}},{"type":"Feature","id":"1231566211","properties":{"kind":"path","name":"","osmWayId":"1231566211"},"geometry":{"type":"LineString","coordinates":[[-123.0921721,49.3627019],[-123.0920892,49.3627095],[-123.0919524,49.3627558],[-123.0917459,49.3628668],[-123.0916117,49.3629532],[-123.0915031,49.3630371],[-123.0913731,49.3632152]]}},{"type":"Feature","id":"1231566212","properties":{"kind":"path","name":"","osmWayId":"1231566212"},"geometry":{"type":"LineString","coordinates":[[-123.0911545,49.3632188],[-123.0911209,49.3630353],[-123.0911598,49.362955],[-123.0912818,49.362851],[-123.0913677,49.3627148],[-123.0916278,49.3625942],[-123.0916962,49.3624964],[-123.0919792,49.3623733],[-123.0920194,49.3623148],[-123.0920598,49.3622799]]}},{"type":"Feature","id":"1231566214","properties":{"kind":"wood","name":"","osmWayId":"1231566214"},"geometry":{"type":"Polygon","coordinates":[[[-123.0891805,49.3615766],[-123.0888912,49.3614289],[-123.0887558,49.3613592],[-123.0883093,49.3609612],[-123.0876032,49.3603319],[-123.0871203,49.359624],[-123.0872413,49.3590605],[-123.0874124,49.3589245],[-123.0869257,49.3587975],[-123.0868954,49.3582508],[-123.0866325,49.3579413],[-123.0865617,49.3573881],[-123.0864302,49.3569666],[-123.0862938,49.3567328],[-123.0861586,49.3566245],[-123.0860648,49.3565196],[-123.0859548,49.3565546],[-123.0858743,49.3564847],[-123.0858877,49.356296],[-123.0859709,49.3562191],[-123.0859199,49.3561405],[-123.085818,49.3561353],[-123.0857456,49.3562471],[-123.0857912,49.3563379],[-123.0857509,49.3566524],[-123.0857885,49.3567677],[-123.085987,49.3569145],[-123.0863383,49.3570647],[-123.0864456,49.3572831],[-123.0863813,49.3573757],[-123.0861211,49.3574368],[-123.0859816,49.3574281],[-123.0859467,49.3573512],[-123.0859897,49.3572482],[-123.0858851,49.3571905],[-123.0859306,49.3570717],[-123.0858985,49.3569791],[-123.0858099,49.3569302],[-123.085767,49.3569564],[-123.0858529,49.3570909],[-123.0857429,49.3575085],[-123.0857536,49.3575976],[-123.0858877,49.357657],[-123.0860621,49.3576447],[-123.0862471,49.358216],[-123.0861613,49.3583715],[-123.0862498,49.3586755],[-123.0862096,49.3589358],[-123.0860379,49.3589759],[-123.0858877,49.3589655],[-123.0857563,49.3588886],[-123.0855873,49.3588764],[-123.0854157,49.3587733],[-123.0851635,49.3586126],[-123.0849168,49.358506],[-123.0848336,49.3583313],[-123.0847612,49.358209],[-123.0846593,49.3581671],[-123.0844635,49.3582125],[-123.0843669,49.358195],[-123.084383,49.3580728],[-123.0839646,49.3579138],[-123.0837232,49.3578788],[-123.0832458,49.3576046],[-123.0832377,49.3574491],[-123.0833879,49.3574246],[-123.0832806,49.3573862],[-123.083345,49.3572499],[-123.0835971,49.3572237],[-123.0838653,49.3572971],[-123.083986,49.3572289],[-123.0839968,49.3571591],[-123.084442,49.3573215],[-123.0847666,49.3573338],[-123.0848604,49.3574718],[-123.0853379,49.3576273],[-123.0855149,49.357657],[-123.0856785,49.3575696],[-123.0856061,49.3574526],[-123.085523,49.3574089],[-123.0851957,49.3573442],[-123.0851474,49.3572167],[-123.0848497,49.3572272],[-123.0846325,49.3571346],[-123.0841577,49.3569215],[-123.0838171,49.3567485],[-123.0834335,49.356628],[-123.0832404,49.3566437],[-123.0830526,49.3567293],[-123.0829024,49.3566891],[-123.0827683,49.3564952],[-123.0826932,49.3564725],[-123.0825511,49.356483],[-123.0824196,49.3565144],[-123.0823365,49.3566891],[-123.0821487,49.3567695],[-123.0822131,49.3570088],[-123.082366,49.3573093],[-123.082476,49.3574805],[-123.0826181,49.3575469],[-123.0829293,49.3576255],[-123.0832002,49.3577758],[-123.0841577,49.3583156],[-123.0852333,49.3588606],[-123.0859387,49.359224],[-123.0864,49.3594546],[-123.0864564,49.3595909],[-123.0869588,49.3599743],[-123.0886248,49.3614394],[-123.0887418,49.3615977],[-123.0887339,49.3616321],[-123.0888803,49.3616538],[-123.0891169,49.3616532],[-123.0893266,49.3616254],[-123.0893834,49.3616299],[-123.0895383,49.3617565],[-123.0895314,49.3621668],[-123.0897796,49.3624907],[-123.0901404,49.3627721],[-123.0903563,49.3629694],[-123.0905923,49.3631807],[-123.0906755,49.3632716],[-123.0908203,49.3633973],[-123.0911744,49.3635109],[-123.0914962,49.3635091],[-123.0917913,49.3634253],[-123.0922124,49.3635091],[-123.0923277,49.363462],[-123.0922043,49.3633327],[-123.0923572,49.3631598],[-123.0924994,49.3631318],[-123.0927059,49.3632523],[-123.0930573,49.3634235],[-123.0933255,49.3634305],[-123.0934569,49.3633432],[-123.0934355,49.3631807],[-123.0934435,49.3630986],[-123.0934274,49.3629274],[-123.0937386,49.3626637],[-123.093988,49.3625903],[-123.0941972,49.3624366],[-123.094393,49.3622007],[-123.0944346,49.3620924],[-123.0946814,49.3620086],[-123.0947578,49.3619623],[-123.0947417,49.3618959],[-123.0946881,49.3618575],[-123.0945285,49.3618295],[-123.0942388,49.3619859],[-123.0940671,49.3620269],[-123.0940309,49.3619073],[-123.0938512,49.3618016],[-123.093638,49.3617142],[-123.0934623,49.36173],[-123.0931324,49.3618522],[-123.0929983,49.3617815],[-123.0928306,49.3618138],[-123.0927381,49.3618776],[-123.0923975,49.3618985],[-123.0922955,49.3619894],[-123.0920568,49.3620243],[-123.0918476,49.3619859],[-123.091861,49.3618409],[-123.0915713,49.3618007],[-123.0915874,49.3616732],[-123.0914292,49.3616051],[-123.0912146,49.3616033],[-123.0911851,49.3614968],[-123.0910322,49.3614758],[-123.0908659,49.3614024],[-123.0908954,49.3612766],[-123.0909839,49.361212],[-123.0909088,49.3611107],[-123.0906728,49.3610967],[-123.090544,49.3611439],[-123.0903402,49.3610408],[-123.090367,49.3608242],[-123.0904555,49.3607272],[-123.0904442,49.3606225],[-123.0907655,49.3603567],[-123.0911333,49.3600851],[-123.0909423,49.3599952],[-123.0906823,49.360199],[-123.0904233,49.3603316],[-123.0901364,49.3604661],[-123.0900802,49.3605756],[-123.0901149,49.3607491],[-123.0898976,49.3609343],[-123.0898091,49.3609954],[-123.0898628,49.3611631],[-123.0896656,49.3612181],[-123.0895248,49.3614374],[-123.0893558,49.3615614],[-123.0891805,49.3615766]]]}},{"type":"Feature","id":"1231566220","properties":{"kind":"stream","name":"Malaspina Spur 1","osmWayId":"1231566220"},"geometry":{"type":"LineString","coordinates":[[-123.0909902,49.3636366],[-123.0909902,49.3635553],[-123.0910157,49.3634304],[-123.0911873,49.3633728],[-123.091536,49.3633186],[-123.0917801,49.363268],[-123.0919196,49.3631763],[-123.0924359,49.362702],[-123.092802,49.3626723],[-123.0930783,49.3627029],[-123.0934301,49.362629],[-123.0935825,49.3625544],[-123.09395,49.3623588],[-123.0940117,49.3622566],[-123.094174,49.3621622],[-123.0942427,49.3621045]]}},{"type":"Feature","id":"1232218748","properties":{"kind":"lift","name":"Blue Grouse Gondola","osmWayId":"1232218748"},"geometry":{"type":"LineString","coordinates":[[-123.0826648,49.3791],[-123.0829707,49.3789821],[-123.083204,49.3788922],[-123.083661,49.3787161],[-123.0837297,49.3786896],[-123.0838219,49.378654],[-123.0859911,49.3778139],[-123.088117,49.3769907],[-123.0900375,49.3762469],[-123.090861,49.375928],[-123.0919543,49.3755046],[-123.0935673,49.3748788],[-123.0964383,49.3737923],[-123.0979349,49.3732145],[-123.0990785,49.3727737],[-123.0992763,49.3726974],[-123.0995065,49.3726086]]}},{"type":"Feature","id":"1232218749","properties":{"kind":"path","name":"","osmWayId":"1232218749"},"geometry":{"type":"LineString","coordinates":[[-123.0986166,49.3733309],[-123.0984192,49.3733238],[-123.0983025,49.3732984],[-123.0977299,49.3728409],[-123.0975958,49.3726409]]}},{"type":"Feature","id":"1271342619","properties":{"kind":"stream","name":"","osmWayId":"1271342619"},"geometry":{"type":"LineString","coordinates":[[-123.0841321,49.3730736],[-123.0842186,49.3731144],[-123.0842892,49.3731579],[-123.0844693,49.3732206],[-123.0846069,49.3732472],[-123.0847712,49.3732547],[-123.0848813,49.3732711],[-123.084997,49.3732824],[-123.085104,49.3733015],[-123.0852197,49.3733436],[-123.0853014,49.3733837],[-123.0853899,49.3734156],[-123.0854874,49.3734331],[-123.0855277,49.3734547],[-123.0855576,49.3734784]]}},{"type":"Feature","id":"1271342622","properties":{"kind":"stream","name":"","osmWayId":"1271342622"},"geometry":{"type":"LineString","coordinates":[[-123.0851434,49.3750986],[-123.0851757,49.3750639],[-123.0852912,49.3750012],[-123.0854534,49.3749388],[-123.0855328,49.3748812],[-123.0855986,49.3748218],[-123.0857392,49.3747403],[-123.0858549,49.3746514],[-123.0858766,49.3745852],[-123.0858431,49.3744677],[-123.0858732,49.3744112],[-123.0858734,49.3742658]]}},{"type":"Feature","id":"1271342623","properties":{"kind":"path","name":"Taint","osmWayId":"1271342623"},"geometry":{"type":"LineString","coordinates":[[-123.090437,49.3726938],[-123.090118,49.3727771],[-123.0899032,49.3727869],[-123.0894826,49.3729086],[-123.0893843,49.3728933],[-123.0891669,49.3728993],[-123.0888641,49.373026],[-123.0885001,49.3729798],[-123.0882729,49.3728915],[-123.0883035,49.3727927],[-123.0881625,49.3727172],[-123.0879717,49.3727518],[-123.087753,49.3726728],[-123.0875473,49.3727015],[-123.0872921,49.3728056],[-123.0870624,49.3729335],[-123.0867838,49.3729898],[-123.0865671,49.373034],[-123.0863727,49.3731054],[-123.0860607,49.3731951],[-123.0859028,49.3731975],[-123.0857649,49.373214],[-123.0857268,49.3732542],[-123.0856615,49.3733015],[-123.0856107,49.3733156],[-123.0855509,49.3733156],[-123.0854093,49.3732459],[-123.0853241,49.3732341],[-123.0852243,49.3732448],[-123.0849376,49.3733747],[-123.0848397,49.3734361],[-123.084807,49.3735129],[-123.0847707,49.3735448],[-123.0846836,49.3735897],[-123.0846419,49.3736263],[-123.0846201,49.3736665],[-123.084622,49.3737173],[-123.0846764,49.3737657],[-123.0847925,49.3738638],[-123.0848524,49.37395],[-123.0848868,49.3741225],[-123.0849032,49.3742453],[-123.0848507,49.3743188],[-123.0847888,49.3743501],[-123.0847283,49.3743653],[-123.0845963,49.3743573],[-123.0844258,49.3743689],[-123.0843048,49.3743886],[-123.0841508,49.3743752],[-123.0839982,49.3743653],[-123.0838181,49.3744119],[-123.0837246,49.3744638],[-123.0836517,49.3745095],[-123.0835307,49.3745426],[-123.0833781,49.3745551],[-123.0833121,49.3745829],[-123.083242,49.3746061],[-123.0831457,49.3746035],[-123.0830591,49.3745811],[-123.0829656,49.3745676],[-123.082901,49.3745659],[-123.0828323,49.3745954],[-123.0827278,49.3746697],[-123.0825985,49.3747503],[-123.0824638,49.3748514],[-123.0824129,49.3749159],[-123.0823524,49.3750475],[-123.0822823,49.3751567],[-123.0821503,49.3752668],[-123.08212,49.3753089],[-123.0821077,49.375351],[-123.082142,49.3753948],[-123.0821929,49.375505],[-123.0822424,49.3756625],[-123.0823662,49.3759427],[-123.0824844,49.3760994],[-123.0825999,49.3761808],[-123.0827003,49.3762328],[-123.0827951,49.3762471],[-123.0828804,49.3762372],[-123.0830179,49.3761871],[-123.0831004,49.3761683],[-123.0831787,49.3761799],[-123.0832296,49.3761773],[-123.0833039,49.3761602],[-123.0834744,49.3761164],[-123.0835637,49.3760877],[-123.083649,49.3760895],[-123.0837452,49.3761146],[-123.083814,49.3761495],[-123.0838965,49.376214],[-123.0839982,49.3763071],[-123.084017,49.3763364],[-123.0840243,49.376393],[-123.0840065,49.3764333],[-123.0839652,49.3764727],[-123.0839484,49.3765252]]}},{"type":"Feature","id":"1283321158","properties":{"kind":"path","name":"","osmWayId":"1283321158"},"geometry":{"type":"LineString","coordinates":[[-123.0975958,49.3726409],[-123.0975292,49.3725684],[-123.0974514,49.3723972],[-123.097269,49.3721632],[-123.0971483,49.3719798],[-123.0971215,49.3719065]]}},{"type":"Feature","id":"1283321159","properties":{"kind":"building","name":"","osmWayId":"1283321159"},"geometry":{"type":"Polygon","coordinates":[[[-123.0828019,49.3790057],[-123.0825612,49.3790877],[-123.0826143,49.3791538],[-123.0828551,49.3790719],[-123.0828019,49.3790057]]]}},{"type":"Feature","id":"1283321160","properties":{"kind":"wood","name":"","osmWayId":"1283321160"},"geometry":{"type":"Polygon","coordinates":[[[-123.0978989,49.3731293],[-123.0978663,49.3730624],[-123.0977215,49.3729529],[-123.0975954,49.3728617],[-123.0975347,49.3727644],[-123.0975253,49.3726276],[-123.0974646,49.3725667],[-123.0972925,49.3723315],[-123.095576,49.3729995],[-123.0864251,49.3776106],[-123.0887644,49.3767142],[-123.0971844,49.3734242],[-123.0978989,49.3731293]]]}},{"type":"Feature","id":"1283321161","properties":{"kind":"wood","name":"","osmWayId":"1283321161"},"geometry":{"type":"Polygon","coordinates":[[[-123.0986162,49.3735505],[-123.0982725,49.3733634],[-123.0981465,49.3732844],[-123.098011,49.3732631],[-123.0978149,49.3733056],[-123.0855515,49.3780764],[-123.0847773,49.3783565],[-123.0845413,49.3784892],[-123.0843428,49.3785626],[-123.0841684,49.3786551],[-123.0841336,49.3787093],[-123.0842462,49.378704],[-123.0843321,49.3786272],[-123.0845681,49.3785783],[-123.0846539,49.3785696],[-123.0846459,49.3786184],[-123.084383,49.3788053],[-123.0843334,49.3790105],[-123.0842368,49.3791458],[-123.0842556,49.3791825],[-123.0843106,49.3792017],[-123.0843886,49.3791618],[-123.0845688,49.3792539],[-123.0858816,49.3787232],[-123.0859253,49.3787058],[-123.0986162,49.3735505]]]}},{"type":"Feature","id":"1291161220","properties":{"kind":"path","name":"Deletor","osmWayId":"1291161220"},"geometry":{"type":"LineString","coordinates":[[-123.0610027,49.3674113],[-123.0608473,49.3673986],[-123.0606516,49.3673896],[-123.0604842,49.3674099],[-123.060364,49.3674508],[-123.060299,49.3674549],[-123.0601781,49.36745],[-123.0601091,49.3674565],[-123.0600499,49.3674778],[-123.0599846,49.3675163],[-123.059929,49.3675906],[-123.0598198,49.3676555],[-123.0597044,49.3677183],[-123.059644,49.3677392],[-123.0596006,49.3677472],[-123.0595454,49.3677309],[-123.0594468,49.3676666],[-123.0593278,49.3675407],[-123.0593199,49.3674773],[-123.0592893,49.3674238],[-123.0591323,49.3673568],[-123.0590207,49.3672334],[-123.0589695,49.3672122],[-123.0588932,49.3671808],[-123.0586979,49.367155],[-123.0585634,49.3671716],[-123.0583822,49.3672453],[-123.0581934,49.3672839],[-123.0579657,49.3673625],[-123.0578908,49.3674355],[-123.057845,49.3674664],[-123.0576943,49.3675185],[-123.0574886,49.3675929],[-123.0573728,49.3676685],[-123.0572808,49.3676888],[-123.0571817,49.3676869],[-123.0571109,49.3676583],[-123.0570047,49.3675818],[-123.0569339,49.3675302],[-123.056781,49.3675072],[-123.0566706,49.3674555],[-123.0566412,49.3674153],[-123.0565386,49.367336],[-123.0564569,49.3673292],[-123.0563838,49.3673411],[-123.0563146,49.3673962],[-123.056247,49.3674325],[-123.0561687,49.3674429],[-123.0560323,49.3674362]]}},{"type":"Feature","id":"1291161227","properties":{"kind":"path","name":"Dump Trail","osmWayId":"1291161227"},"geometry":{"type":"LineString","coordinates":[[-123.0620167,49.3660529],[-123.0619513,49.3660195],[-123.06185,49.3659828]]}},{"type":"Feature","id":"1291161228","properties":{"kind":"path","name":"","osmWayId":"1291161228"},"geometry":{"type":"LineString","coordinates":[[-123.06191,49.3640472],[-123.0620815,49.3639367],[-123.0621961,49.3638733],[-123.0622796,49.3639277],[-123.0623886,49.3639457],[-123.0624618,49.3639277],[-123.0625284,49.3638716],[-123.0626097,49.3637519],[-123.0626732,49.3636683],[-123.0627512,49.3636238],[-123.0629464,49.3635804],[-123.0633757,49.3635729],[-123.0635448,49.3635507],[-123.0636212,49.3635242],[-123.0636651,49.3634808],[-123.0637123,49.363413],[-123.0637875,49.3633493],[-123.0639822,49.3633116],[-123.064273,49.3632506]]}},{"type":"Feature","id":"1291162603","properties":{"kind":"path","name":"Grouse Mountain Highway","osmWayId":"1291162603"},"geometry":{"type":"LineString","coordinates":[[-123.0624754,49.3645141],[-123.0624189,49.364437],[-123.0623289,49.3643294],[-123.062182,49.3642071],[-123.0619539,49.3640654],[-123.06191,49.3640472],[-123.0616822,49.3639528],[-123.0612314,49.3638108],[-123.0611021,49.3637771],[-123.060977,49.3637561],[-123.0608542,49.3637477],[-123.0606819,49.3637497],[-123.0604378,49.363765],[-123.0600165,49.3638198],[-123.059624,49.363861],[-123.059305,49.363914],[-123.0590678,49.3639649],[-123.058811,49.364036],[-123.058562,49.364114],[-123.0584306,49.3641358],[-123.0583141,49.3641464],[-123.0581877,49.3641442],[-123.058009,49.3641257],[-123.0579256,49.364112],[-123.0577987,49.3640993],[-123.0576501,49.3640967],[-123.057533,49.3640985],[-123.0574852,49.3641066],[-123.05743,49.3641219],[-123.05736,49.3641476],[-123.0572888,49.3641702],[-123.0572144,49.3641874],[-123.0571377,49.3641862],[-123.0570913,49.3641772],[-123.0570437,49.3641584],[-123.0570095,49.3641217],[-123.0569991,49.3640914],[-123.0570008,49.3640582],[-123.0570126,49.3640342],[-123.0570386,49.3640184],[-123.0570793,49.3640012],[-123.0571482,49.3639759],[-123.0573558,49.3639319],[-123.0574973,49.3639049],[-123.0576336,49.3638751],[-123.0577658,49.3638349],[-123.0578825,49.3637775],[-123.0579884,49.3637163],[-123.0580716,49.3636395],[-123.0581208,49.363571],[-123.0581992,49.3634211],[-123.0582898,49.3632246],[-123.0583396,49.3631588],[-123.058406,49.3630984],[-123.0584652,49.3630621],[-123.0585715,49.3630193],[-123.058646,49.362994],[-123.059045,49.362869],[-123.059229,49.362789],[-123.059771,49.362428],[-123.060819,49.36184],[-123.0611175,49.3616824],[-123.0612887,49.3615877],[-123.0613428,49.3615597],[-123.0615504,49.3614524],[-123.0616913,49.3613932],[-123.0621122,49.361232],[-123.062379,49.3611568],[-123.0626427,49.3610796],[-123.0628885,49.3610137],[-123.0630983,49.3609711],[-123.0634789,49.3609431],[-123.0638074,49.3609237],[-123.0638831,49.3609219],[-123.0640186,49.360929],[-123.0641725,49.3609457],[-123.0642569,49.3609616],[-123.0643737,49.3609866],[-123.0645181,49.3610376],[-123.0646749,49.3611021],[-123.0648622,49.3611703],[-123.06511,49.361273],[-123.065581,49.361377],[-123.0657317,49.3614656],[-123.0658414,49.3615262],[-123.0659556,49.3615813],[-123.0660288,49.3616026],[-123.0660758,49.361613],[-123.0662221,49.3616254],[-123.0663474,49.3616442],[-123.066436,49.3616601],[-123.0665157,49.361689],[-123.0666862,49.3617755],[-123.0668169,49.3618906],[-123.0669107,49.3619472],[-123.0669814,49.3619832],[-123.067062,49.3619919]]}},{"type":"Feature","id":"1291184941","properties":{"kind":"path","name":"","osmWayId":"1291184941"},"geometry":{"type":"LineString","coordinates":[[-123.0645996,49.3690463],[-123.0648209,49.3690628],[-123.0650728,49.3690617],[-123.0651804,49.3690176],[-123.0652739,49.3689684],[-123.0653533,49.3689159],[-123.0654391,49.3688851],[-123.0655492,49.3688926],[-123.0656606,49.3689001],[-123.0657464,49.368875],[-123.0658476,49.3688175],[-123.0660409,49.36877],[-123.0663892,49.3687575],[-123.0666044,49.3687341],[-123.0668208,49.368737]]}},{"type":"Feature","id":"1291184942","properties":{"kind":"path","name":"","osmWayId":"1291184942"},"geometry":{"type":"LineString","coordinates":[[-123.0623961,49.3733858],[-123.0624917,49.373383],[-123.0625326,49.3734229],[-123.0626274,49.3734978],[-123.062679,49.3735201],[-123.0627609,49.373506],[-123.0629708,49.3734595],[-123.0632919,49.3733028],[-123.0635238,49.3731881],[-123.0637668,49.3731082],[-123.0639117,49.3730153],[-123.0640856,49.3728368],[-123.0642038,49.3727424],[-123.0642974,49.3727104],[-123.0644446,49.3726887],[-123.0645694,49.3726466],[-123.0648058,49.3725217],[-123.0650555,49.3724172],[-123.0651424,49.3724128],[-123.0652271,49.3724143],[-123.0653275,49.3723998],[-123.065653,49.3722938],[-123.0658699,49.3722472]]}},{"type":"Feature","id":"1298908721","properties":{"kind":"path","name":"","osmWayId":"1298908721"},"geometry":{"type":"LineString","coordinates":[[-123.0985474,49.3717269],[-123.0985144,49.3717142],[-123.0984654,49.3716962]]}},{"type":"Feature","id":"1298908722","properties":{"kind":"path","name":"","osmWayId":"1298908722"},"geometry":{"type":"LineString","coordinates":[[-123.0984654,49.3716962],[-123.0985721,49.3715457],[-123.0986116,49.3714741]]}},{"type":"Feature","id":"1298908723","properties":{"kind":"path","name":"","osmWayId":"1298908723"},"geometry":{"type":"LineString","coordinates":[[-123.0831695,49.3795944],[-123.083274,49.3796776]]}},{"type":"Feature","id":"1298908724","properties":{"kind":"path","name":"","osmWayId":"1298908724"},"geometry":{"type":"LineString","coordinates":[[-123.083274,49.3796776],[-123.083459,49.3796959]]}},{"type":"Feature","id":"1298908725","properties":{"kind":"path","name":"","osmWayId":"1298908725"},"geometry":{"type":"LineString","coordinates":[[-123.0989046,49.3723572],[-123.0991514,49.37224]]}},{"type":"Feature","id":"1298908726","properties":{"kind":"path","name":"","osmWayId":"1298908726"},"geometry":{"type":"LineString","coordinates":[[-123.0990358,49.3724969],[-123.09918,49.3724284],[-123.0992991,49.3723719]]}},{"type":"Feature","id":"1300160384","properties":{"kind":"path","name":"","osmWayId":"1300160384"},"geometry":{"type":"LineString","coordinates":[[-123.083018,49.3808478],[-123.0830807,49.3809805]]}},{"type":"Feature","id":"1300160385","properties":{"kind":"path","name":"","osmWayId":"1300160385"},"geometry":{"type":"LineString","coordinates":[[-123.0820525,49.381658],[-123.0821274,49.3816326],[-123.0821811,49.3816038],[-123.0822331,49.381586],[-123.0822945,49.3815643],[-123.0823555,49.3815503],[-123.0824266,49.3815437],[-123.0825393,49.3815482],[-123.0825917,49.3815585],[-123.0826084,49.3815694],[-123.082621,49.3815813],[-123.0826368,49.3816101],[-123.0826494,49.3816268],[-123.0826673,49.38164],[-123.0827015,49.3816549],[-123.0827295,49.3816612],[-123.0827795,49.3816594],[-123.0828129,49.381653],[-123.0828462,49.3816374],[-123.0828889,49.381603],[-123.0829247,49.3815654],[-123.0829535,49.3815307],[-123.0829782,49.3815015],[-123.0829936,49.3814923],[-123.0830306,49.3814895],[-123.0831009,49.3815019],[-123.0831791,49.3815212],[-123.0832155,49.3815268],[-123.083266,49.3815272],[-123.0832956,49.3815208],[-123.0833196,49.3815088],[-123.0833319,49.3814927],[-123.0833356,49.3814486],[-123.0833224,49.3813381],[-123.0832719,49.3812633],[-123.083257,49.381205],[-123.0832495,49.3811326],[-123.0832103,49.3810645],[-123.0831777,49.3810307],[-123.0831213,49.3810013],[-123.0830995,49.3809916],[-123.0830807,49.3809805]]}},{"type":"Feature","id":"1300160386","properties":{"kind":"path","name":"","osmWayId":"1300160386"},"geometry":{"type":"LineString","coordinates":[[-123.083018,49.3808478],[-123.0830185,49.3808426],[-123.0830265,49.3808358],[-123.0830515,49.3808222],[-123.0830852,49.3807994],[-123.0831031,49.3807755],[-123.0831058,49.3807479],[-123.083065,49.3806916],[-123.0829773,49.3806143]]}},{"type":"Feature","id":"1300160387","properties":{"kind":"path","name":"","osmWayId":"1300160387"},"geometry":{"type":"LineString","coordinates":[[-123.0836085,49.3800492],[-123.0835564,49.3800737],[-123.0835164,49.3800953],[-123.0834988,49.3801105],[-123.0834673,49.3801478],[-123.0834542,49.3801755],[-123.083434,49.3802294],[-123.0834258,49.3802474],[-123.0834156,49.3802596],[-123.0833979,49.3802732],[-123.0833112,49.3803368],[-123.0831945,49.380419],[-123.083145,49.3804619],[-123.083088,49.3805172],[-123.0830304,49.3805814],[-123.0830138,49.3805963],[-123.0829993,49.380606],[-123.0829773,49.3806143]]}},{"type":"Feature","id":"1300160388","properties":{"kind":"path","name":"","osmWayId":"1300160388"},"geometry":{"type":"LineString","coordinates":[[-123.0829773,49.3806143],[-123.0829304,49.380622],[-123.0828962,49.3806302],[-123.0828574,49.3806437],[-123.082834,49.380647],[-123.0828088,49.3806473],[-123.0827328,49.3806267],[-123.0826505,49.3806095],[-123.082567,49.3805947],[-123.0824955,49.3805908]]}},{"type":"Feature","id":"1300160389","properties":{"kind":"path","name":"","osmWayId":"1300160389"},"geometry":{"type":"LineString","coordinates":[[-123.0827461,49.3798793],[-123.0827096,49.379894],[-123.0826757,49.3799086],[-123.0826505,49.3799264],[-123.0826239,49.3799514],[-123.0826032,49.3799733],[-123.0825869,49.3799964],[-123.0825789,49.380013],[-123.082574,49.3800318],[-123.0825701,49.380066],[-123.0825643,49.3801173],[-123.0825624,49.3801464],[-123.082556,49.3801741],[-123.0825261,49.3802221],[-123.0824972,49.3802762],[-123.0824934,49.3802978],[-123.0825004,49.3803197],[-123.0825299,49.3803495],[-123.0825397,49.3803702],[-123.0825415,49.3803963],[-123.0824917,49.3805184],[-123.0824955,49.3805908]]}},{"type":"Feature","id":"1300160390","properties":{"kind":"path","name":"","osmWayId":"1300160390"},"geometry":{"type":"LineString","coordinates":[[-123.0824955,49.3805908],[-123.082439,49.3806031],[-123.0823849,49.3806097],[-123.0822939,49.3806145],[-123.0821532,49.3806372],[-123.0820581,49.3806441],[-123.0819776,49.3806512],[-123.081904,49.3806687],[-123.0817741,49.3807108],[-123.0816754,49.3807628],[-123.0815773,49.3808229],[-123.0814925,49.3808746],[-123.0814207,49.3809031],[-123.0812579,49.3809515],[-123.0811539,49.3809957],[-123.081035,49.3810473],[-123.0809346,49.3810661],[-123.0808175,49.3810886]]}},{"type":"Feature","id":"1300160391","properties":{"kind":"path","name":"","osmWayId":"1300160391"},"geometry":{"type":"LineString","coordinates":[[-123.0827461,49.3798793],[-123.0828745,49.3798323],[-123.0829529,49.3797968]]}},{"type":"Feature","id":"1300160392","properties":{"kind":"path","name":"","osmWayId":"1300160392"},"geometry":{"type":"LineString","coordinates":[[-123.0829529,49.3797968],[-123.0829227,49.3797623],[-123.0828996,49.3797396]]}},{"type":"Feature","id":"1300160393","properties":{"kind":"path","name":"","osmWayId":"1300160393"},"geometry":{"type":"LineString","coordinates":[[-123.0827461,49.3798793],[-123.0827631,49.3798935],[-123.082774,49.3799014]]}},{"type":"Feature","id":"1300160394","properties":{"kind":"path","name":"","osmWayId":"1300160394"},"geometry":{"type":"LineString","coordinates":[[-123.082774,49.3799014],[-123.0828431,49.3799357],[-123.0829099,49.3799643],[-123.08296,49.3799824]]}},{"type":"Feature","id":"1300160395","properties":{"kind":"path","name":"","osmWayId":"1300160395"},"geometry":{"type":"LineString","coordinates":[[-123.08296,49.3799824],[-123.0829909,49.3799958]]}},{"type":"Feature","id":"1300160396","properties":{"kind":"path","name":"","osmWayId":"1300160396"},"geometry":{"type":"LineString","coordinates":[[-123.0829909,49.3799958],[-123.082998,49.3800119],[-123.0830007,49.3800228],[-123.0829994,49.3800496],[-123.0829923,49.3800759],[-123.0829742,49.3801162],[-123.0829603,49.3801536],[-123.0829563,49.3801814],[-123.0829708,49.380207],[-123.0830118,49.3802364],[-123.0830754,49.3802537],[-123.0831253,49.3802505],[-123.0831945,49.3802374],[-123.0832564,49.3802137],[-123.0832765,49.3802085],[-123.0832905,49.3802057],[-123.0833125,49.3802077],[-123.0833369,49.3802168],[-123.0833662,49.3802323],[-123.0834258,49.3802474]]}},{"type":"Feature","id":"1300160397","properties":{"kind":"path","name":"","osmWayId":"1300160397"},"geometry":{"type":"LineString","coordinates":[[-123.0829909,49.3799958],[-123.0830332,49.3799805],[-123.0830672,49.379966],[-123.083094,49.3799483],[-123.0831088,49.3799323],[-123.0831303,49.3798979],[-123.0831446,49.3798679]]}},{"type":"Feature","id":"1300160398","properties":{"kind":"path","name":"","osmWayId":"1300160398"},"geometry":{"type":"LineString","coordinates":[[-123.0822147,49.3796945],[-123.0822124,49.3797316],[-123.0821974,49.3797477],[-123.0821273,49.379796],[-123.082109,49.3798145],[-123.0820895,49.3798407],[-123.0820761,49.3798663],[-123.0820478,49.3799388],[-123.0820186,49.3800408],[-123.081991,49.3801386],[-123.0819627,49.3802112],[-123.0819547,49.3802469]]}},{"type":"Feature","id":"1300160399","properties":{"kind":"path","name":"","osmWayId":"1300160399"},"geometry":{"type":"LineString","coordinates":[[-123.079348,49.3805321],[-123.0793253,49.3805793],[-123.0793161,49.3806437],[-123.0793088,49.3806953],[-123.0792911,49.3807231],[-123.0792661,49.3807461],[-123.0792386,49.3807644],[-123.0792002,49.3807731],[-123.0791691,49.3807882],[-123.079152,49.3808081],[-123.0791417,49.3808291],[-123.0791276,49.3808756],[-123.0791182,49.3809085],[-123.0791028,49.3809452],[-123.0790927,49.3809628],[-123.0790758,49.3809788],[-123.079051,49.3809915],[-123.079024,49.3810013],[-123.0790079,49.3810043],[-123.0789721,49.3810221],[-123.0789459,49.3810374],[-123.0789234,49.381059],[-123.0788681,49.3811396]]}},{"type":"Feature","id":"1300160400","properties":{"kind":"path","name":"","osmWayId":"1300160400"},"geometry":{"type":"LineString","coordinates":[[-123.0790079,49.3810043],[-123.0789665,49.3809995],[-123.0789207,49.3809896],[-123.0788708,49.3809731],[-123.0788241,49.3809526],[-123.078789,49.380943],[-123.0787663,49.380939],[-123.0787441,49.3809397],[-123.0787229,49.3809445],[-123.0786115,49.3809816]]}},{"type":"Feature","id":"1300160401","properties":{"kind":"path","name":"","osmWayId":"1300160401"},"geometry":{"type":"LineString","coordinates":[[-123.0792002,49.3807731],[-123.0791814,49.3807576],[-123.079171,49.3807505],[-123.0791439,49.3807316],[-123.0791228,49.3807157],[-123.0791158,49.380704],[-123.0791148,49.3806872],[-123.0791214,49.3806717],[-123.0791341,49.3806559],[-123.0791523,49.3806456],[-123.0791698,49.3806413],[-123.079195,49.3806406],[-123.0792125,49.3806436],[-123.0792262,49.3806502],[-123.0792367,49.38066],[-123.0792441,49.3806737],[-123.0792448,49.380686],[-123.0792378,49.3806997],[-123.0792255,49.3807168],[-123.0792052,49.3807328],[-123.079171,49.3807505]]}},{"type":"Feature","id":"1300160402","properties":{"kind":"path","name":"","osmWayId":"1300160402"},"geometry":{"type":"LineString","coordinates":[[-123.0792002,49.3807731],[-123.0792059,49.3807892],[-123.0792151,49.3808052],[-123.0792276,49.3808177],[-123.0792477,49.3808303],[-123.0792747,49.3808403],[-123.079321,49.3808557],[-123.0793544,49.3808699],[-123.0793753,49.3808846],[-123.079393,49.380904],[-123.0794003,49.3809197],[-123.0794051,49.3809425],[-123.0794119,49.3809621],[-123.0794232,49.3809815],[-123.0794606,49.3810245],[-123.0795042,49.3810853]]}},{"type":"Feature","id":"1300160403","properties":{"kind":"path","name":"","osmWayId":"1300160403"},"geometry":{"type":"LineString","coordinates":[[-123.0794383,49.3811016],[-123.0794475,49.3811225],[-123.0794215,49.3811498],[-123.0793981,49.3811737],[-123.0793843,49.3811979],[-123.0793694,49.3812345],[-123.0793523,49.3812896]]}},{"type":"Feature","id":"1300160404","properties":{"kind":"wood","name":"","osmWayId":"1300160404"},"geometry":{"type":"Polygon","coordinates":[[[-123.0776436,49.3815149],[-123.0778188,49.3814547],[-123.0778507,49.3814001],[-123.07789,49.381324],[-123.0778645,49.381295],[-123.0778284,49.3812978],[-123.0777933,49.3813302],[-123.0777339,49.3813524],[-123.0776351,49.3813475],[-123.0774864,49.3813462],[-123.0773844,49.3813593],[-123.0773653,49.3813814],[-123.0773749,49.3814416],[-123.0773897,49.3814644],[-123.077496,49.3815038],[-123.0776436,49.3815149]]]}},{"type":"Feature","id":"1300160405","properties":{"kind":"path","name":"","osmWayId":"1300160405"},"geometry":{"type":"LineString","coordinates":[[-123.0799975,49.3764531],[-123.0799956,49.3765871],[-123.0799744,49.3766058],[-123.0797511,49.3768023],[-123.0796871,49.3768058],[-123.0796454,49.3768081],[-123.0795506,49.3768315],[-123.0794397,49.3768869],[-123.0793163,49.3769696],[-123.0791808,49.3770529],[-123.0791257,49.3771069],[-123.0791038,49.3771507],[-123.0791061,49.3772085],[-123.0791164,49.3772704],[-123.0791933,49.3775508],[-123.0792695,49.3781176],[-123.0793217,49.3783579],[-123.0794004,49.3785189],[-123.079434,49.3785877],[-123.0794696,49.378851],[-123.0794798,49.3789261],[-123.079478,49.3790153],[-123.0794628,49.3790452]]}},{"type":"Feature","id":"1300160406","properties":{"kind":"path","name":"","osmWayId":"1300160406"},"geometry":{"type":"LineString","coordinates":[[-123.0788152,49.3742412],[-123.0787845,49.3741679],[-123.0787303,49.374089],[-123.0786868,49.374006],[-123.0786358,49.3738664],[-123.0786029,49.3737481],[-123.0785562,49.3735766],[-123.0785041,49.3733961],[-123.0784563,49.3732101],[-123.0784361,49.3731153],[-123.0784087,49.3730314],[-123.0784,49.3730047],[-123.0783763,49.372889],[-123.0783713,49.3728643],[-123.0783352,49.3727128],[-123.0783087,49.3725717],[-123.078263,49.3723947],[-123.0782452,49.3723231],[-123.0782173,49.3722114],[-123.0781991,49.3721488],[-123.0781887,49.3721132],[-123.0781825,49.3720835],[-123.0781547,49.3719507],[-123.078126,49.3717958],[-123.0780697,49.371645],[-123.0780629,49.3716217],[-123.0780453,49.371562],[-123.0780357,49.3714486],[-123.078034,49.3714232],[-123.0780286,49.3713408]]}},{"type":"Feature","id":"1300160407","properties":{"kind":"path","name":"","osmWayId":"1300160407"},"geometry":{"type":"LineString","coordinates":[[-123.0787631,49.3742595],[-123.0787714,49.3742943],[-123.0787843,49.3743482],[-123.0787956,49.3743861],[-123.0787973,49.3743919],[-123.0788127,49.3744437],[-123.07887,49.3746076],[-123.0788934,49.374703],[-123.0788955,49.3747147],[-123.0789146,49.3748185],[-123.0789316,49.3749388],[-123.0789539,49.3750108],[-123.0790017,49.3750986]]}},{"type":"Feature","id":"1300160408","properties":{"kind":"path","name":"","osmWayId":"1300160408"},"geometry":{"type":"LineString","coordinates":[[-123.0796809,49.3756883],[-123.0795864,49.3756703],[-123.0794961,49.3756481],[-123.0793893,49.3756274],[-123.0793637,49.375579],[-123.0793472,49.3755249],[-123.0793356,49.3754539],[-123.079332,49.3753748],[-123.079332,49.3752422],[-123.0793356,49.3751961],[-123.0793448,49.3751691],[-123.0793741,49.3751321],[-123.0794107,49.3751206],[-123.0794912,49.3751111],[-123.0795845,49.3750952],[-123.0796546,49.3750745]]}},{"type":"Feature","id":"1300160409","properties":{"kind":"path","name":"","osmWayId":"1300160409"},"geometry":{"type":"LineString","coordinates":[[-123.0793893,49.3756274],[-123.0793538,49.3756711],[-123.0793337,49.3757104],[-123.0793303,49.3757284],[-123.0793349,49.3757641],[-123.0793599,49.3758308],[-123.079394,49.3759185],[-123.0794205,49.3760102],[-123.0794471,49.3761129],[-123.07946,49.3762088],[-123.079472,49.3763273],[-123.079497,49.3764111],[-123.0795244,49.3764745],[-123.0795389,49.3765269],[-123.0795686,49.3765919],[-123.079625,49.3766957],[-123.0796871,49.3768058]]}},{"type":"Feature","id":"1300160410","properties":{"kind":"building","name":"","osmWayId":"1300160410"},"geometry":{"type":"Polygon","coordinates":[[[-123.0788942,49.3781908],[-123.0788001,49.3781033],[-123.0787155,49.3781419],[-123.0788096,49.3782294],[-123.0788942,49.3781908]]]}},{"type":"Feature","id":"1300160411","properties":{"kind":"building","name":"","osmWayId":"1300160411"},"geometry":{"type":"Polygon","coordinates":[[[-123.0784065,49.3783704],[-123.0783885,49.378343],[-123.0783307,49.3783591],[-123.0783488,49.3783865],[-123.0784065,49.3783704]]]}},{"type":"Feature","id":"1300160412","properties":{"kind":"path","name":"","osmWayId":"1300160412"},"geometry":{"type":"LineString","coordinates":[[-123.0799835,49.378664],[-123.0800942,49.3786305],[-123.0802094,49.3785951]]}},{"type":"Feature","id":"1300160413","properties":{"kind":"path","name":"","osmWayId":"1300160413"},"geometry":{"type":"LineString","coordinates":[[-123.0799795,49.3786239],[-123.0798944,49.3785997],[-123.0797784,49.378573],[-123.0796348,49.3785555],[-123.0794943,49.3785273],[-123.0794004,49.3785189]]}},{"type":"Feature","id":"1300160414","properties":{"kind":"path","name":"","osmWayId":"1300160414"},"geometry":{"type":"LineString","coordinates":[[-123.0799637,49.3784107],[-123.0799402,49.3784477],[-123.0798928,49.3784934],[-123.0798384,49.3785386],[-123.0797784,49.378573]]}},{"type":"Feature","id":"1300160415","properties":{"kind":"path","name":"","osmWayId":"1300160415"},"geometry":{"type":"LineString","coordinates":[[-123.0799918,49.3781834],[-123.0802428,49.378162],[-123.0802631,49.3781603],[-123.0802876,49.3781582],[-123.0807768,49.378082],[-123.0808676,49.3780678],[-123.080974,49.3780442],[-123.0810302,49.3780318],[-123.0810878,49.3780087],[-123.0811272,49.3779917]]}},{"type":"Feature","id":"1300160416","properties":{"kind":"building","name":"","osmWayId":"1300160416"},"geometry":{"type":"Polygon","coordinates":[[[-123.0813332,49.3789902],[-123.081324,49.3790021],[-123.081321,49.3790152],[-123.0813244,49.3790283],[-123.081334,49.37904],[-123.0813487,49.3790492],[-123.0813671,49.3790549],[-123.0813873,49.3790566],[-123.0814091,49.3790537],[-123.081428,49.3790461],[-123.0814418,49.3790347],[-123.0814488,49.379021],[-123.0814483,49.3790066],[-123.0814402,49.3789931],[-123.0814256,49.3789822],[-123.0814062,49.3789752],[-123.0813861,49.378973],[-123.0813659,49.3789749],[-123.0813477,49.3789809],[-123.0813332,49.3789902]]]}},{"type":"Feature","id":"1300160417","properties":{"kind":"building","name":"","osmWayId":"1300160417"},"geometry":{"type":"Polygon","coordinates":[[[-123.0813217,49.3804469],[-123.0812496,49.3803963],[-123.0811779,49.3804397],[-123.081277,49.3805092],[-123.0813406,49.3804707],[-123.0813136,49.3804518],[-123.0813217,49.3804469]]]}},{"type":"Feature","id":"1300160418","properties":{"kind":"path","name":"","osmWayId":"1300160418"},"geometry":{"type":"LineString","coordinates":[[-123.0816552,49.3799009],[-123.0818921,49.3798776]]}},{"type":"Feature","id":"1300160419","properties":{"kind":"connector","name":"","osmWayId":"1300160419"},"geometry":{"type":"LineString","coordinates":[[-123.08123,49.3800265],[-123.0812356,49.3799822],[-123.0812167,49.3798376]]}},{"type":"Feature","id":"1300160420","properties":{"kind":"path","name":"","osmWayId":"1300160420"},"geometry":{"type":"LineString","coordinates":[[-123.0819042,49.3802961],[-123.0818745,49.380292],[-123.0818569,49.3802941],[-123.0818161,49.3803044],[-123.0817785,49.3803195],[-123.0816908,49.3803591],[-123.0816505,49.3803681],[-123.0816301,49.3803687],[-123.0816004,49.3803642]]}},{"type":"Feature","id":"1303610245","properties":{"kind":"stream","name":"","osmWayId":"1303610245"},"geometry":{"type":"LineString","coordinates":[[-123.0629823,49.3648427],[-123.0630397,49.3648006],[-123.0630772,49.3647695],[-123.0630957,49.3647376],[-123.0631074,49.3646852],[-123.0631318,49.3646674],[-123.0631632,49.3646537],[-123.0631783,49.3646405],[-123.0631869,49.3645474],[-123.0632116,49.3645243],[-123.0632233,49.3645028],[-123.063215,49.364482],[-123.0632165,49.3644613],[-123.0632279,49.364442],[-123.0633031,49.3644129],[-123.0633299,49.3643778],[-123.0633669,49.3643493],[-123.0634405,49.3643082],[-123.0634772,49.3642578],[-123.0635416,49.3641942],[-123.0636183,49.3641346],[-123.0636617,49.3640788],[-123.0637594,49.3639633],[-123.0638244,49.36394],[-123.0639227,49.3638493],[-123.0639735,49.3638369],[-123.0640157,49.3638074],[-123.0640579,49.363756],[-123.0640817,49.3637044],[-123.0641285,49.3636446],[-123.0642496,49.3635579],[-123.0643537,49.3635066],[-123.0644073,49.3634845],[-123.0644354,49.3634406],[-123.0645022,49.3634239],[-123.0645756,49.3633687],[-123.0646079,49.3633268],[-123.0646538,49.3632981],[-123.0646757,49.3632475],[-123.0647336,49.3631986],[-123.0647567,49.3631657],[-123.0648094,49.3631031],[-123.0648917,49.363036],[-123.0649459,49.3629756],[-123.0649961,49.3629164],[-123.0650235,49.3628659],[-123.0650999,49.3627635],[-123.0651231,49.362714],[-123.0651594,49.3626634],[-123.0652614,49.3626058],[-123.0653033,49.3625775],[-123.0653668,49.3625519],[-123.0654376,49.3625149],[-123.0654971,49.3624776],[-123.065564,49.3624491],[-123.0656234,49.3623951],[-123.0656778,49.3623552],[-123.065719,49.3622724],[-123.0657418,49.362252],[-123.065766,49.3622302],[-123.0657739,49.3622117],[-123.0657667,49.3621916],[-123.0657636,49.3621697],[-123.065776,49.3621516],[-123.0657959,49.3621414],[-123.0658281,49.3621308],[-123.0658458,49.3621137],[-123.0658524,49.36209],[-123.0658505,49.3620369],[-123.065868,49.3620202],[-123.0658767,49.3619918],[-123.0658897,49.3619823],[-123.0659339,49.3619007],[-123.0659605,49.3618651],[-123.0659761,49.3617874],[-123.0660014,49.3617526],[-123.0660513,49.3617035],[-123.0660562,49.3616676],[-123.0660576,49.3616574]]}},{"type":"Feature","id":"1316793780","properties":{"kind":"wood","name":"","osmWayId":"1316793780"},"geometry":{"type":"Polygon","coordinates":[[[-123.0814406,49.3802084],[-123.0814353,49.3803097],[-123.0815023,49.3803507],[-123.0815747,49.3803245],[-123.0815895,49.3802232],[-123.0815345,49.3801778],[-123.0814406,49.3802084]]]}},{"type":"Feature","id":"1316793781","properties":{"kind":"wood","name":"","osmWayId":"1316793781"},"geometry":{"type":"Polygon","coordinates":[[[-123.0815479,49.3799831],[-123.0816324,49.3800451],[-123.081615,49.3801211],[-123.0816633,49.380177],[-123.0817169,49.3801682],[-123.081788,49.3800801],[-123.0818215,49.3800023],[-123.0817759,49.3799587],[-123.0816914,49.3799482],[-123.0815868,49.3799395],[-123.0815412,49.37995],[-123.0815479,49.3799831]]]}},{"type":"Feature","id":"1316793782","properties":{"kind":"wood","name":"","osmWayId":"1316793782"},"geometry":{"type":"Polygon","coordinates":[[[-123.0818202,49.3795125],[-123.0818295,49.3795684],[-123.0819342,49.3796025],[-123.0820213,49.3795981],[-123.0821662,49.3795553],[-123.0823486,49.3794243],[-123.0823861,49.379365],[-123.0823767,49.3793222],[-123.0823459,49.3792977],[-123.0822748,49.3793169],[-123.0822091,49.3793545],[-123.0821487,49.3794348],[-123.082028,49.3794968],[-123.0819476,49.3795579],[-123.0818899,49.3794855],[-123.0818228,49.3794855],[-123.0818202,49.3795125]]]}},{"type":"Feature","id":"1316793783","properties":{"kind":"wood","name":"","osmWayId":"1316793783"},"geometry":{"type":"Polygon","coordinates":[[[-123.0801545,49.3798976],[-123.0801049,49.3797858],[-123.0801465,49.3796741],[-123.0802202,49.3796514],[-123.0803718,49.379695],[-123.080412,49.3797649],[-123.0803476,49.3798373],[-123.0802873,49.37986],[-123.0802457,49.3799238],[-123.0802149,49.3799395],[-123.0801545,49.3798976]]]}},{"type":"Feature","id":"1316793784","properties":{"kind":"wood","name":"","osmWayId":"1316793784"},"geometry":{"type":"Polygon","coordinates":[[[-123.0819905,49.3806266],[-123.0819865,49.3805803],[-123.0820374,49.3805367],[-123.0821031,49.3805376],[-123.0821407,49.3805926],[-123.0822118,49.3806135],[-123.0824022,49.3806057],[-123.0824317,49.3805646],[-123.0823191,49.3804887],[-123.0823432,49.3803952],[-123.0824545,49.3803813],[-123.0824813,49.3804083],[-123.0825739,49.3804319],[-123.0826208,49.3804005],[-123.0826731,49.3803341],[-123.082767,49.3802905],[-123.0827013,49.3801901],[-123.0826195,49.3801682],[-123.0825658,49.3800984],[-123.0825041,49.3800844],[-123.0824558,49.3801124],[-123.0823351,49.3802093],[-123.0820778,49.3802528],[-123.0819336,49.3802969],[-123.0818668,49.380412],[-123.0817357,49.3805472],[-123.0814433,49.3806607],[-123.0812931,49.3807951],[-123.0811128,49.3808809],[-123.0809779,49.3810125],[-123.0810168,49.3810492],[-123.0810624,49.381037],[-123.0810343,49.3810684],[-123.0809498,49.3811051],[-123.0808331,49.3811601],[-123.0807446,49.3812526],[-123.0807178,49.3813591],[-123.0808693,49.3814683],[-123.0809525,49.381546],[-123.0810128,49.3816132],[-123.0809337,49.3816272],[-123.0809256,49.381663],[-123.0809873,49.3817416],[-123.0809525,49.3817817],[-123.0807741,49.3817974],[-123.0807124,49.3818306],[-123.0807486,49.3818655],[-123.0807298,49.3819197],[-123.0807862,49.3819869],[-123.0808546,49.3819965],[-123.0809283,49.3819572],[-123.0812086,49.3817232],[-123.0812529,49.3816289],[-123.0812649,49.3814831],[-123.081222,49.3813696],[-123.0812314,49.3813338],[-123.0813025,49.3813295],[-123.0813803,49.38136],[-123.0814594,49.3813207],[-123.0814406,49.3812116],[-123.0814178,49.3810317],[-123.0814259,49.3809462],[-123.0814634,49.3809095],[-123.0815452,49.3808772],[-123.081564,49.3807803],[-123.0817343,49.3807654],[-123.0818295,49.3806685],[-123.0819422,49.3806598],[-123.0819905,49.3806266]]]}},{"type":"Feature","id":"1316793785","properties":{"kind":"wood","name":"","osmWayId":"1316793785"},"geometry":{"type":"Polygon","coordinates":[[[-123.0827723,49.3804249],[-123.0827066,49.380445],[-123.0826852,49.3805061],[-123.0827683,49.3805716],[-123.0828622,49.3805777],[-123.0829065,49.3805611],[-123.0829132,49.3805297],[-123.0828635,49.3804817],[-123.0828689,49.3804337],[-123.082826,49.3804066],[-123.0827723,49.3804249]]]}},{"type":"Feature","id":"1316793786","properties":{"kind":"wood","name":"","osmWayId":"1316793786"},"geometry":{"type":"Polygon","coordinates":[[[-123.0832981,49.3802721],[-123.0832994,49.3802407],[-123.0833665,49.3801709],[-123.0834684,49.3800993],[-123.0835475,49.3801054],[-123.0835529,49.3801324],[-123.0834657,49.3802058],[-123.083408,49.3802512],[-123.0833437,49.3802782],[-123.0832981,49.3802721]]]}},{"type":"Feature","id":"1316795441","properties":{"kind":"wood","name":"","osmWayId":"1316795441"},"geometry":{"type":"Polygon","coordinates":[[[-123.0784565,49.3838905],[-123.0784634,49.3838055],[-123.0783735,49.383616],[-123.0783172,49.3835348],[-123.0781455,49.3834484],[-123.0780087,49.3835034],[-123.0780235,49.3835951],[-123.0779323,49.3837156],[-123.0779833,49.3837627],[-123.0781174,49.3837871],[-123.0781643,49.3838535],[-123.0782743,49.3838971],[-123.0783547,49.3838622],[-123.0784565,49.3838905]]]}},{"type":"Feature","id":"1316795442","properties":{"kind":"wood","name":"","osmWayId":"1316795442"},"geometry":{"type":"Polygon","coordinates":[[[-123.0794759,49.3826242],[-123.0795725,49.3826225],[-123.0796851,49.3825692],[-123.0798541,49.3824391],[-123.0799922,49.3823475],[-123.0800325,49.3822741],[-123.0800392,49.3821807],[-123.0799399,49.3821336],[-123.0797549,49.3821117],[-123.0795666,49.3821863],[-123.0796167,49.382289],[-123.0795617,49.382433],[-123.0794974,49.3825125],[-123.0794665,49.3825343],[-123.0794759,49.3826242]]]}},{"type":"Feature","id":"1316797165","properties":{"kind":"wood","name":"","osmWayId":"1316797165"},"geometry":{"type":"Polygon","coordinates":[[[-123.0805635,49.3784089],[-123.080534,49.3783495],[-123.0804616,49.3783443],[-123.0802712,49.3784124],[-123.080239,49.378484],[-123.0802766,49.3785556],[-123.0803168,49.3785259],[-123.0803382,49.3784595],[-123.0804375,49.3784368],[-123.0805635,49.3784526],[-123.0805635,49.3784089]]]}},{"type":"Feature","id":"1316797167","properties":{"kind":"wood","name":"","osmWayId":"1316797167"},"geometry":{"type":"Polygon","coordinates":[[[-123.0823553,49.3788751],[-123.0824491,49.3788158],[-123.0824545,49.3787756],[-123.0824277,49.378725],[-123.0825028,49.3787232],[-123.0825618,49.3787896],[-123.0825591,49.3788664],[-123.0824706,49.378924],[-123.0824009,49.378924],[-123.0823553,49.3788751]]]}},{"type":"Feature","id":"1316797168","properties":{"kind":"wood","name":"","osmWayId":"1316797168"},"geometry":{"type":"Polygon","coordinates":[[[-123.0833289,49.3787494],[-123.083345,49.3787197],[-123.0834013,49.3787267],[-123.0834335,49.3787651],[-123.0834442,49.3788001],[-123.0833665,49.3787843],[-123.0833289,49.3787494]]]}},{"type":"Feature","id":"1316797169","properties":{"kind":"wood","name":"","osmWayId":"1316797169"},"geometry":{"type":"Polygon","coordinates":[[[-123.0840209,49.3791842],[-123.0839847,49.3792096],[-123.0839887,49.379234],[-123.0840531,49.3792602],[-123.0840451,49.3793126],[-123.083986,49.3793239],[-123.0839391,49.3793152],[-123.0839096,49.3793327],[-123.0839337,49.3793693],[-123.0840558,49.3793964],[-123.084214,49.3793868],[-123.0842784,49.3793606],[-123.0843025,49.3793204],[-123.0842596,49.3792602],[-123.0842422,49.379213],[-123.0841617,49.3791729],[-123.0840947,49.3791903],[-123.0840209,49.3791842]]]}},{"type":"Feature","id":"1316797170","properties":{"kind":"wood","name":"","osmWayId":"1316797170"},"geometry":{"type":"Polygon","coordinates":[[[-123.0836695,49.3789729],[-123.0837125,49.378924],[-123.0836856,49.3788751],[-123.0837715,49.3788175],[-123.0839807,49.378814],[-123.0839807,49.3788664],[-123.0838895,49.3788821],[-123.083809,49.3789677],[-123.0836695,49.3789729]]]}},{"type":"Feature","id":"1316798676","properties":{"kind":"wood","name":"","osmWayId":"1316798676"},"geometry":{"type":"Polygon","coordinates":[[[-123.0793351,49.3798426],[-123.0793753,49.3797815],[-123.079319,49.3796156],[-123.0791393,49.3795509],[-123.0790883,49.379516],[-123.0790427,49.3795422],[-123.0790293,49.3796191],[-123.0791956,49.3797413],[-123.079268,49.3798042],[-123.0793351,49.3798426]]]}},{"type":"Feature","id":"1316798677","properties":{"kind":"wood","name":"","osmWayId":"1316798677"},"geometry":{"type":"Polygon","coordinates":[[[-123.0784661,49.380473],[-123.0783507,49.3804223],[-123.0784312,49.3803472],[-123.0787075,49.3803245],[-123.0786243,49.3802809],[-123.0786404,49.3802407],[-123.0787745,49.3802075],[-123.0788121,49.380218],[-123.0788067,49.3803228],[-123.0788925,49.3803245],[-123.0789113,49.3802774],[-123.0789784,49.3802879],[-123.0790293,49.380328],[-123.0790401,49.3803996],[-123.0789837,49.380438],[-123.0788925,49.3804049],[-123.0788121,49.3804398],[-123.0786565,49.3804206],[-123.0784661,49.380473]]]}},{"type":"Feature","id":"1316798678","properties":{"kind":"wood","name":"","osmWayId":"1316798678"},"geometry":{"type":"Polygon","coordinates":[[[-123.078222,49.3801778],[-123.0780289,49.3799316],[-123.077994,49.379771],[-123.0780476,49.3797221],[-123.0781469,49.379743],[-123.0782515,49.3798565],[-123.0784875,49.3799177],[-123.0785921,49.3799281],[-123.0786511,49.379977],[-123.0786404,49.3800137],[-123.0784687,49.3800783],[-123.0784768,49.3801761],[-123.0784044,49.3802128],[-123.0782944,49.380225],[-123.078222,49.3801778]]]}},{"type":"Feature","id":"1316798679","properties":{"kind":"wood","name":"","osmWayId":"1316798679"},"geometry":{"type":"Polygon","coordinates":[[[-123.0780637,49.3796208],[-123.0781442,49.3794409],[-123.0783802,49.3792663],[-123.078686,49.3791545],[-123.078914,49.3791668],[-123.0789757,49.3792261],[-123.0789435,49.379282],[-123.0787021,49.3793065],[-123.0786458,49.3793362],[-123.0785921,49.3794357],[-123.0788872,49.3795841],[-123.0791795,49.3798513],[-123.0793431,49.3801115],[-123.0793807,49.3802407],[-123.0794182,49.3803804],[-123.07937,49.380431],[-123.0792707,49.3804223],[-123.0790105,49.3801918],[-123.0788952,49.3800469],[-123.0789354,49.3799107],[-123.0787423,49.3797587],[-123.0786458,49.37975],[-123.0785868,49.3798059],[-123.0785197,49.3797832],[-123.0784634,49.3796784],[-123.0782864,49.3796767],[-123.0781898,49.3796452],[-123.0781254,49.3796575],[-123.0780798,49.3796592],[-123.0780637,49.3796208]]]}},{"type":"Feature","id":"1316845512","properties":{"kind":"path","name":"","osmWayId":"1316845512"},"geometry":{"type":"LineString","coordinates":[[-123.0991422,49.3721925],[-123.099169,49.3721798]]}},{"type":"Feature","id":"1316845513","properties":{"kind":"path","name":"","osmWayId":"1316845513"},"geometry":{"type":"LineString","coordinates":[[-123.0991008,49.3722122],[-123.0991422,49.3721925]]}},{"type":"Feature","id":"1316845514","properties":{"kind":"path","name":"","osmWayId":"1316845514"},"geometry":{"type":"LineString","coordinates":[[-123.0993402,49.3720986],[-123.0994035,49.3720686]]}},{"type":"Feature","id":"1316845515","properties":{"kind":"path","name":"","osmWayId":"1316845515"},"geometry":{"type":"LineString","coordinates":[[-123.0992656,49.372134],[-123.0993402,49.3720986]]}},{"type":"Feature","id":"1316845516","properties":{"kind":"path","name":"","osmWayId":"1316845516"},"geometry":{"type":"LineString","coordinates":[[-123.0989706,49.3722739],[-123.0991008,49.3722122]]}},{"type":"Feature","id":"1316845517","properties":{"kind":"path","name":"","osmWayId":"1316845517"},"geometry":{"type":"LineString","coordinates":[[-123.098944,49.3722371],[-123.0988994,49.3722584]]}},{"type":"Feature","id":"1316845518","properties":{"kind":"path","name":"","osmWayId":"1316845518"},"geometry":{"type":"LineString","coordinates":[[-123.0988994,49.3722584],[-123.0989706,49.3722739]]}},{"type":"Feature","id":"1316845519","properties":{"kind":"path","name":"","osmWayId":"1316845519"},"geometry":{"type":"LineString","coordinates":[[-123.099169,49.3721798],[-123.0992143,49.3721583],[-123.0992656,49.372134]]}},{"type":"Feature","id":"1317054535","properties":{"kind":"path","name":"","osmWayId":"1317054535"},"geometry":{"type":"LineString","coordinates":[[-123.0946266,49.3706515],[-123.0947902,49.3706918],[-123.0950293,49.3707207],[-123.0952579,49.3708137]]}},{"type":"Feature","id":"1317054536","properties":{"kind":"path","name":"","osmWayId":"1317054536"},"geometry":{"type":"LineString","coordinates":[[-123.0831736,49.3785569],[-123.0832485,49.3785499],[-123.0833674,49.3785738],[-123.0834349,49.3786158],[-123.0835243,49.3786383]]}},{"type":"Feature","id":"1317716469","properties":{"kind":"wood","name":"","osmWayId":"1317716469"},"geometry":{"type":"Polygon","coordinates":[[[-123.0987878,49.3702758],[-123.0986846,49.3703317],[-123.0986497,49.3703212],[-123.098584,49.3702583],[-123.098596,49.3701981],[-123.0986416,49.370178],[-123.0986524,49.3701544],[-123.0985987,49.3701439],[-123.0985129,49.3702007],[-123.0984955,49.3702496],[-123.0985773,49.3703413],[-123.098702,49.3703815],[-123.0987825,49.3703561],[-123.0988495,49.3703046],[-123.0988334,49.3702767],[-123.0987878,49.3702758]]]}},{"type":"Feature","id":"1317716470","properties":{"kind":"wood","name":"","osmWayId":"1317716470"},"geometry":{"type":"Polygon","coordinates":[[[-123.0990466,49.3705413],[-123.0990681,49.3704085],[-123.0991445,49.3702933],[-123.0991338,49.3702444],[-123.0990534,49.370233],[-123.099056,49.370123],[-123.0988656,49.3700356],[-123.0986859,49.3699457],[-123.0985987,49.3698435],[-123.0985008,49.3698322],[-123.0984338,49.3699239],[-123.0983399,49.3699422],[-123.0982474,49.3698653],[-123.0981548,49.3697579],[-123.0980274,49.3696776],[-123.0978584,49.3695134],[-123.0978464,49.3694523],[-123.0977122,49.3694401],[-123.0975071,49.369261],[-123.0972683,49.3690628],[-123.0969572,49.3688025],[-123.0966863,49.3685222],[-123.0965455,49.3684349],[-123.0964194,49.3683213],[-123.0963188,49.3682716],[-123.0963242,49.368241],[-123.096457,49.3682235],[-123.0965039,49.3681973],[-123.096571,49.3682122],[-123.0966139,49.3682567],[-123.0966662,49.3682515],[-123.096858,49.368393],[-123.0970162,49.3684506],[-123.0970953,49.368475],[-123.097204,49.3684716],[-123.0972657,49.368517],[-123.0973287,49.3684331],[-123.0974601,49.368455],[-123.0975285,49.3685187],[-123.0975768,49.3686908],[-123.0976734,49.3687816],[-123.097786,49.3689169],[-123.0978557,49.3690907],[-123.0980851,49.369158],[-123.0982433,49.3691073],[-123.0984136,49.3689327],[-123.0986094,49.3689161],[-123.0987637,49.3688349],[-123.0987556,49.3687056],[-123.0988938,49.3685807],[-123.0987999,49.3684934],[-123.0987114,49.368475],[-123.0986711,49.3684261],[-123.0986698,49.3683528],[-123.0987597,49.36831],[-123.0989246,49.3683013],[-123.0991513,49.3683624],[-123.0992264,49.3684331],[-123.0993189,49.3685012],[-123.099516,49.3684628],[-123.099622,49.3684646],[-123.0998258,49.368524],[-123.0999103,49.3686165],[-123.0998553,49.3687763],[-123.099736,49.3689824],[-123.0996032,49.3690226],[-123.099516,49.3689851],[-123.0995053,49.3688864],[-123.0993135,49.3689554],[-123.0990963,49.3689737],[-123.0988629,49.3689746],[-123.0987315,49.3690174],[-123.0985545,49.3690829],[-123.0984646,49.3692567],[-123.0982956,49.3693169],[-123.0982567,49.3694121],[-123.09836,49.3695719],[-123.0985089,49.3696785],[-123.0985545,49.3697178],[-123.0987006,49.3697082],[-123.0987999,49.3697448],[-123.0989742,49.3697422],[-123.0990681,49.3696837],[-123.0992988,49.3696566],[-123.0994208,49.3696959],[-123.0994476,49.3697466],[-123.0994597,49.3699265],[-123.0993082,49.370226],[-123.0992237,49.3703911],[-123.0991633,49.3704697],[-123.099166,49.3705413],[-123.0991057,49.3706076],[-123.0990735,49.3706068],[-123.0990453,49.3705902],[-123.0990466,49.3705413]]]}},{"type":"Feature","id":"1317716471","properties":{"kind":"wood","name":"","osmWayId":"1317716471"},"geometry":{"type":"Polygon","coordinates":[[[-123.0997601,49.3701238],[-123.0997521,49.3700653],[-123.0996488,49.3700435],[-123.0995871,49.3700784],[-123.0995415,49.3702391],[-123.0993524,49.3704609],[-123.0992907,49.3705692],[-123.0993149,49.3707002],[-123.0993605,49.3706985],[-123.0994879,49.3705954],[-123.0996528,49.3703509],[-123.0997668,49.3702112],[-123.0997601,49.3701238]]]}},{"type":"Feature","id":"1317716472","properties":{"kind":"wood","name":"","osmWayId":"1317716472"},"geometry":{"type":"Polygon","coordinates":[[[-123.0955732,49.3671755],[-123.095372,49.3671651],[-123.0951762,49.367207],[-123.0951843,49.3672506],[-123.0956027,49.3675179],[-123.0956376,49.3676873],[-123.0959997,49.3678952],[-123.0960506,49.3680593],[-123.0962437,49.3682131],[-123.0964878,49.3681903],[-123.0964771,49.3679476],[-123.0965254,49.367841],[-123.0966702,49.3677869],[-123.0969867,49.3677502],[-123.0971959,49.3678113],[-123.0973032,49.3677904],[-123.0972871,49.3677083],[-123.0970591,49.3676716],[-123.0969867,49.3675406],[-123.0967775,49.3674166],[-123.0965602,49.3672611],[-123.096461,49.3672244],[-123.0963832,49.3671493],[-123.0961901,49.3671022],[-123.0961177,49.3671633],[-123.0960453,49.3671057],[-123.0958173,49.3670672],[-123.0956456,49.3671371],[-123.0955732,49.3671755]]]}},{"type":"Feature","id":"1317716473","properties":{"kind":"wood","name":"","osmWayId":"1317716473"},"geometry":{"type":"Polygon","coordinates":[[[-123.0926737,49.3647196],[-123.0925611,49.364772],[-123.0925182,49.3648926],[-123.0928561,49.3652716],[-123.0931404,49.3654673],[-123.0932933,49.365455],[-123.0933255,49.3653555],[-123.0932155,49.3651948],[-123.0930224,49.3651179],[-123.0930278,49.3649939],[-123.0928937,49.3649747],[-123.0928293,49.3649886],[-123.0928695,49.3649205],[-123.0928293,49.3648541],[-123.0927542,49.3648594],[-123.0927542,49.3647843],[-123.0926737,49.3647196]]]}},{"type":"Feature","id":"1317716474","properties":{"kind":"wood","name":"","osmWayId":"1317716474"},"geometry":{"type":"Polygon","coordinates":[[[-123.0924457,49.3644297],[-123.092486,49.3642498],[-123.0924162,49.3641519],[-123.0921909,49.3641799],[-123.0921775,49.3640524],[-123.0918825,49.3641048],[-123.0915955,49.3639947],[-123.0915767,49.3637869],[-123.0913648,49.3637414],[-123.0912548,49.3637886],[-123.0913541,49.3639109],[-123.0915794,49.3640995],[-123.091861,49.3643214],[-123.0920541,49.3645345],[-123.0922043,49.3645904],[-123.0922633,49.3647004],[-123.0923894,49.3647266],[-123.0924484,49.3646603],[-123.0923197,49.3645415],[-123.0923358,49.3644821],[-123.0924457,49.3644297]]]}},{"type":"Feature","id":"1317716475","properties":{"kind":"wood","name":"","osmWayId":"1317716475"},"geometry":{"type":"Polygon","coordinates":[[[-123.0966997,49.369647],[-123.0969009,49.3697344],[-123.0969653,49.3697151],[-123.0968767,49.3696435],[-123.0967802,49.3695108],[-123.0966836,49.3694794],[-123.0966085,49.3694968],[-123.096512,49.3694479],[-123.0964717,49.3694514],[-123.0965227,49.3695195],[-123.0966032,49.3695457],[-123.0966997,49.369647]]]}},{"type":"Feature","id":"1321475443","properties":{"kind":"building","name":"","osmWayId":"1321475443"},"geometry":{"type":"Polygon","coordinates":[[[-123.0996068,49.372605],[-123.0995368,49.3725276],[-123.0993079,49.3726153],[-123.099378,49.3726928],[-123.0996068,49.372605]]]}},{"type":"Feature","id":"1321475444","properties":{"kind":"building","name":"","osmWayId":"1321475444"},"geometry":{"type":"Polygon","coordinates":[[[-123.0994756,49.3725402],[-123.0993543,49.3724138],[-123.0992768,49.3724453],[-123.099398,49.3725717],[-123.0994756,49.3725402]]]}},{"type":"Feature","id":"1321475445","properties":{"kind":"building","name":"","osmWayId":"1321475445"},"geometry":{"type":"Polygon","coordinates":[[[-123.0996998,49.3725841],[-123.0996087,49.372495],[-123.0995589,49.3725166],[-123.0996499,49.3726058],[-123.0996998,49.3725841]]]}},{"type":"Feature","id":"1321475446","properties":{"kind":"path","name":"","osmWayId":"1321475446"},"geometry":{"type":"LineString","coordinates":[[-123.0982391,49.3719953],[-123.0982659,49.3720119],[-123.0984043,49.3721392],[-123.098533,49.3722641],[-123.0986292,49.3723588],[-123.0986979,49.37242],[-123.0988447,49.3725692],[-123.098689,49.372662]]}},{"type":"Feature","id":"1321475449","properties":{"kind":"path","name":"","osmWayId":"1321475449"},"geometry":{"type":"LineString","coordinates":[[-123.0991688,49.3733725],[-123.0993252,49.3733151],[-123.099535,49.3732528]]}},{"type":"Feature","id":"1324199927","properties":{"kind":"path","name":"Grouse Mountain Highway","osmWayId":"1324199927"},"geometry":{"type":"LineString","coordinates":[[-123.0635464,49.3783727],[-123.0634419,49.3782772],[-123.0632352,49.378089],[-123.0631231,49.3779803],[-123.0630324,49.3778633],[-123.0629849,49.3777788],[-123.0629511,49.3777024],[-123.0628921,49.3775129],[-123.0628514,49.3774082]]}},{"type":"Feature","id":"1329794760","properties":{"kind":"stream","name":"Grouse Creek","osmWayId":"1329794760"},"geometry":{"type":"LineString","coordinates":[[-123.0989755,49.3745267],[-123.0998994,49.3745875],[-123.1003688,49.3745775],[-123.1013478,49.3746217],[-123.1017914,49.3745126]]}},{"type":"Feature","id":"1329794765","properties":{"kind":"stream","name":"Grousewoods Spur 2b","osmWayId":"1329794765"},"geometry":{"type":"LineString","coordinates":[[-123.0827917,49.3779769],[-123.0828542,49.3778145],[-123.0830368,49.3775599],[-123.0831342,49.3775025],[-123.0832112,49.3774347],[-123.0832975,49.3774102],[-123.0834996,49.3774086],[-123.0838924,49.3774159],[-123.0841477,49.3773974],[-123.0843205,49.3773429],[-123.0846616,49.3772903],[-123.0852115,49.377216],[-123.0856099,49.3771691],[-123.0857627,49.3771725],[-123.0858696,49.3771617],[-123.0860719,49.3770686],[-123.0861548,49.3770508],[-123.0862519,49.377003],[-123.0864504,49.376784],[-123.0866071,49.3767428],[-123.0867417,49.3766946],[-123.0868506,49.3766841],[-123.0869257,49.3766666],[-123.0871328,49.3765821],[-123.0871617,49.3765175],[-123.0871948,49.3764762],[-123.0873081,49.3763891],[-123.0874435,49.3763108],[-123.0876024,49.3762421],[-123.0877009,49.3762223],[-123.0878288,49.3761977],[-123.0880983,49.3761121],[-123.0882181,49.3760518],[-123.0883278,49.3759572],[-123.0885232,49.375802],[-123.0886642,49.3757209],[-123.0888136,49.3756467],[-123.0889599,49.3755136]]}},{"type":"Feature","id":"1343296667","properties":{"kind":"path","name":"","osmWayId":"1343296667"},"geometry":{"type":"LineString","coordinates":[[-123.0990695,49.372694],[-123.099105,49.3726795]]}},{"type":"Feature","id":"1343296668","properties":{"kind":"path","name":"","osmWayId":"1343296668"},"geometry":{"type":"LineString","coordinates":[[-123.0991811,49.3728088],[-123.0992089,49.3727965]]}},{"type":"Feature","id":"1343296669","properties":{"kind":"path","name":"","osmWayId":"1343296669"},"geometry":{"type":"LineString","coordinates":[[-123.0991377,49.3727632],[-123.0991593,49.372755]]}},{"type":"Feature","id":"1343296676","properties":{"kind":"path","name":"Gondola Queue Area","osmWayId":"1343296676"},"geometry":{"type":"LineString","coordinates":[[-123.0824572,49.379234],[-123.0826302,49.3791711],[-123.0826143,49.3791538],[-123.0825612,49.3790877],[-123.0824498,49.3791071],[-123.0823781,49.3791196],[-123.0824572,49.379234]]}},{"type":"Feature","id":"1349428609","properties":{"kind":"path","name":"Grouse Mountain Highway","osmWayId":"1349428609"},"geometry":{"type":"LineString","coordinates":[[-123.070654,49.3839735],[-123.070503,49.3841491],[-123.0703758,49.3843212],[-123.0702734,49.3844208],[-123.0701112,49.3846239],[-123.069919,49.3848124],[-123.0698591,49.3848741],[-123.0697669,49.3849349]]}},{"type":"Feature","id":"1349428610","properties":{"kind":"path","name":"Grouse Mountain Highway","osmWayId":"1349428610"},"geometry":{"type":"LineString","coordinates":[[-123.0733976,49.3796854],[-123.0732876,49.3797799]]}},{"type":"Feature","id":"1350822776","properties":{"kind":"path","name":"Grouse Mountain Highway","osmWayId":"1350822776"},"geometry":{"type":"LineString","coordinates":[[-123.0826083,49.379372],[-123.0825363,49.3793732],[-123.0824523,49.3793813],[-123.0824076,49.3792775]]}},{"type":"Feature","id":"1350822778","properties":{"kind":"path","name":"Grouse Mountain Highway","osmWayId":"1350822778"},"geometry":{"type":"LineString","coordinates":[[-123.0799036,49.3791032],[-123.0797047,49.379165],[-123.0796619,49.3791765],[-123.0795153,49.3792159],[-123.0793828,49.3792318],[-123.0793111,49.3792302],[-123.0792409,49.3792197],[-123.0791969,49.3792064],[-123.0791661,49.3791971],[-123.0789171,49.3791003],[-123.0788259,49.3790797],[-123.0787411,49.3790758],[-123.0786696,49.3790872],[-123.0786209,49.3790949],[-123.0785265,49.3791195],[-123.0784247,49.3791608],[-123.0783904,49.3791735],[-123.0781638,49.3792572],[-123.0777814,49.3793952]]}},{"type":"Feature","id":"1350822780","properties":{"kind":"path","name":"","osmWayId":"1350822780"},"geometry":{"type":"LineString","coordinates":[[-123.078571,49.3809407],[-123.0787186,49.3807966],[-123.0787558,49.3807524],[-123.0788738,49.3806057],[-123.0789542,49.3805324],[-123.0790153,49.3804871],[-123.079129,49.3804352]]}},{"type":"Feature","id":"1350822781","properties":{"kind":"path","name":"","osmWayId":"1350822781"},"geometry":{"type":"LineString","coordinates":[[-123.079129,49.3804352],[-123.0790765,49.3803508],[-123.0788303,49.3800698]]}},{"type":"Feature","id":"1350822782","properties":{"kind":"path","name":"","osmWayId":"1350822782"},"geometry":{"type":"LineString","coordinates":[[-123.0790155,49.3811816],[-123.0788681,49.3811396],[-123.0787128,49.3810842],[-123.0786115,49.3809816],[-123.078571,49.3809407]]}},{"type":"Feature","id":"1350822783","properties":{"kind":"path","name":"","osmWayId":"1350822783"},"geometry":{"type":"LineString","coordinates":[[-123.0790155,49.3811816],[-123.0791223,49.3811637],[-123.0794327,49.3811029],[-123.0794383,49.3811016],[-123.0795042,49.3810853],[-123.0797589,49.3810388],[-123.079828,49.381024]]}},{"type":"Feature","id":"1352837823","properties":{"kind":"path","name":"","osmWayId":"1352837823"},"geometry":{"type":"LineString","coordinates":[[-123.0772778,49.3836841],[-123.0778009,49.3837714],[-123.0779833,49.3838046],[-123.0780852,49.3838535],[-123.0782434,49.3839146],[-123.0783185,49.3839198],[-123.0785794,49.3840061]]}},{"type":"Feature","id":"1352837827","properties":{"kind":"building","name":"","osmWayId":"1352837827"},"geometry":{"type":"Polygon","coordinates":[[[-123.0786528,49.3824488],[-123.0786427,49.3824256],[-123.0786158,49.3824091],[-123.0785796,49.3824038],[-123.0785444,49.3824113],[-123.07852,49.3824295],[-123.0785134,49.3824532],[-123.0785207,49.3824698],[-123.0785371,49.3824835],[-123.0785601,49.3824922],[-123.0785865,49.3824946],[-123.0786123,49.3824905],[-123.0786338,49.3824804],[-123.078648,49.3824658],[-123.0786528,49.3824488]]]}},{"type":"Feature","id":"1354063751","properties":{"kind":"building","name":"Ruined Cabin","osmWayId":"1354063751"},"geometry":{"type":"Polygon","coordinates":[[[-123.0808678,49.3775937],[-123.0808725,49.3775668],[-123.0808374,49.3775642],[-123.0808327,49.3775911],[-123.0808678,49.3775937]]]}},{"type":"Feature","id":"1357898805","properties":{"kind":"connector","name":"","osmWayId":"1357898805"},"geometry":{"type":"LineString","coordinates":[[-123.0766262,49.3862316],[-123.0765403,49.3862863],[-123.0764587,49.3863052],[-123.0762872,49.3863074]]}},{"type":"Feature","id":"1364069781","properties":{"kind":"path","name":"Tim's Trim","osmWayId":"1364069781"},"geometry":{"type":"LineString","coordinates":[[-123.0758155,49.3792549],[-123.0758236,49.37929],[-123.0757972,49.3794197],[-123.0757234,49.3794671],[-123.0756769,49.3795257],[-123.0756207,49.3796205],[-123.0755979,49.379686],[-123.0756284,49.3798188],[-123.0755992,49.3799186],[-123.0755295,49.3800798],[-123.075432,49.3802757],[-123.0753676,49.3804732],[-123.0753446,49.3805453],[-123.0753053,49.380605],[-123.0751838,49.3806938],[-123.0750119,49.3808046],[-123.0749337,49.3809205],[-123.0749149,49.381004],[-123.0749547,49.3811308],[-123.0749418,49.3811686],[-123.0748921,49.3811959],[-123.0748392,49.3812004],[-123.0747791,49.3811885],[-123.0746277,49.3810912],[-123.074413,49.380967],[-123.074316,49.3808711],[-123.0742692,49.380754],[-123.0742248,49.3806304],[-123.0742156,49.3805515],[-123.0742315,49.3804888],[-123.0743075,49.3804027],[-123.0744268,49.380283],[-123.0745292,49.3801704],[-123.0745574,49.3800816],[-123.0745389,49.3798114],[-123.0745736,49.379616],[-123.0745731,49.3795184],[-123.074611,49.3793954],[-123.0745957,49.3793595],[-123.0745643,49.3793375],[-123.0745236,49.3793306],[-123.0744638,49.3793301],[-123.0743858,49.3793677],[-123.0743233,49.3794356],[-123.0742695,49.3795266],[-123.0742605,49.3796166],[-123.0742259,49.3796557],[-123.0741858,49.3796644],[-123.0741535,49.3796601],[-123.0741355,49.3796442],[-123.0741036,49.3795768],[-123.0741152,49.3795116],[-123.0741726,49.3794498],[-123.0741824,49.3794119],[-123.0741662,49.3793957],[-123.0741428,49.3793913],[-123.0740851,49.379427],[-123.0739979,49.3795152],[-123.0739608,49.3795272],[-123.0739047,49.3795152],[-123.0738909,49.3794849],[-123.0739066,49.3794211],[-123.0739784,49.3793184],[-123.0740891,49.3792341],[-123.0741226,49.3791576],[-123.0740979,49.3790756],[-123.0739381,49.3789439],[-123.0738553,49.3788286],[-123.0737662,49.3786358],[-123.0736618,49.3784606],[-123.0736358,49.3783155],[-123.0736413,49.378166],[-123.0736598,49.3781199],[-123.0736974,49.3780489],[-123.073829,49.3779528],[-123.0738569,49.3778998],[-123.0738537,49.377871],[-123.0738136,49.3778597],[-123.0737547,49.3778722],[-123.0736656,49.3779049],[-123.0736105,49.3779158],[-123.0735768,49.3779103],[-123.0735497,49.3778937],[-123.0735435,49.3778662],[-123.0735675,49.3778304],[-123.0737409,49.3775968],[-123.0738046,49.3775286],[-123.0738854,49.3774512],[-123.0739606,49.3773148],[-123.074107,49.3771389],[-123.074235,49.3770618],[-123.0742677,49.3770216],[-123.0742957,49.3769061],[-123.0743299,49.3767133],[-123.074366,49.3766224],[-123.074431,49.3765546],[-123.0744408,49.3765143],[-123.0744311,49.3764928],[-123.0744038,49.3764783],[-123.0743664,49.3764819],[-123.0743041,49.3765155],[-123.0742654,49.3765208],[-123.074244,49.3765115],[-123.074232,49.3764874],[-123.0742428,49.3764543],[-123.0742674,49.3764252],[-123.0743477,49.3763906],[-123.07443,49.376343],[-123.0744876,49.3762722],[-123.0745188,49.3761573],[-123.0745461,49.3761003],[-123.0746212,49.376059],[-123.0748064,49.3759937],[-123.0749011,49.3759648],[-123.074955,49.3759142],[-123.0750478,49.3757515],[-123.0751422,49.3755992],[-123.0752774,49.3754051],[-123.0753376,49.3753293],[-123.0753611,49.3752848],[-123.0753698,49.3752424],[-123.0753475,49.375228],[-123.0752843,49.3752377],[-123.0751807,49.3752947],[-123.0750397,49.3753876],[-123.0748479,49.375626],[-123.0746542,49.3757782],[-123.074524,49.3758518],[-123.0742976,49.3759722],[-123.0741996,49.37598],[-123.0741493,49.3759641],[-123.0741367,49.3759314],[-123.0741631,49.3758629],[-123.0742322,49.3757975],[-123.0743027,49.3757573],[-123.0744955,49.3756679],[-123.0745439,49.3755927],[-123.0745618,49.3753585],[-123.0746071,49.3751364],[-123.074681,49.3749491],[-123.0747845,49.3748274],[-123.0750068,49.3746752],[-123.0752385,49.3745052],[-123.0752664,49.3744792],[-123.075278,49.3744504],[-123.0752632,49.3744418],[-123.0752045,49.3744432],[-123.0751735,49.3744361],[-123.0751684,49.3744275],[-123.075176,49.3744119],[-123.0753566,49.3742993],[-123.0753789,49.3742491],[-123.0753688,49.3740995],[-123.0754029,49.3739934],[-123.0754739,49.3738983],[-123.0755865,49.3738096],[-123.0757023,49.373757]]}},{"type":"Feature","id":"1364069782","properties":{"kind":"path","name":"Silly Beat","osmWayId":"1364069782"},"geometry":{"type":"LineString","coordinates":[[-123.0760299,49.3731435],[-123.0761873,49.3730203],[-123.0763244,49.3729393],[-123.0763721,49.3729008],[-123.0764038,49.3728505],[-123.076429,49.3727646],[-123.0764754,49.3726567],[-123.0765752,49.3725187],[-123.0767576,49.3723562],[-123.0768934,49.3721478],[-123.0772442,49.3718043],[-123.0776448,49.3714622]]}},{"type":"Feature","id":"1364069783","properties":{"kind":"path","name":"","osmWayId":"1364069783"},"geometry":{"type":"LineString","coordinates":[[-123.078571,49.3809407],[-123.0784926,49.3809056],[-123.0784794,49.3808665],[-123.0784765,49.380858],[-123.0784569,49.3807384],[-123.0784317,49.3806817]]}},{"type":"Feature","id":"1364069785","properties":{"kind":"path","name":"Oh Deer!","osmWayId":"1364069785"},"geometry":{"type":"LineString","coordinates":[[-123.078659,49.380712],[-123.0785968,49.3807474],[-123.0785565,49.3807494],[-123.0785174,49.3807479],[-123.0784799,49.3807149],[-123.078393,49.3805852],[-123.0782166,49.3803876],[-123.0781489,49.3802789],[-123.0780116,49.3801401],[-123.0779278,49.3800571],[-123.0778951,49.3799798],[-123.0778586,49.3797524],[-123.077894,49.379536],[-123.0779836,49.3794399],[-123.0781635,49.3793217],[-123.0783188,49.3792403],[-123.0783904,49.3791735],[-123.0785471,49.3789611],[-123.0786182,49.3788168],[-123.0786386,49.3787335],[-123.0786183,49.3786998],[-123.0785771,49.3786783],[-123.0785068,49.3786685],[-123.0783664,49.3786723],[-123.0781558,49.37869],[-123.0779586,49.3787443],[-123.0778636,49.3787966],[-123.0778015,49.3788744],[-123.077776,49.3789232],[-123.0777412,49.3789557],[-123.0776405,49.3789882],[-123.0775693,49.37901],[-123.0774721,49.3790448],[-123.0773943,49.3790726],[-123.0772573,49.3791618],[-123.0771857,49.3792413],[-123.0771121,49.3794141],[-123.0769808,49.3796546],[-123.0768979,49.3797031],[-123.0768308,49.3797133],[-123.0767689,49.3797033],[-123.0767442,49.3796724],[-123.0767381,49.3794619],[-123.0767465,49.379393],[-123.0766759,49.3792321],[-123.076597,49.3790846],[-123.0765473,49.3789916],[-123.0765623,49.3788369],[-123.0765833,49.3786551],[-123.07666,49.3784993],[-123.076694,49.3783838],[-123.0767586,49.3782939],[-123.0767791,49.3782642],[-123.0768775,49.378122],[-123.0769071,49.3780792],[-123.0769504,49.378003],[-123.0770086,49.3778894],[-123.0770804,49.3777619],[-123.0771692,49.3776565],[-123.0771949,49.377626],[-123.0772934,49.3775527],[-123.0773146,49.3775141],[-123.0772863,49.3774914],[-123.0772278,49.3774882],[-123.0771191,49.3775073],[-123.0770246,49.3775577],[-123.0769163,49.3776446],[-123.0768257,49.3777425],[-123.0766767,49.3777925],[-123.0764632,49.3778994],[-123.0762397,49.3780304],[-123.0760012,49.3782617],[-123.0757691,49.3784868],[-123.0756844,49.3786077],[-123.0756513,49.378687],[-123.0756305,49.3788239],[-123.0756012,49.3788983],[-123.0755203,49.3790345],[-123.075388,49.3791942],[-123.0753254,49.3792832],[-123.0753142,49.3793986],[-123.0752915,49.3794257],[-123.0752502,49.3794229],[-123.075226,49.3794115],[-123.0751942,49.3792582],[-123.0751717,49.3792244],[-123.0751446,49.379224],[-123.0751205,49.3792327],[-123.0751008,49.3792607],[-123.0750774,49.3792796],[-123.0750434,49.379277],[-123.0750043,49.379265],[-123.0749693,49.3792007],[-123.0749591,49.3791044],[-123.0749393,49.3788079],[-123.0749372,49.3785353],[-123.0749793,49.378252],[-123.0750176,49.3780553],[-123.0751122,49.3778985],[-123.0751346,49.3777473],[-123.0751194,49.3775202],[-123.075128,49.3774016],[-123.0751617,49.3773437],[-123.0752381,49.3773026],[-123.0753118,49.3772731],[-123.0753976,49.3772388],[-123.0755002,49.3771833],[-123.0756058,49.3770814],[-123.0756737,49.3769737],[-123.0756816,49.3769018],[-123.0756627,49.3768896],[-123.075623,49.3768896],[-123.0755615,49.3769469],[-123.0754378,49.377055],[-123.0753001,49.3771204],[-123.075194,49.3771364],[-123.075172,49.3771236],[-123.0751711,49.377106],[-123.0752022,49.3770753],[-123.0753014,49.3770382],[-123.0753755,49.3770098],[-123.0753939,49.3769803],[-123.0753832,49.3769711],[-123.0753503,49.3769627],[-123.0752279,49.3769809],[-123.0750697,49.3770151],[-123.0749338,49.377069],[-123.0743922,49.3773559],[-123.0740741,49.3775309],[-123.073898,49.3776191],[-123.0738099,49.3777474],[-123.0736656,49.3779049]]}},{"type":"Feature","id":"1364069786","properties":{"kind":"path","name":"","osmWayId":"1364069786"},"geometry":{"type":"LineString","coordinates":[[-123.0787024,49.3787581],[-123.0786182,49.3788168],[-123.0785479,49.3788636],[-123.0785385,49.3788699],[-123.0784608,49.3789293],[-123.0783499,49.379036],[-123.078234,49.3791604],[-123.0781638,49.3792572]]}},{"type":"Feature","id":"1364069787","properties":{"kind":"wood","name":"","osmWayId":"1364069787"},"geometry":{"type":"Polygon","coordinates":[[[-123.0770883,49.3776454],[-123.0770948,49.3775766],[-123.0770363,49.3774591],[-123.0769907,49.3774475],[-123.076968,49.3774644],[-123.0769826,49.3775904],[-123.0770168,49.3776412],[-123.0770883,49.3776454]]]}},{"type":"Feature","id":"1364069788","properties":{"kind":"path","name":"Grouse Woods","osmWayId":"1364069788"},"geometry":{"type":"LineString","coordinates":[[-123.0786388,49.3786307],[-123.0785282,49.3786396],[-123.0783924,49.3786349],[-123.0777194,49.3786161],[-123.077334,49.3784804],[-123.0771039,49.3783349],[-123.0770745,49.3782679],[-123.0770674,49.3781906],[-123.0770804,49.3777619]]}},{"type":"Feature","id":"1364069789","properties":{"kind":"path","name":"Sooty's Jump Line","osmWayId":"1364069789"},"geometry":{"type":"LineString","coordinates":[[-123.0766767,49.3777925],[-123.0766405,49.3777583],[-123.0766879,49.3776661],[-123.0766819,49.3775517],[-123.0766866,49.3773047],[-123.0767101,49.3771566],[-123.0767693,49.3770328],[-123.0768086,49.3769465],[-123.0768333,49.3768624],[-123.0768398,49.3768402],[-123.0768433,49.3768283],[-123.0768652,49.3767702],[-123.0768441,49.376711],[-123.0768091,49.3766677],[-123.0768033,49.3766298],[-123.0768107,49.3765878],[-123.0768391,49.3765274],[-123.0768563,49.3764558],[-123.0768515,49.3763296],[-123.0768672,49.3762796],[-123.076919,49.376184],[-123.076907,49.3761378],[-123.0768767,49.3761182],[-123.0768548,49.3761165],[-123.0768266,49.3761142],[-123.0767789,49.3761242],[-123.0767095,49.3761457],[-123.0766745,49.3761468],[-123.0766282,49.3761306],[-123.0766063,49.3760945],[-123.0766587,49.3758888],[-123.0767105,49.3758134],[-123.0768588,49.3756857],[-123.0770082,49.375547],[-123.0770115,49.3755097],[-123.0769852,49.3754556],[-123.076922,49.3754191],[-123.0768578,49.3754026],[-123.0767897,49.3754157],[-123.0765461,49.3755124],[-123.0763258,49.3756394],[-123.0761849,49.3757535],[-123.076087,49.3758631],[-123.0760147,49.3758946],[-123.0759872,49.3758925],[-123.0759649,49.3758551],[-123.0759582,49.3757941],[-123.0759705,49.3757408],[-123.0761075,49.3755294],[-123.0764469,49.3749467],[-123.0765741,49.3748006],[-123.076689,49.3747222],[-123.0768035,49.3746822],[-123.0768338,49.3746585],[-123.0768366,49.3746358],[-123.0768036,49.3746173],[-123.0767416,49.3746164],[-123.0766393,49.3746437],[-123.0765202,49.3746707],[-123.0764006,49.3747211],[-123.0762159,49.3748493],[-123.0759102,49.3750783],[-123.0756773,49.3752213],[-123.0755559,49.3753393],[-123.0755123,49.3753509],[-123.0754797,49.3753475],[-123.0754602,49.3753344],[-123.0754619,49.3752195],[-123.0755568,49.3750848],[-123.0755565,49.3750564],[-123.0755336,49.3750306],[-123.0754956,49.3750216],[-123.0754022,49.3750345],[-123.075258,49.375092],[-123.0751001,49.3751834],[-123.0749758,49.3752874],[-123.0749259,49.3753012],[-123.0748822,49.3752927],[-123.0748588,49.3752619],[-123.0748714,49.3752343],[-123.0749467,49.375176],[-123.0750684,49.3750655],[-123.0750942,49.3750276],[-123.0750892,49.3749343],[-123.0750811,49.3748963],[-123.0751265,49.3748463],[-123.0752364,49.3747329],[-123.0752763,49.3746582],[-123.0753053,49.3745747],[-123.0753361,49.3744963],[-123.0754814,49.3743876],[-123.0757104,49.3741379],[-123.0759072,49.3739413],[-123.0759133,49.3739179],[-123.0759128,49.3738951],[-123.0758911,49.3738919],[-123.0757878,49.3739294],[-123.0757038,49.3739634],[-123.0756403,49.3739617],[-123.0756058,49.3739275],[-123.0756037,49.3738945],[-123.0755865,49.3738096]]}},{"type":"Feature","id":"1364069790","properties":{"kind":"path","name":"Garnia","osmWayId":"1364069790"},"geometry":{"type":"LineString","coordinates":[[-123.0766284,49.3733536],[-123.0763788,49.3734578],[-123.0762775,49.3734675],[-123.0762134,49.3734404],[-123.076154,49.3733782],[-123.0760074,49.3732019]]}},{"type":"Feature","id":"1364069791","properties":{"kind":"path","name":"Technnector","osmWayId":"1364069791"},"geometry":{"type":"LineString","coordinates":[[-123.0794971,49.3732055],[-123.0792928,49.373159],[-123.0789956,49.3730781],[-123.0787032,49.3730584],[-123.0784087,49.3730314],[-123.0781193,49.3729654],[-123.0779521,49.3729684],[-123.0777806,49.372988],[-123.0775801,49.3730062],[-123.0773895,49.37304],[-123.0772907,49.3730397],[-123.0771939,49.3730473],[-123.0770931,49.3730748],[-123.077036,49.3731125],[-123.0769854,49.3731661]]}},{"type":"Feature","id":"1364069792","properties":{"kind":"path","name":"Papercut","osmWayId":"1364069792"},"geometry":{"type":"LineString","coordinates":[[-123.0813038,49.3787398],[-123.0812981,49.3786457],[-123.0812541,49.3786171],[-123.0810226,49.378582],[-123.080908,49.3785327],[-123.0808601,49.3784704],[-123.0808727,49.3784144],[-123.0809523,49.3783169],[-123.080972,49.3781789],[-123.080974,49.3780442],[-123.0809783,49.3779519],[-123.0809903,49.3778381],[-123.0809721,49.3777078],[-123.0809559,49.3775894],[-123.0809407,49.3774723],[-123.080931,49.3773561],[-123.0808885,49.3771939],[-123.0808714,49.3770502],[-123.0808784,49.376961],[-123.080858,49.3769092],[-123.0808071,49.3768714],[-123.080752,49.376846],[-123.0806418,49.3768195],[-123.0806029,49.3768005],[-123.0805348,49.3767332],[-123.0804987,49.3766469],[-123.0805047,49.3765956],[-123.0805861,49.3764927],[-123.0806388,49.3763538],[-123.0806516,49.3762788],[-123.0806431,49.3761913],[-123.0806081,49.3761004],[-123.08059,49.3760005],[-123.0806041,49.3759302],[-123.0806128,49.3758825],[-123.0805983,49.3758631],[-123.0805505,49.3758303],[-123.0805204,49.3757938],[-123.0804841,49.375592],[-123.0804832,49.3755211],[-123.0805178,49.3754266],[-123.0805333,49.3753709],[-123.0805256,49.3753238],[-123.0804808,49.3752728],[-123.0804769,49.3751864],[-123.0804582,49.3751128],[-123.0804584,49.3750545],[-123.080405,49.3749162],[-123.0803573,49.3748173],[-123.0803273,49.3747913],[-123.0802879,49.3747653],[-123.080198,49.3747225],[-123.0801634,49.3746732],[-123.0801595,49.3746142],[-123.0801569,49.3745712],[-123.0801313,49.3745419],[-123.0800335,49.3744858],[-123.0799871,49.3744373],[-123.0799821,49.3744032],[-123.0799783,49.3743773],[-123.0799884,49.3742588],[-123.0799934,49.3742059],[-123.0799632,49.3741688],[-123.0798814,49.3741353],[-123.0798392,49.3741106],[-123.0797828,49.3740088],[-123.0796894,49.373935],[-123.0796641,49.3739016],[-123.0796583,49.3738772],[-123.0796739,49.3738276],[-123.0797524,49.3737136],[-123.0797882,49.3736378],[-123.0797855,49.3736055],[-123.0797563,49.3735689],[-123.0797043,49.3735466],[-123.0796816,49.373524],[-123.0796797,49.3734983],[-123.0796929,49.3734039],[-123.0796773,49.3733734],[-123.0795995,49.3733022],[-123.0795297,49.3732471],[-123.0794971,49.3732055],[-123.0794673,49.3731276],[-123.0794953,49.3730296],[-123.0795757,49.3729161],[-123.0795903,49.3728689],[-123.0795798,49.3728274],[-123.07947,49.3726836],[-123.0794569,49.3726506],[-123.0793852,49.3726303],[-123.0793355,49.3725931],[-123.0792747,49.3724645],[-123.0791945,49.3724179],[-123.0790507,49.3723884],[-123.0788618,49.3723729],[-123.0786506,49.3723514],[-123.0782452,49.3723231],[-123.0780966,49.3723107],[-123.0780498,49.3723188],[-123.0779832,49.3723385],[-123.0779155,49.372413],[-123.077892,49.3724274],[-123.0778575,49.3724259],[-123.0778341,49.372405],[-123.0778417,49.3723781],[-123.0779175,49.3722968],[-123.0781564,49.372099],[-123.0781825,49.3720835],[-123.0784573,49.3719303],[-123.0787333,49.3718153],[-123.0789988,49.37172],[-123.0791171,49.3716811],[-123.0791644,49.3716432],[-123.0790953,49.3715026],[-123.0790064,49.3713564],[-123.0789184,49.3711982]]}},{"type":"Feature","id":"1364069793","properties":{"kind":"path","name":"Boc Rock","osmWayId":"1364069793"},"geometry":{"type":"LineString","coordinates":[[-123.0800271,49.3790462],[-123.0801156,49.3788921],[-123.0800942,49.3786305],[-123.0801008,49.378494],[-123.0802152,49.3782526],[-123.0802631,49.3781603],[-123.0803325,49.3780034],[-123.0804018,49.3778986],[-123.0805889,49.377777],[-123.0806035,49.3777338],[-123.0805647,49.3776971],[-123.0804326,49.3776695],[-123.0801642,49.3776473],[-123.0801063,49.3776192],[-123.0801069,49.3775684],[-123.0801437,49.3774084],[-123.0801117,49.3773097],[-123.0800829,49.377224],[-123.0800905,49.3771809],[-123.0801386,49.3771415],[-123.0802784,49.3770983],[-123.0804441,49.3771011],[-123.0807159,49.3771305],[-123.0807812,49.3771096],[-123.0808107,49.3770684],[-123.0807969,49.3770047],[-123.0807066,49.3768923],[-123.0803155,49.3767173],[-123.080119,49.3766558],[-123.0799744,49.3766058],[-123.0797832,49.3765501],[-123.0797152,49.3765094],[-123.0797112,49.3764869],[-123.0797352,49.3764602],[-123.0800012,49.3763836],[-123.0802038,49.3763478],[-123.0805278,49.3763299],[-123.0805663,49.3762987],[-123.0805683,49.3762636],[-123.0804435,49.3761663],[-123.0802292,49.3760965],[-123.080043,49.3760726],[-123.0798586,49.3760424],[-123.0798235,49.3760246],[-123.0798183,49.3760051],[-123.079848,49.3759866],[-123.0800674,49.3759479],[-123.0802559,49.3759415],[-123.0803931,49.3759408],[-123.0804351,49.3759203],[-123.0804451,49.3758809],[-123.0803808,49.3756353],[-123.0802882,49.3754058],[-123.0801328,49.3751141],[-123.0799933,49.374973],[-123.0798321,49.3748976],[-123.0797335,49.3748682],[-123.079683,49.3748761],[-123.079617,49.3749158],[-123.0795906,49.3749965],[-123.079571,49.3750391],[-123.0795598,49.3750512],[-123.0794972,49.3750506],[-123.079458,49.3750196],[-123.0794309,49.3749393],[-123.0794346,49.3748864],[-123.0795183,49.3747869],[-123.0795503,49.37477],[-123.0796479,49.3747185],[-123.0797582,49.3746071],[-123.0798827,49.3744908],[-123.0799821,49.3744032]]}},{"type":"Feature","id":"1377970468","properties":{"kind":"path","name":"Retirement Plan","osmWayId":"1377970468"},"geometry":{"type":"LineString","coordinates":[[-123.0628732,49.3710093],[-123.0630471,49.370992],[-123.0631686,49.3709506],[-123.063262,49.3708704],[-123.0633348,49.3707329],[-123.063386,49.3706081],[-123.0634144,49.3705881],[-123.0634516,49.3705755],[-123.0634898,49.3705751],[-123.0634997,49.370582],[-123.0635146,49.3705866],[-123.0635281,49.3705843],[-123.0635408,49.3705764],[-123.0635677,49.3705502],[-123.0635946,49.3705373],[-123.0635953,49.3705221],[-123.0635861,49.3705151],[-123.0635776,49.3705022],[-123.063596,49.3704741],[-123.0635946,49.3704511],[-123.0635946,49.3704349],[-123.0636095,49.3704294],[-123.0636335,49.3704386],[-123.0636696,49.3704649],[-123.0637086,49.3705156],[-123.0637804,49.3705754],[-123.0638625,49.3706305],[-123.0639222,49.3706575],[-123.0639629,49.3706652],[-123.0640091,49.3707029],[-123.0640595,49.3707749],[-123.0641464,49.3708259],[-123.0642247,49.3709056],[-123.0642752,49.3709297],[-123.064359,49.3709321],[-123.0644416,49.3709113],[-123.0645451,49.3708382],[-123.064622,49.3707515]]}},{"type":"Feature","id":"1377970562","properties":{"kind":"path","name":"Tank Girl","osmWayId":"1377970562"},"geometry":{"type":"LineString","coordinates":[[-123.0617058,49.3684864],[-123.0618133,49.3684993],[-123.0619049,49.3685431],[-123.0620468,49.3685626],[-123.0621795,49.3685613],[-123.0623177,49.3685273],[-123.0624447,49.3685005],[-123.0625661,49.3684336],[-123.0627249,49.3683339],[-123.0628818,49.3682889],[-123.0630641,49.368275]]}},{"type":"Feature","id":"1378205121","properties":{"kind":"stream","name":"","osmWayId":"1378205121"},"geometry":{"type":"LineString","coordinates":[[-123.0628621,49.3668298],[-123.0628889,49.3667808],[-123.0629076,49.3667509]]}},{"type":"Feature","id":"1378205122","properties":{"kind":"stream","name":"","osmWayId":"1378205122"},"geometry":{"type":"LineString","coordinates":[[-123.0629076,49.3667509],[-123.0630132,49.3667594]]}},{"type":"Feature","id":"1378205123","properties":{"kind":"stream","name":"","osmWayId":"1378205123"},"geometry":{"type":"LineString","coordinates":[[-123.0666465,49.3674039],[-123.066663,49.367395],[-123.0667401,49.3673805],[-123.0668,49.3673725],[-123.0668579,49.3673544],[-123.0669095,49.3673568]]}},{"type":"Feature","id":"1378205124","properties":{"kind":"stream","name":"","osmWayId":"1378205124"},"geometry":{"type":"LineString","coordinates":[[-123.0666519,49.3678417],[-123.0666679,49.3678172],[-123.0666883,49.3677972],[-123.0667608,49.3677615],[-123.0668026,49.3677478],[-123.0668602,49.3677498],[-123.0669061,49.367754]]}},{"type":"Feature","id":"1378205125","properties":{"kind":"stream","name":"","osmWayId":"1378205125"},"geometry":{"type":"LineString","coordinates":[[-123.0666147,49.3681274],[-123.0666217,49.3681114],[-123.0666373,49.3681056],[-123.0666786,49.3681068],[-123.066716,49.3681014],[-123.0667276,49.3680963],[-123.0667452,49.3680887],[-123.0667833,49.3680855]]}},{"type":"Feature","id":"1378205126","properties":{"kind":"stream","name":"","osmWayId":"1378205126"},"geometry":{"type":"LineString","coordinates":[[-123.0666795,49.3689281],[-123.0666876,49.3688792],[-123.0666893,49.3688289],[-123.0666942,49.3688118],[-123.0667137,49.3687869],[-123.0667441,49.3687673],[-123.0668011,49.3687551],[-123.0668194,49.3687502],[-123.0668804,49.3687337],[-123.0669391,49.3687028],[-123.0669897,49.3686876],[-123.0670248,49.3686558],[-123.0670648,49.3686237],[-123.0670963,49.3685958],[-123.0671451,49.3685811],[-123.0672085,49.3685486],[-123.0672283,49.3685426],[-123.0673366,49.3685523],[-123.067396,49.3685484],[-123.0675381,49.3684981],[-123.0677495,49.3684006],[-123.0678353,49.3683873],[-123.0679518,49.3683867],[-123.068164,49.3683825],[-123.0683095,49.3683745],[-123.0684185,49.3683629],[-123.0685396,49.3683608],[-123.0687307,49.3683232],[-123.0687982,49.3683232],[-123.068905,49.3683316],[-123.0689975,49.3683537],[-123.0690865,49.3683702]]}},{"type":"Feature","id":"1378205127","properties":{"kind":"path","name":"Banana Slug","osmWayId":"1378205127"},"geometry":{"type":"LineString","coordinates":[[-123.0671544,49.368594],[-123.0671151,49.3686825],[-123.0670143,49.3689026],[-123.0669946,49.3689551],[-123.066975,49.3690072],[-123.0669657,49.3690778],[-123.0669115,49.3691228],[-123.0668499,49.3691338],[-123.0667995,49.3691265],[-123.066744,49.3690961]]}},{"type":"Feature","id":"1378205128","properties":{"kind":"path","name":"","osmWayId":"1378205128"},"geometry":{"type":"LineString","coordinates":[[-123.0671633,49.3685543],[-123.0671544,49.368594]]}},{"type":"Feature","id":"1378205129","properties":{"kind":"stream","name":"","osmWayId":"1378205129"},"geometry":{"type":"LineString","coordinates":[[-123.0664735,49.3692886],[-123.0665277,49.3692691],[-123.0665763,49.3692639],[-123.0666182,49.3692527],[-123.0666767,49.3692177],[-123.0667285,49.3691922],[-123.066757,49.3691906],[-123.0668633,49.3691874],[-123.0669234,49.3692042],[-123.0669594,49.3692078],[-123.0670345,49.3691857],[-123.0670899,49.3691637],[-123.0671646,49.3691593],[-123.067247,49.3691212],[-123.0673219,49.369096],[-123.0674054,49.3690757],[-123.0674823,49.3690221],[-123.0676143,49.3690194],[-123.0678499,49.3690273],[-123.0679532,49.3690229],[-123.068063,49.3689922],[-123.0682449,49.3689914],[-123.0683422,49.3689878],[-123.0685222,49.3690025],[-123.0685922,49.3690169],[-123.0686364,49.3690184],[-123.0687015,49.368982],[-123.0687452,49.3689661],[-123.0688627,49.3689775]]}},{"type":"Feature","id":"1378205130","properties":{"kind":"path","name":"Banana Slug","osmWayId":"1378205130"},"geometry":{"type":"LineString","coordinates":[[-123.0673024,49.3679344],[-123.0672721,49.3680244],[-123.0672384,49.3681618],[-123.067244,49.3683236],[-123.067216,49.3684513],[-123.0671633,49.3685543]]}},{"type":"Feature","id":"1378205131","properties":{"kind":"path","name":"","osmWayId":"1378205131"},"geometry":{"type":"LineString","coordinates":[[-123.0674292,49.3676115],[-123.067366,49.3677453]]}},{"type":"Feature","id":"1378205132","properties":{"kind":"path","name":"","osmWayId":"1378205132"},"geometry":{"type":"LineString","coordinates":[[-123.067366,49.3677453],[-123.0673528,49.3677844]]}},{"type":"Feature","id":"1378205133","properties":{"kind":"path","name":"","osmWayId":"1378205133"},"geometry":{"type":"LineString","coordinates":[[-123.0673528,49.3677844],[-123.0673024,49.3679344]]}},{"type":"Feature","id":"1378205134","properties":{"kind":"stream","name":"","osmWayId":"1378205134"},"geometry":{"type":"LineString","coordinates":[[-123.0633296,49.3669336],[-123.0634029,49.3669505],[-123.063456,49.3669627],[-123.0634871,49.366978],[-123.0635062,49.3669922],[-123.0635444,49.3670036],[-123.0635709,49.3670281],[-123.0636069,49.3670586],[-123.0636381,49.3670719],[-123.0637277,49.3670931],[-123.0637746,49.3671206],[-123.0638377,49.3671463],[-123.063939,49.36716],[-123.0640016,49.3671807],[-123.06411,49.3672057],[-123.064181,49.3672263],[-123.0642193,49.3672519],[-123.0642783,49.367275],[-123.0643603,49.367278],[-123.0644303,49.3672762],[-123.0647591,49.3673529],[-123.0648357,49.3673644],[-123.0649412,49.3673802]]}},{"type":"Feature","id":"1378205135","properties":{"kind":"stream","name":"","osmWayId":"1378205135"},"geometry":{"type":"LineString","coordinates":[[-123.0632796,49.3656413],[-123.0632688,49.3656017],[-123.0632283,49.3655375],[-123.0631921,49.3654872]]}},{"type":"Feature","id":"1378205138","properties":{"kind":"stream","name":"","osmWayId":"1378205138"},"geometry":{"type":"LineString","coordinates":[[-123.0657472,49.3709759],[-123.065762,49.3709514],[-123.0658085,49.3709335],[-123.0658411,49.3709211],[-123.0658606,49.3709119],[-123.0658748,49.3709103],[-123.0659369,49.3709206],[-123.0660276,49.3709475],[-123.0661042,49.3709342],[-123.0661291,49.3709059],[-123.0662138,49.3708823],[-123.0662919,49.3708432],[-123.0663369,49.3708411],[-123.0664213,49.3708527],[-123.0664874,49.3708804],[-123.0665927,49.3708969],[-123.066829,49.3709192],[-123.0670539,49.3709671],[-123.0671876,49.3709959],[-123.0673257,49.3710285],[-123.067426,49.3710683],[-123.0675218,49.3710767],[-123.0676605,49.3710767],[-123.0677448,49.3710653],[-123.0677998,49.3710557],[-123.0678498,49.3710334],[-123.0678809,49.3710114],[-123.0679086,49.3709666],[-123.0679839,49.3709401]]}},{"type":"Feature","id":"1382688264","properties":{"kind":"path","name":"Dreamweaver Bypass","osmWayId":"1382688264"},"geometry":{"type":"LineString","coordinates":[[-123.0701163,49.3652336],[-123.0700788,49.3651533],[-123.0700111,49.3651449],[-123.0699084,49.3651655],[-123.0697834,49.3651556],[-123.0697017,49.3651244],[-123.0695885,49.3651069],[-123.0694752,49.3651442],[-123.069432,49.3651274],[-123.0693666,49.3650841],[-123.0692966,49.3651069],[-123.0691203,49.3650826],[-123.0690549,49.3650605],[-123.0690257,49.3650324],[-123.0690304,49.365005],[-123.0690958,49.3649929],[-123.069181,49.3649777],[-123.0692452,49.3649586],[-123.0693118,49.3649351],[-123.0693807,49.3648955],[-123.0694717,49.3648598],[-123.069578,49.3648172],[-123.0696258,49.3647731],[-123.0696352,49.3646697],[-123.0696959,49.3646211],[-123.0697823,49.3645466],[-123.0698196,49.364491],[-123.0698301,49.3644279],[-123.0698255,49.3643778],[-123.0699189,49.3643238],[-123.0700228,49.3643048],[-123.0701103,49.3642896],[-123.0701652,49.3642325],[-123.0702049,49.3641641],[-123.0702189,49.3640949],[-123.0702458,49.3640136],[-123.0702738,49.363939],[-123.0703022,49.3639255],[-123.0703485,49.3639117],[-123.0704489,49.3639208],[-123.0705236,49.363936],[-123.0705958,49.3639552]]}},{"type":"Feature","id":"1382702072","properties":{"kind":"path","name":"Upper Dreamweaver","osmWayId":"1382702072"},"geometry":{"type":"LineString","coordinates":[[-123.0701163,49.3652336],[-123.0701321,49.3652259],[-123.0703151,49.3650831],[-123.0704857,49.3650001],[-123.070569,49.3648803],[-123.0705724,49.3647842],[-123.0705804,49.3647096],[-123.0706239,49.3646351]]}},{"type":"Feature","id":"1387725162","properties":{"kind":"path","name":"UrdenF\u00fcrggli","osmWayId":"1387725162"},"geometry":{"type":"LineString","coordinates":[[-123.0621961,49.3638733],[-123.0622262,49.3638362],[-123.0622352,49.3637974],[-123.062219,49.363754],[-123.0621227,49.3636676],[-123.0620945,49.3635757],[-123.0620698,49.3635216],[-123.0620781,49.3634871],[-123.0620966,49.3634526],[-123.0621889,49.3633896],[-123.0623551,49.3633507],[-123.0626559,49.3632826],[-123.0627642,49.3632452],[-123.0628763,49.3631986],[-123.0628818,49.3631918],[-123.0629462,49.3631339],[-123.0629639,49.3630978],[-123.0629518,49.3630519],[-123.062899,49.3629947],[-123.0630122,49.3629502],[-123.0632266,49.3629208],[-123.0633304,49.3628739],[-123.0634912,49.3627495],[-123.063729,49.3626394],[-123.0639668,49.3625292],[-123.0641543,49.3624409],[-123.0643821,49.3623973],[-123.0645378,49.3622631],[-123.06464,49.3621911],[-123.0647002,49.3621094],[-123.064712,49.3620254],[-123.0646316,49.361913],[-123.064506,49.3618192],[-123.0644557,49.3617527],[-123.064434,49.3616622],[-123.0644423,49.3615499],[-123.0644831,49.3614678],[-123.0646266,49.361493],[-123.0647798,49.3615161],[-123.0648638,49.3615575],[-123.0650469,49.3617253],[-123.0652281,49.361847],[-123.0653645,49.3620258],[-123.0653946,49.3620699],[-123.065441,49.3621378],[-123.0655774,49.3622156],[-123.0657418,49.362252],[-123.0657754,49.3622594],[-123.0659267,49.3622789],[-123.0660033,49.3623215],[-123.0661415,49.3623458],[-123.0662611,49.3623519],[-123.0663732,49.3623349],[-123.0665338,49.3622278],[-123.0666123,49.3621718],[-123.0667468,49.3621597],[-123.0668607,49.3621487],[-123.0669293,49.362183]]}},{"type":"Feature","id":"1388659228","properties":{"kind":"path","name":"","osmWayId":"1388659228"},"geometry":{"type":"LineString","coordinates":[[-123.0683597,49.3652288],[-123.0686337,49.3651998],[-123.0687663,49.3651706],[-123.0688634,49.3650879],[-123.0689344,49.3650416],[-123.0690304,49.365005]]}},{"type":"Feature","id":"1392464236","properties":{"kind":"path","name":"Lettuce Rap","osmWayId":"1392464236"},"geometry":{"type":"LineString","coordinates":[[-123.0787336,49.3787004],[-123.0787013,49.3786647],[-123.0786388,49.3786307],[-123.0785013,49.3786129],[-123.0783265,49.3785452],[-123.078204,49.3785],[-123.0781055,49.3784873],[-123.0780013,49.3784823],[-123.0779605,49.3784655],[-123.0779088,49.3783982],[-123.0778435,49.3783689],[-123.0778231,49.37833],[-123.0777823,49.3782538],[-123.0776885,49.3781945],[-123.0775783,49.3781351],[-123.0775592,49.3780953],[-123.0775592,49.377973],[-123.0775361,49.3778756],[-123.077472,49.3778025],[-123.0773962,49.3777701],[-123.0773671,49.3777227],[-123.0773559,49.3775881],[-123.0773412,49.377547],[-123.0773146,49.3775141]]}},{"type":"Feature","id":"1392464237","properties":{"kind":"path","name":"Paper Shredder","osmWayId":"1392464237"},"geometry":{"type":"LineString","coordinates":[[-123.0812981,49.3786457],[-123.0813068,49.3785765],[-123.0812772,49.3785171],[-123.0811801,49.3784377],[-123.0811682,49.3783544],[-123.0811303,49.3782789],[-123.0810782,49.3782272],[-123.080972,49.3781789]]}},{"type":"Feature","id":"1392475681","properties":{"kind":"path","name":"Tim's Trim","osmWayId":"1392475681"},"geometry":{"type":"LineString","coordinates":[[-123.079129,49.3804352],[-123.0789235,49.3804748],[-123.0788303,49.3805393],[-123.0787341,49.3806254],[-123.078659,49.380712],[-123.078555,49.3808153],[-123.0784794,49.3808665],[-123.0784193,49.3809068],[-123.0783411,49.3809434],[-123.0782993,49.3809389],[-123.0782775,49.3809267],[-123.0782747,49.3809066],[-123.0783042,49.3808584],[-123.0782967,49.3808288],[-123.0782675,49.3808174],[-123.0782247,49.3808235],[-123.0781314,49.3809316],[-123.0779093,49.3811677],[-123.0777178,49.3814001],[-123.0775961,49.3814712],[-123.0775111,49.3815181],[-123.077463,49.3815521],[-123.0774118,49.3815718],[-123.077359,49.3815716],[-123.0773411,49.3815517],[-123.0773442,49.3815313],[-123.0774143,49.3814545],[-123.0774639,49.3814057],[-123.0775452,49.3813365],[-123.0775762,49.3812974],[-123.0775804,49.381273],[-123.0775663,49.3812648],[-123.0775511,49.3812621],[-123.0774891,49.3812698],[-123.0774162,49.3812872],[-123.0773519,49.3813144],[-123.0772323,49.3814204],[-123.0771432,49.3814664],[-123.0769798,49.3815291],[-123.0768043,49.3816845],[-123.0767686,49.3817524],[-123.076756,49.3818144],[-123.0767403,49.381827],[-123.0766973,49.3818328],[-123.0766574,49.3818183],[-123.0766479,49.3817777],[-123.0766574,49.3817213],[-123.0767726,49.3816039],[-123.0768676,49.3814293],[-123.0769231,49.3813521],[-123.0770602,49.3812718],[-123.0770657,49.3812422],[-123.0770461,49.3812207],[-123.076996,49.3812184],[-123.0768754,49.3812515],[-123.0766581,49.3814032],[-123.0765055,49.3815413],[-123.0764592,49.3816061],[-123.0764209,49.3816845],[-123.0763806,49.3817179],[-123.0763335,49.3817238],[-123.0762898,49.3817227],[-123.0762705,49.3817006],[-123.0762733,49.3816522],[-123.0763296,49.3814748],[-123.0763446,49.3813378],[-123.0763833,49.3812724],[-123.0764326,49.3812231],[-123.0765065,49.3811763],[-123.0767057,49.3810748],[-123.0767337,49.3810483],[-123.0767543,49.3810139],[-123.0767723,49.3809216],[-123.0767616,49.3808391],[-123.0767685,49.3807162],[-123.0766958,49.38044],[-123.0766616,49.3802856],[-123.0766377,49.3801835],[-123.0766485,49.3801166],[-123.0766623,49.3800616],[-123.0766617,49.3800218],[-123.0766462,49.3800015],[-123.0766111,49.3799926],[-123.0765664,49.3799963],[-123.076482,49.3800073],[-123.0764533,49.3800016],[-123.0764476,49.3799807],[-123.0764546,49.3799608],[-123.0765292,49.3798855],[-123.0765449,49.3798558],[-123.0765381,49.3798363],[-123.0765072,49.3798244],[-123.0764655,49.3798328],[-123.0764077,49.379852],[-123.0763613,49.3798942],[-123.0763123,49.3799686],[-123.0762711,49.3799924],[-123.0762276,49.3799936],[-123.0762002,49.3799791],[-123.0761963,49.3799556],[-123.076207,49.3799352],[-123.0762361,49.3799057],[-123.0762457,49.3798652],[-123.0762311,49.3797977],[-123.0762375,49.3796841],[-123.0762422,49.3794147],[-123.0762011,49.3792237],[-123.0761116,49.3789524],[-123.0760876,49.378827],[-123.0761101,49.37876],[-123.0762327,49.3786683],[-123.0763543,49.3785844]]}},{"type":"Feature","id":"1392475682","properties":{"kind":"path","name":"","osmWayId":"1392475682"},"geometry":{"type":"LineString","coordinates":[[-123.0744638,49.3793301],[-123.0745583,49.3792802],[-123.0746175,49.3792296]]}},{"type":"Feature","id":"1392475683","properties":{"kind":"path","name":"Tim's Trim","osmWayId":"1392475683"},"geometry":{"type":"LineString","coordinates":[[-123.0757712,49.3737245],[-123.0757947,49.3736962],[-123.0758262,49.3736346],[-123.0758711,49.3734812],[-123.0759296,49.373357],[-123.0760074,49.3732019],[-123.0760299,49.3731435],[-123.0760294,49.373005],[-123.0760452,49.3729535],[-123.0760718,49.3729203],[-123.0761943,49.3728511],[-123.0763389,49.3727531],[-123.0765062,49.3725214],[-123.076656,49.3723512],[-123.0768353,49.3720819],[-123.0769812,49.3719214],[-123.0771626,49.3717478],[-123.0775287,49.3715134],[-123.0776448,49.3714622],[-123.0777836,49.3714311]]}},{"type":"Feature","id":"1392475684","properties":{"kind":"path","name":"Tim's Trim","osmWayId":"1392475684"},"geometry":{"type":"LineString","coordinates":[[-123.0757023,49.373757],[-123.0757712,49.3737245]]}},{"type":"Feature","id":"1392475685","properties":{"kind":"path","name":"","osmWayId":"1392475685"},"geometry":{"type":"LineString","coordinates":[[-123.0789269,49.3788187],[-123.0788843,49.3787408],[-123.0788415,49.3785909]]}},{"type":"Feature","id":"1392475686","properties":{"kind":"path","name":"","osmWayId":"1392475686"},"geometry":{"type":"LineString","coordinates":[[-123.0794628,49.3790452],[-123.0793967,49.379082],[-123.079238,49.3791703],[-123.0791969,49.3792064]]}},{"type":"Feature","id":"1392482782","properties":{"kind":"path","name":"Water Boy","osmWayId":"1392482782"},"geometry":{"type":"LineString","coordinates":[[-123.0804558,49.3803185],[-123.0803723,49.3803039],[-123.0803365,49.3802761],[-123.0803138,49.3802335],[-123.0802656,49.3801783],[-123.0801677,49.3800964],[-123.0800966,49.3800138],[-123.0800484,49.379965],[-123.0799916,49.3799077],[-123.0799882,49.3798158],[-123.079989,49.3796925],[-123.0800148,49.3796387],[-123.0800823,49.3795623],[-123.0801364,49.3795035],[-123.0801488,49.3794747],[-123.0801396,49.3794555],[-123.0800864,49.3793474],[-123.080028,49.3791604],[-123.0800271,49.3790462]]}},{"type":"Feature","id":"1395063488","properties":{"kind":"path","name":"Oh Well","osmWayId":"1395063488"},"geometry":{"type":"LineString","coordinates":[[-123.0793355,49.3725931],[-123.0793805,49.3725161],[-123.0794335,49.3723942],[-123.0795075,49.3723316],[-123.0796225,49.3723081],[-123.0797018,49.3723058],[-123.0797683,49.3723168],[-123.0798271,49.3723173],[-123.0799008,49.3723021],[-123.0799335,49.3722753],[-123.0799335,49.3722546],[-123.0798906,49.3722139],[-123.0798574,49.3722044],[-123.0798118,49.3722028],[-123.0797225,49.3721835],[-123.0796431,49.3721464],[-123.079615,49.3721068],[-123.0795758,49.372074],[-123.0794768,49.3720442],[-123.0792956,49.3720138],[-123.0792003,49.3719955],[-123.0791639,49.3719639],[-123.0791191,49.3718715],[-123.0791266,49.3718465],[-123.0791508,49.3718344],[-123.0792414,49.3718417],[-123.0793096,49.3718429],[-123.079333,49.3718295],[-123.0793423,49.3718052],[-123.0793292,49.3717863],[-123.0793177,49.3717774],[-123.0791957,49.3716836],[-123.0791644,49.3716432]]}},{"type":"Feature","id":"1410206834","properties":{"kind":"path","name":"","osmWayId":"1410206834"},"geometry":{"type":"LineString","coordinates":[[-123.0996725,49.3692004],[-123.0997722,49.3692121]]}},{"type":"Feature","id":"1410206835","properties":{"kind":"path","name":"","osmWayId":"1410206835"},"geometry":{"type":"LineString","coordinates":[[-123.09954,49.369658],[-123.0996421,49.3697134]]}},{"type":"Feature","id":"1410206836","properties":{"kind":"path","name":"","osmWayId":"1410206836"},"geometry":{"type":"LineString","coordinates":[[-123.0992371,49.3707194],[-123.0991479,49.3707064]]}},{"type":"Feature","id":"1419310708","properties":{"kind":"wood","name":"","osmWayId":"1419310708"},"geometry":{"type":"Polygon","coordinates":[[[-123.0780276,49.3759246],[-123.0783238,49.3757553],[-123.0784562,49.3756298],[-123.078307,49.3750753],[-123.0781592,49.3745979],[-123.0780602,49.3745674],[-123.0777995,49.3748558],[-123.0777646,49.3750763],[-123.0776858,49.3753714],[-123.0777491,49.3757829],[-123.0777871,49.3760354],[-123.0778291,49.3760252],[-123.0780276,49.3759246]]]}},{"type":"Feature","id":"1427356993","properties":{"kind":"path","name":"Upper It's Logical","osmWayId":"1427356993"},"geometry":{"type":"LineString","coordinates":[[-123.0787013,49.3786647],[-123.0786841,49.3785445],[-123.0786196,49.3784003],[-123.0785205,49.3783643],[-123.0785041,49.3783362],[-123.0785062,49.3782527],[-123.0785101,49.3781865],[-123.0785709,49.3780962],[-123.0786811,49.378026],[-123.0787539,49.3779667],[-123.0787572,49.3779445],[-123.0787507,49.3779297],[-123.0787003,49.3779058],[-123.0786303,49.3778878],[-123.0786206,49.377873],[-123.078623,49.377863],[-123.0786441,49.3778497],[-123.0787575,49.3777951],[-123.0788376,49.3777034],[-123.0788433,49.3776843],[-123.0788311,49.3776701],[-123.078775,49.3776632],[-123.0786035,49.377678],[-123.0785831,49.3776785],[-123.0785734,49.3776727],[-123.0785758,49.37766],[-123.0785994,49.3776002],[-123.0786311,49.3775552],[-123.0786368,49.3775372],[-123.078623,49.3775303],[-123.0785989,49.3775336],[-123.0785522,49.3775465],[-123.078504,49.3775631],[-123.0784892,49.3775558],[-123.0784885,49.3775438],[-123.0784941,49.3774111],[-123.0785309,49.3773336],[-123.078521,49.377294],[-123.0784771,49.37727],[-123.0783823,49.3772507],[-123.0783342,49.3772258],[-123.0783285,49.3771898],[-123.0783469,49.3771004],[-123.0783384,49.3770027],[-123.0782195,49.3768804],[-123.0781952,49.3768068],[-123.0781663,49.3767746],[-123.0781261,49.3767673],[-123.0780682,49.3767533],[-123.078042,49.3767241],[-123.0780448,49.3766858],[-123.0780869,49.3766067],[-123.078085,49.3765745],[-123.0780439,49.3765362],[-123.0779832,49.3765204],[-123.0779356,49.3765271],[-123.0778967,49.376559],[-123.0778187,49.3766359],[-123.0776163,49.3767161],[-123.0773076,49.376799],[-123.0771753,49.376831],[-123.0771354,49.3768377],[-123.076982,49.3768712],[-123.0769026,49.3768754],[-123.0768333,49.3768624]]}},{"type":"Feature","id":"1427356994","properties":{"kind":"path","name":"Rocktopus","osmWayId":"1427356994"},"geometry":{"type":"LineString","coordinates":[[-123.0774721,49.3790448],[-123.0773504,49.3790091],[-123.0772667,49.3789714],[-123.077065,49.3789637],[-123.0769663,49.3789728],[-123.0768225,49.3790063],[-123.0766691,49.3790692],[-123.076597,49.3790846]]}},{"type":"Feature","id":"1427356995","properties":{"kind":"path","name":"Blue La La","osmWayId":"1427356995"},"geometry":{"type":"LineString","coordinates":[[-123.0776405,49.3789882],[-123.0775279,49.3789264],[-123.0773735,49.3788534],[-123.0772588,49.3788126],[-123.0771466,49.3787878],[-123.0771107,49.3787658],[-123.0770694,49.3787068],[-123.0770481,49.3786239],[-123.0770448,49.3785918],[-123.0770703,49.3785463],[-123.0770678,49.3784831],[-123.0770222,49.3783696],[-123.0769099,49.3782624],[-123.0768775,49.378122]]}},{"type":"Feature","id":"1427356996","properties":{"kind":"path","name":"Water Boy","osmWayId":"1427356996"},"geometry":{"type":"LineString","coordinates":[[-123.0808721,49.3801117],[-123.0808398,49.380068],[-123.080822,49.3800138],[-123.0808024,49.3799871],[-123.0807492,49.3799707],[-123.0806605,49.3799591],[-123.0804625,49.379964],[-123.0803364,49.3799688],[-123.0800484,49.379965]]}},{"type":"Feature","id":"1429538983","properties":{"kind":"path","name":"Lower It's Logical","osmWayId":"1429538983"},"geometry":{"type":"LineString","coordinates":[[-123.0768548,49.3761165],[-123.0768734,49.3760165],[-123.076885,49.3759386],[-123.0769336,49.3758943],[-123.0771604,49.3758335],[-123.0775711,49.3756757],[-123.077662,49.3756216],[-123.0778795,49.3755584],[-123.0779699,49.3755012],[-123.0780219,49.3754173],[-123.0780427,49.3753292],[-123.0780402,49.3752496],[-123.0780608,49.3751871],[-123.0781049,49.3751063],[-123.0781334,49.3750176],[-123.0781307,49.3749486],[-123.078091,49.3748735],[-123.0779825,49.3747635],[-123.0778933,49.3746453],[-123.0778714,49.3745302],[-123.0779241,49.3744225],[-123.0779423,49.3743666],[-123.0779348,49.3743491],[-123.0779198,49.3743394],[-123.0778586,49.3743464],[-123.0776709,49.374405],[-123.0775582,49.3744141],[-123.0775314,49.3744022],[-123.0775239,49.3743813],[-123.0775421,49.3743561],[-123.0776269,49.3742926],[-123.0777803,49.3742038],[-123.0778844,49.374127],[-123.0780196,49.3740655],[-123.0780507,49.3740264],[-123.0780528,49.3739999],[-123.0780196,49.3739859],[-123.0779455,49.373974],[-123.0778887,49.3739824],[-123.0778254,49.3739992],[-123.0777188,49.3740564],[-123.0776293,49.3741326],[-123.0775944,49.3741448],[-123.0775586,49.3741437],[-123.0775358,49.374131],[-123.0775245,49.3741056],[-123.0775456,49.3740665],[-123.0776359,49.3739918],[-123.0777505,49.3739161],[-123.0778066,49.3738743],[-123.0778196,49.3738462],[-123.0778188,49.3738261],[-123.0778017,49.3738197],[-123.0777472,49.3738182],[-123.0776489,49.3738473],[-123.0775098,49.3739129],[-123.0773082,49.3739982],[-123.0772748,49.3739997],[-123.0772464,49.3739897],[-123.0772423,49.3739706],[-123.0772553,49.3739415],[-123.0773374,49.3738489],[-123.0774334,49.3737869],[-123.0775269,49.3737409],[-123.0775367,49.373725],[-123.0775293,49.3737096],[-123.0775001,49.3736996],[-123.0774171,49.3736996],[-123.0772716,49.3737223],[-123.0770277,49.373779],[-123.0768577,49.3738399],[-123.0768106,49.373851],[-123.0767732,49.3738404],[-123.0767545,49.3738203],[-123.076752,49.3738012],[-123.0767845,49.3737552],[-123.0769089,49.373662],[-123.0769504,49.3736196],[-123.076961,49.3735646],[-123.0769748,49.3734989],[-123.0769959,49.3734708],[-123.0770228,49.3734534],[-123.0771033,49.3734375],[-123.0771716,49.3734264],[-123.0772171,49.3734041],[-123.0772326,49.3733771],[-123.0772204,49.3733507],[-123.077196,49.373339],[-123.0771521,49.3733358],[-123.0769512,49.3733512],[-123.0769155,49.373338],[-123.0769211,49.3733073],[-123.0769439,49.3732861],[-123.077035,49.3732612],[-123.077135,49.3732427],[-123.077148,49.3732178],[-123.0771415,49.3731987],[-123.0771138,49.3731802],[-123.0769854,49.3731661],[-123.0768592,49.373207],[-123.0768019,49.3732256],[-123.076781,49.3732242],[-123.0767699,49.3732181],[-123.0767716,49.3731994],[-123.076806,49.3731423],[-123.0768173,49.3730822],[-123.0768356,49.3729915],[-123.076849,49.3729334],[-123.0768766,49.3728742],[-123.0768868,49.3728256],[-123.0768745,49.3728123],[-123.076856,49.3728099],[-123.0768317,49.372816],[-123.076802,49.37283],[-123.0767369,49.372873],[-123.0766977,49.3728847],[-123.0766682,49.3728829],[-123.0766505,49.3728702],[-123.0766531,49.3728496],[-123.0766829,49.3727789],[-123.0766865,49.3727238],[-123.0766985,49.372698],[-123.0767547,49.3726364],[-123.0768526,49.3725336],[-123.0769651,49.3724207],[-123.0770406,49.3723313],[-123.0771249,49.3722243],[-123.0771941,49.3721401],[-123.0772618,49.3720794],[-123.0773208,49.3720405],[-123.0774458,49.3719324],[-123.0775024,49.3718555],[-123.0775914,49.3717492]]}},{"type":"Feature","id":"1429634097","properties":{"kind":"path","name":"Doug's Trail","osmWayId":"1429634097"},"geometry":{"type":"LineString","coordinates":[[-123.061532,49.3875078],[-123.061607,49.387478],[-123.06188,49.387286],[-123.0622846,49.3870424],[-123.0625281,49.3869168],[-123.0628869,49.3867518],[-123.0632108,49.386641],[-123.0634987,49.386555],[-123.064151,49.386269],[-123.064653,49.385966],[-123.064742,49.3858996]]}},{"type":"Feature","id":"1432659682","properties":{"kind":"stream","name":"Grouse Creek","osmWayId":"1432659682"},"geometry":{"type":"LineString","coordinates":[[-123.0873215,49.3792034],[-123.0873762,49.3791621],[-123.0874561,49.3790522],[-123.0875124,49.3788946],[-123.0875966,49.3787585],[-123.0877039,49.378702],[-123.0877574,49.3785871],[-123.0878673,49.3784249],[-123.0879197,49.3783134],[-123.0880225,49.3782244],[-123.0881652,49.3781393],[-123.0882928,49.3781118],[-123.0884885,49.37805],[-123.0886266,49.3779757],[-123.0887822,49.3778902],[-123.0888598,49.3778338],[-123.0888945,49.3777332],[-123.0889342,49.3776527]]}},{"type":"Feature","id":"1436840368","properties":{"kind":"wood","name":"","osmWayId":"1436840368"},"geometry":{"type":"Polygon","coordinates":[[[-123.0892311,49.3801709],[-123.089211,49.3801159],[-123.089152,49.3800591],[-123.0890286,49.3800643],[-123.0889347,49.3800556],[-123.0888931,49.3800879],[-123.0889589,49.3801368],[-123.089046,49.380204],[-123.0891386,49.3802005],[-123.0892311,49.3801709]]]}},{"type":"Feature","id":"1436840369","properties":{"kind":"wood","name":"","osmWayId":"1436840369"},"geometry":{"type":"Polygon","coordinates":[[[-123.0897528,49.380005],[-123.0896723,49.3799438],[-123.0895221,49.3798854],[-123.0893277,49.3798688],[-123.0892271,49.3799011],[-123.0892164,49.379929],[-123.0893183,49.3799945],[-123.0894417,49.380025],[-123.089616,49.3800189],[-123.0897206,49.3800268],[-123.0897528,49.380005]]]}},{"type":"Feature","id":"1437007198","properties":{"kind":"path","name":"Upper Gnarnia","osmWayId":"1437007198"},"geometry":{"type":"LineString","coordinates":[[-123.0775582,49.3744141],[-123.0775222,49.3744128],[-123.0774857,49.3743871],[-123.07745,49.3743358],[-123.077289,49.3742712],[-123.0771117,49.3741315],[-123.0768824,49.3739917],[-123.0767279,49.3738795],[-123.0766369,49.3736825],[-123.0766157,49.3736115],[-123.0765927,49.3735971],[-123.0765642,49.3735992],[-123.0765406,49.3736132],[-123.0765136,49.373633],[-123.0764753,49.3736443],[-123.0764143,49.3736418],[-123.0763399,49.3736319],[-123.0762842,49.3735992],[-123.0762134,49.3734404]]}},{"type":"Feature","id":"1437007199","properties":{"kind":"path","name":"Access Granted","osmWayId":"1437007199"},"geometry":{"type":"LineString","coordinates":[[-123.0795503,49.37477],[-123.0795637,49.3747302],[-123.079568,49.3746967],[-123.0795423,49.3746722],[-123.0794843,49.3746589],[-123.0793594,49.3746631],[-123.0788955,49.3747147],[-123.078583,49.3747516],[-123.0785023,49.3748161],[-123.0784358,49.3748604],[-123.0783721,49.374853],[-123.0783466,49.3748309],[-123.0783466,49.374794],[-123.0784797,49.3745894],[-123.0786283,49.3744723],[-123.0787956,49.3743861]]}},{"type":"Feature","id":"1460407583","properties":{"kind":"path","name":"Dam Mountain Loop","osmWayId":"1460407583"},"geometry":{"type":"LineString","coordinates":[[-123.0810143,49.3955689],[-123.0809602,49.3956005],[-123.0808618,49.3956243],[-123.080751,49.3956162],[-123.0806783,49.3955906],[-123.0806237,49.3955519],[-123.080552,49.3955282],[-123.0804882,49.3954982],[-123.0804607,49.3954593],[-123.0804469,49.3953987],[-123.0804144,49.395356],[-123.0803493,49.3953252],[-123.0802769,49.3953352],[-123.0801858,49.3953569],[-123.0801377,49.3953942],[-123.0800938,49.3954391],[-123.0800508,49.3954912],[-123.0799963,49.3955334],[-123.0799157,49.3955441]]}},{"type":"Feature","id":"1462718086","properties":{"kind":"path","name":"","osmWayId":"1462718086"},"geometry":{"type":"LineString","coordinates":[[-123.0986517,49.3715603],[-123.0985144,49.3717142],[-123.0982391,49.3719953]]}},{"type":"Feature","id":"1462718087","properties":{"kind":"path","name":"","osmWayId":"1462718087"},"geometry":{"type":"LineString","coordinates":[[-123.0987967,49.3730238],[-123.0991688,49.3733725]]}},{"type":"Feature","id":"1464344606","properties":{"kind":"path","name":"","osmWayId":"1464344606"},"geometry":{"type":"LineString","coordinates":[[-123.0998233,49.3731397],[-123.0994757,49.3727857],[-123.0996786,49.3727021],[-123.1000357,49.3730552]]}},{"type":"Feature","id":"1466117682","properties":{"kind":"path","name":"Grouse Mountain Highway","osmWayId":"1466117682"},"geometry":{"type":"LineString","coordinates":[[-123.0716266,49.3831148],[-123.071423,49.3832649],[-123.0712655,49.3833918],[-123.0708781,49.3837418],[-123.070654,49.3839735]]}},{"type":"Feature","id":"1471824877","properties":{"kind":"path","name":"Old Janet's Granite","osmWayId":"1471824877"},"geometry":{"type":"LineString","coordinates":[[-123.0652021,49.3659795],[-123.0650629,49.3659838],[-123.0648222,49.3659783],[-123.0646632,49.3659958]]}},{"type":"Feature","id":"1471824878","properties":{"kind":"path","name":"Janet's Granite","osmWayId":"1471824878"},"geometry":{"type":"LineString","coordinates":[[-123.0659277,49.3664675],[-123.0659888,49.366489],[-123.0660964,49.3665038],[-123.0662832,49.3664724],[-123.0666796,49.3663692],[-123.0668161,49.3663258],[-123.0668532,49.3662958],[-123.0668774,49.3662393],[-123.066915,49.3661935],[-123.0670177,49.3661681]]}},{"type":"Feature","id":"1471824879","properties":{"kind":"path","name":"","osmWayId":"1471824879"},"geometry":{"type":"LineString","coordinates":[[-123.0646112,49.3672639],[-123.0646431,49.3672701],[-123.0647355,49.3672701],[-123.0648255,49.3673423],[-123.0648357,49.3673644],[-123.0648969,49.3674964],[-123.064977,49.3675694],[-123.0650892,49.3676095],[-123.0651878,49.3676063],[-123.0653123,49.3675758],[-123.0654306,49.3674743],[-123.0655053,49.3674549],[-123.065666,49.3674902],[-123.0657052,49.3675583],[-123.0657912,49.3675838],[-123.0659499,49.3675923],[-123.0660816,49.3675902]]}},{"type":"Feature","id":"1513158146","properties":{"kind":"stream","name":"","osmWayId":"1513158146"},"geometry":{"type":"LineString","coordinates":[[-123.0619433,49.3838411],[-123.061972,49.3838573],[-123.0620088,49.383888],[-123.0620793,49.383916],[-123.0621252,49.383927],[-123.0621862,49.383918],[-123.0622584,49.3839468],[-123.062339,49.3839763],[-123.062386,49.3840316],[-123.0624486,49.3840641],[-123.062478,49.3841172],[-123.0625385,49.3841559],[-123.062551,49.3841905],[-123.0626205,49.3842295],[-123.0626467,49.3842605],[-123.0627969,49.3843358],[-123.0628027,49.3843644],[-123.0628297,49.3843871],[-123.0629054,49.3844025],[-123.0630022,49.3844408],[-123.0630835,49.3844632],[-123.0631462,49.3844756],[-123.0632021,49.3844622],[-123.0632817,49.3844936],[-123.0633264,49.384533],[-123.0633805,49.3845725],[-123.0634651,49.3846066],[-123.063553,49.3846456],[-123.0636808,49.3846484],[-123.0637395,49.3846307],[-123.0637926,49.3846309],[-123.0638475,49.384613],[-123.0639039,49.3846251],[-123.0639336,49.3846572],[-123.063973,49.3846689],[-123.0640299,49.3846603],[-123.0641197,49.384691],[-123.0641546,49.3847106],[-123.064217,49.3847279],[-123.0643368,49.3847379]]}},{"type":"Feature","id":"1513158147","properties":{"kind":"stream","name":"","osmWayId":"1513158147"},"geometry":{"type":"LineString","coordinates":[[-123.0638109,49.3781359],[-123.0638438,49.378101],[-123.0639261,49.3780514],[-123.0639932,49.3780153],[-123.0640707,49.3779697],[-123.0641117,49.3779492],[-123.0641337,49.3779312],[-123.0641687,49.3779068],[-123.0642373,49.3778836],[-123.0642885,49.3778832],[-123.0643663,49.3778873],[-123.0644009,49.3778765],[-123.0644664,49.3778751],[-123.0646162,49.3778666],[-123.0647094,49.3778543],[-123.0647661,49.3778618],[-123.0648106,49.3778593],[-123.0648402,49.3778599],[-123.0648955,49.377879],[-123.0649231,49.3778843],[-123.0649724,49.3778784],[-123.0650492,49.3778581],[-123.065131,49.3778313],[-123.065231,49.3777878],[-123.0653219,49.3777444],[-123.0653976,49.3777248]]}},{"type":"Feature","id":"1513220997","properties":{"kind":"stream","name":"","osmWayId":"1513220997"},"geometry":{"type":"LineString","coordinates":[[-123.0763585,49.3739009],[-123.076273,49.3738202]]}},{"type":"Feature","id":"1513220998","properties":{"kind":"stream","name":"","osmWayId":"1513220998"},"geometry":{"type":"LineString","coordinates":[[-123.0777224,49.3747214],[-123.0774406,49.3744513],[-123.0773206,49.3744241],[-123.0772384,49.3744148],[-123.0771386,49.3743677],[-123.0771079,49.3743405],[-123.0770505,49.3743061],[-123.0769892,49.3742938],[-123.0769364,49.3742653],[-123.0768959,49.3742279],[-123.0768248,49.3741995],[-123.0767916,49.3741944],[-123.0767446,49.3741536],[-123.0767257,49.3741472],[-123.0766344,49.3741349],[-123.0766174,49.3741162],[-123.0766174,49.3740801],[-123.0765744,49.3740487],[-123.0765489,49.3740241],[-123.076498,49.3740181],[-123.0764191,49.3739633],[-123.076395,49.3739272],[-123.0763585,49.3739009]]}},{"type":"Feature","id":"1513220999","properties":{"kind":"stream","name":"","osmWayId":"1513220999"},"geometry":{"type":"LineString","coordinates":[[-123.0705826,49.3715943],[-123.0704691,49.3715611],[-123.0704169,49.3715238],[-123.0703465,49.3715102],[-123.0701417,49.3714957],[-123.070023,49.3714414],[-123.0699408,49.3714337],[-123.0698886,49.3714099],[-123.069736,49.371387],[-123.0696329,49.3713275],[-123.0695677,49.3713089],[-123.0694881,49.3712536],[-123.069462,49.3712256],[-123.0692911,49.3711526],[-123.0692507,49.3711313],[-123.069145,49.3711177],[-123.0690732,49.3710778],[-123.0690015,49.3710031],[-123.0689545,49.370941],[-123.0688606,49.3708646],[-123.068781,49.3707907],[-123.0687602,49.3707397],[-123.0686936,49.3706675],[-123.0686623,49.3705919],[-123.0686245,49.3705698],[-123.068558,49.370552]]}},{"type":"Feature","id":"1513221000","properties":{"kind":"stream","name":"","osmWayId":"1513221000"},"geometry":{"type":"LineString","coordinates":[[-123.0720633,49.373847],[-123.0720176,49.3738198],[-123.0720098,49.3737858],[-123.0719915,49.3737603],[-123.0719941,49.3737442],[-123.0720137,49.3737068],[-123.0719706,49.3735692],[-123.0719061,49.373469],[-123.0718787,49.3734431],[-123.0718206,49.3734261],[-123.0717489,49.3733857]]}},{"type":"Feature","id":"1513221001","properties":{"kind":"stream","name":"","osmWayId":"1513221001"},"geometry":{"type":"LineString","coordinates":[[-123.0633033,49.3730192],[-123.0634924,49.3729801],[-123.0635798,49.3729801],[-123.063645,49.3729598],[-123.0636737,49.3729266],[-123.0637807,49.3728604],[-123.0638538,49.3727941],[-123.0638916,49.3727474],[-123.0639451,49.3727092],[-123.0639894,49.372648],[-123.0640703,49.3726098],[-123.0640951,49.3725673],[-123.0641447,49.3725223],[-123.0641916,49.3725121],[-123.0642269,49.3724883],[-123.0642295,49.372456],[-123.0642477,49.3723991],[-123.0642647,49.3723847],[-123.0643104,49.3723668],[-123.0643456,49.3723346],[-123.0643821,49.3723159],[-123.064433,49.3722675],[-123.0644982,49.3722445],[-123.0645491,49.3721604],[-123.0645856,49.3721366],[-123.0646078,49.3721035],[-123.0646639,49.3720712],[-123.0646939,49.3720254],[-123.0647382,49.3719982],[-123.0648022,49.3719863],[-123.0649418,49.3719506],[-123.0650709,49.37196],[-123.0651909,49.3719625],[-123.0652875,49.3719566],[-123.0654375,49.3719217],[-123.0655836,49.3719081],[-123.0656697,49.3719124],[-123.0657988,49.371881],[-123.0658427,49.3718813],[-123.0659136,49.3718818],[-123.0659971,49.371847],[-123.0661419,49.3718088],[-123.0662398,49.3717935],[-123.0663755,49.3718096],[-123.0664876,49.3718088],[-123.0665398,49.3717918],[-123.0666729,49.3717918],[-123.0667812,49.371796],[-123.0668764,49.3717901],[-123.0669899,49.3718028],[-123.0671019,49.3718324]]}},{"type":"Feature","id":"1513221002","properties":{"kind":"stream","name":"","osmWayId":"1513221002"},"geometry":{"type":"LineString","coordinates":[[-123.0703413,49.3717268],[-123.0701691,49.3716843],[-123.070049,49.3716869],[-123.069976,49.3716707],[-123.0699042,49.371669],[-123.0698312,49.3716843],[-123.069796,49.3716775],[-123.069736,49.371652],[-123.0696864,49.3716503],[-123.0696068,49.3716597],[-123.0695077,49.3716164],[-123.0693811,49.3715909],[-123.0693172,49.3715713],[-123.0692207,49.3715569],[-123.0691254,49.3715569],[-123.0690498,49.3715289],[-123.0689454,49.3714405],[-123.0688841,49.3714167],[-123.068781,49.3713428],[-123.0687458,49.3712995],[-123.0687054,49.3712757],[-123.0686193,49.3712681],[-123.0685814,49.3712392],[-123.0685201,49.3712358],[-123.0684145,49.3711848],[-123.0683153,49.3711678],[-123.0682383,49.3711262],[-123.0680935,49.371088],[-123.0679305,49.3710591]]}},{"type":"Feature","id":"1513221003","properties":{"kind":"stream","name":"","osmWayId":"1513221003"},"geometry":{"type":"LineString","coordinates":[[-123.0689924,49.3726289],[-123.0689532,49.3725924],[-123.0689037,49.3725601],[-123.0688932,49.3725159],[-123.0688384,49.3724616],[-123.0688084,49.3724131],[-123.0687706,49.3723766],[-123.0687119,49.3723392],[-123.0684536,49.3722339],[-123.0684053,49.3721838],[-123.0683388,49.3721379],[-123.0682475,49.3721039],[-123.068147,49.3720487],[-123.0680309,49.3719519],[-123.0677074,49.371748],[-123.0676278,49.3716784],[-123.0676591,49.3716317],[-123.0676552,49.3716036],[-123.0676213,49.3715798]]}},{"type":"Feature","id":"1513221004","properties":{"kind":"stream","name":"","osmWayId":"1513221004"},"geometry":{"type":"LineString","coordinates":[[-123.0749965,49.3761633],[-123.0749456,49.3761166],[-123.0748778,49.3760664],[-123.0748739,49.3760444],[-123.0748817,49.3760087],[-123.0748491,49.3759093],[-123.074853,49.37586],[-123.07484,49.3758278],[-123.07481,49.3758057],[-123.0747643,49.3757904],[-123.0747304,49.3757853],[-123.0746352,49.3757199],[-123.0745895,49.3757157],[-123.0745217,49.3756715],[-123.074493,49.375646],[-123.0744786,49.375601],[-123.0744564,49.3755823],[-123.0743834,49.3755483],[-123.0742908,49.3754863],[-123.0742516,49.3754379],[-123.0741877,49.3753818],[-123.0741433,49.3753657],[-123.0741329,49.3753275],[-123.0741192,49.3753079],[-123.0740879,49.3752935],[-123.0740292,49.3752786],[-123.073992,49.3752366],[-123.0739346,49.3751933],[-123.0738498,49.3751559],[-123.0737859,49.375133],[-123.0737624,49.3751041],[-123.0736581,49.3750242],[-123.0736176,49.374969],[-123.0736065,49.3749308],[-123.0735537,49.3748561],[-123.0735263,49.3748297],[-123.0734885,49.3748106],[-123.0734493,49.3747605],[-123.0733887,49.3747095],[-123.0733384,49.3746798],[-123.0732465,49.3746565],[-123.0732165,49.3746407],[-123.0731212,49.3746127],[-123.0730945,49.3745966],[-123.0729993,49.374563],[-123.0729477,49.3745329],[-123.0729203,49.3745108],[-123.0727847,49.3744458],[-123.0727384,49.3744458],[-123.072679,49.374453],[-123.0726418,49.3744437],[-123.0726007,49.374408],[-123.0724742,49.3743779],[-123.0724253,49.3743715],[-123.07236,49.3743426],[-123.0722955,49.3743299],[-123.0722315,49.3743358],[-123.0721481,49.3743154],[-123.0720946,49.3742908],[-123.0719759,49.374188],[-123.0719302,49.3741583],[-123.0718898,49.3741438],[-123.0718063,49.3741252],[-123.071771,49.3741039],[-123.0717345,49.3740615],[-123.0716667,49.3740062],[-123.0716275,49.3739833],[-123.0715036,49.3739544],[-123.0714866,49.3739332],[-123.071488,49.3739009],[-123.0714306,49.3738652],[-123.0713771,49.3738559],[-123.0713144,49.3738593],[-123.0712257,49.3738347],[-123.0711592,49.3738041],[-123.0711318,49.3737743],[-123.071064,49.3737327],[-123.071017,49.3736979],[-123.0709851,49.3736202],[-123.0709524,49.3735684],[-123.0709263,49.3735403],[-123.0708983,49.3735272],[-123.0708735,49.373469],[-123.0708272,49.3734235],[-123.0707541,49.3733913],[-123.0706876,49.3733705],[-123.0704932,49.3733615],[-123.0704424,49.373331],[-123.0704248,49.3733059],[-123.0703863,49.3732796],[-123.0703719,49.3732579],[-123.0703387,49.3732413],[-123.0702963,49.373229],[-123.0702526,49.3731912],[-123.0702017,49.3731751],[-123.0701488,49.3731628],[-123.0700764,49.3731602],[-123.0698795,49.3731343],[-123.0698494,49.373119],[-123.0698234,49.373091],[-123.0697992,49.3730821],[-123.0697516,49.3730795],[-123.0696896,49.3730536],[-123.0696212,49.3730443],[-123.0695064,49.3730205],[-123.0694411,49.3729908],[-123.0693942,49.3729313],[-123.0693289,49.3728727],[-123.0692898,49.3728557],[-123.0692141,49.3728667],[-123.0691228,49.3728498],[-123.0690145,49.3727988],[-123.0689545,49.3727869],[-123.0689076,49.3727563],[-123.0687941,49.372724],[-123.0686871,49.3726663],[-123.0685984,49.3726026],[-123.0685658,49.3725881],[-123.0685019,49.372589],[-123.0684562,49.3725609],[-123.0683962,49.3725618],[-123.0683244,49.3725278],[-123.0682436,49.3725202],[-123.0681601,49.3724998],[-123.0680922,49.3724938],[-123.0680283,49.3724709],[-123.0679396,49.3724658],[-123.0678287,49.3724735],[-123.067723,49.3724913],[-123.0675926,49.3724539],[-123.0674817,49.3724582],[-123.0672417,49.3724242]]}},{"type":"Feature","id":"1513221005","properties":{"kind":"stream","name":"","osmWayId":"1513221005"},"geometry":{"type":"LineString","coordinates":[[-123.0738453,49.3761187],[-123.0737552,49.3761051],[-123.0736978,49.3761187],[-123.0736209,49.3761612],[-123.0735687,49.3761832],[-123.0734943,49.37619],[-123.07339,49.3761671],[-123.0733247,49.3761399],[-123.0732386,49.3761119],[-123.0732099,49.3760779],[-123.0731238,49.3760669],[-123.0730625,49.376032],[-123.0730247,49.376004],[-123.0729543,49.3759666],[-123.0729269,49.3759378],[-123.0729047,49.37588],[-123.0728642,49.3758443],[-123.0728499,49.3758027],[-123.072769,49.3757501],[-123.0727442,49.3757254],[-123.0727338,49.375694],[-123.072666,49.3756702],[-123.0725198,49.3755972],[-123.0724494,49.3755292],[-123.0723568,49.3754536],[-123.0722524,49.3753908],[-123.0722237,49.3753491],[-123.0722107,49.3752829],[-123.0722081,49.375243],[-123.0722342,49.3752047],[-123.0721963,49.3751241],[-123.072212,49.3750884],[-123.0722002,49.3750502],[-123.0721337,49.3749975],[-123.0721102,49.3749261],[-123.0720711,49.374876],[-123.0720646,49.3748242],[-123.0720437,49.3747894],[-123.0720398,49.3747529],[-123.071985,49.374718],[-123.0718571,49.3746603],[-123.071788,49.3746042],[-123.0716941,49.3745855],[-123.0715023,49.3745286],[-123.0713836,49.3745184],[-123.0712936,49.3745031],[-123.0712584,49.3744709],[-123.0711566,49.3743995],[-123.0710809,49.3743035],[-123.0710431,49.3742857],[-123.0709896,49.3742713],[-123.0708944,49.3742296],[-123.07079,49.3741795],[-123.0707274,49.3741404],[-123.0706035,49.3741175],[-123.0705265,49.3741116],[-123.0703191,49.3741073],[-123.0701834,49.3740929],[-123.0700725,49.3740648],[-123.070006,49.3740266],[-123.0699499,49.3740139],[-123.0698586,49.3740054],[-123.0697947,49.3740062],[-123.0697216,49.3739706],[-123.0695638,49.3739315],[-123.0693707,49.3738644],[-123.0691606,49.3738185],[-123.0688436,49.3737047],[-123.068738,49.3736393],[-123.068541,49.3735042],[-123.0683518,49.3734635],[-123.0683166,49.373438],[-123.0683088,49.3733862],[-123.0682305,49.3733182],[-123.0681092,49.3732698],[-123.0680166,49.3731942],[-123.067984,49.3731424],[-123.0679174,49.373054],[-123.0677987,49.3729835],[-123.0675574,49.3728655],[-123.0673147,49.3727058]]}},{"type":"Feature","id":"1539921198","properties":{"kind":"path","name":"","osmWayId":"1539921198"},"geometry":{"type":"LineString","coordinates":[[-123.0989394,49.3729191],[-123.0992082,49.3729181],[-123.099535,49.3732528]]}},{"type":"Feature","id":"1541414732","properties":{"kind":"path","name":"","osmWayId":"1541414732"},"geometry":{"type":"LineString","coordinates":[[-123.0782787,49.3672252],[-123.0780632,49.3671964],[-123.0778325,49.367144],[-123.0778379,49.3669029],[-123.0777843,49.3668261],[-123.0777145,49.3667073],[-123.0774409,49.3666898],[-123.0773927,49.366599],[-123.0774195,49.3665396],[-123.0775482,49.3665221],[-123.0775643,49.3664523],[-123.0775643,49.3664173],[-123.0775804,49.366351],[-123.0776823,49.366309],[-123.0778165,49.3662427],[-123.077854,49.3661868],[-123.0778594,49.3660925],[-123.0778916,49.3660156],[-123.0778701,49.3659213],[-123.0778218,49.3658095],[-123.0777896,49.3656732],[-123.0778433,49.365537],[-123.0778862,49.3653728],[-123.0779184,49.3652296],[-123.077972,49.3651003],[-123.0780364,49.365006],[-123.0781222,49.3648418],[-123.078149,49.3647475],[-123.0782188,49.3645798],[-123.0782939,49.3643457],[-123.0783529,49.3641955],[-123.078251,49.3641396],[-123.0782563,49.3640068],[-123.0782241,49.36393],[-123.0782563,49.3638566],[-123.0781598,49.3638252],[-123.0780686,49.3636714],[-123.0779828,49.3635876],[-123.0780042,49.3635457],[-123.0780364,49.3634723],[-123.0781383,49.3633745],[-123.0781812,49.3632487],[-123.0781598,49.3631404],[-123.0781276,49.3630077],[-123.0780962,49.3629544],[-123.0778859,49.3628631],[-123.0776836,49.3628233],[-123.077355,49.3628246],[-123.0772156,49.3627526],[-123.0770708,49.3626932],[-123.0769367,49.3626338],[-123.0769635,49.3624871],[-123.0769528,49.3623229],[-123.0770064,49.3621831],[-123.0771513,49.3620713],[-123.0773229,49.3619386],[-123.0774839,49.3617918],[-123.0775751,49.3616172],[-123.0777145,49.3615717],[-123.0778111,49.3614879],[-123.0778916,49.3613936],[-123.0780579,49.3612957],[-123.0782295,49.3612328],[-123.0783299,49.3611147],[-123.0783636,49.3610058],[-123.0784763,49.3608555],[-123.0785085,49.3608066],[-123.0783583,49.3607297],[-123.0783904,49.3606703],[-123.0784173,49.3606179],[-123.078369,49.3605516],[-123.0783529,49.3604887],[-123.0784495,49.3604363],[-123.0787016,49.3603699],[-123.0786801,49.3602476],[-123.0787123,49.3601637],[-123.0786426,49.3600408],[-123.0785943,49.3599681],[-123.0785836,49.3598074],[-123.0785246,49.3597515],[-123.0784655,49.359755],[-123.078415,49.3596895],[-123.0784455,49.359605],[-123.0783427,49.3594894],[-123.0783579,49.3593738]]}},{"type":"Feature","id":"1543151761","properties":{"kind":"path","name":"Flownado","osmWayId":"1543151761"},"geometry":{"type":"LineString","coordinates":[[-123.0799821,49.3744032],[-123.080071,49.3743421],[-123.0801031,49.3742181],[-123.0801534,49.3741485],[-123.0802525,49.3740982],[-123.0804649,49.3740227],[-123.0805907,49.3739936],[-123.0806966,49.3739691],[-123.0807792,49.3739319],[-123.0807945,49.3739196],[-123.0807962,49.3739085],[-123.0807792,49.3738931],[-123.0807051,49.3738831],[-123.0805168,49.3738418],[-123.080466,49.3738146],[-123.0804556,49.3737933],[-123.0804577,49.373772],[-123.0804744,49.3737557],[-123.0805863,49.3737313],[-123.0807129,49.3737218],[-123.0808206,49.3737471],[-123.080886,49.3737471],[-123.0809263,49.3737249],[-123.0809347,49.3736996],[-123.0809242,49.3736747],[-123.0808902,49.3736412],[-123.0807741,49.373571],[-123.0806175,49.373498],[-123.0805508,49.3734483],[-123.0805353,49.3734313],[-123.0805359,49.3734126],[-123.0805526,49.3733987],[-123.0806056,49.373387],[-123.0806891,49.3733824],[-123.0807225,49.3733684],[-123.0807326,49.3733486],[-123.0807242,49.3733214],[-123.0806996,49.3732778],[-123.0806315,49.3732408],[-123.0805114,49.3731922],[-123.0804733,49.3731595],[-123.0804538,49.3731178],[-123.0804198,49.3729509],[-123.0804206,49.3729187],[-123.0804473,49.3729012],[-123.0804944,49.3728975],[-123.080599,49.372926],[-123.0806315,49.3729208],[-123.0806509,49.3729039],[-123.0806412,49.372868],[-123.080552,49.3727766],[-123.0804595,49.3727137],[-123.0804068,49.3725653],[-123.0802746,49.3724085],[-123.0801148,49.3722807],[-123.079985,49.3721793],[-123.0799639,49.3721507],[-123.079968,49.3721317],[-123.0799907,49.3721127],[-123.0800377,49.3721],[-123.0800556,49.3720826],[-123.0800564,49.3720684],[-123.0800304,49.3720287],[-123.0799428,49.3719743],[-123.0798042,49.3719368],[-123.0797441,49.3719078],[-123.0797214,49.3718867],[-123.0797157,49.371855],[-123.0796947,49.3718302],[-123.0795957,49.3717884],[-123.079483,49.3717779],[-123.0793784,49.3717768],[-123.0793177,49.3717774]]}},{"type":"Feature","id":"1543151762","properties":{"kind":"path","name":"SIMIC","osmWayId":"1543151762"},"geometry":{"type":"LineString","coordinates":[[-123.0790003,49.3711996],[-123.079057,49.3713197],[-123.0791838,49.3714455],[-123.0791955,49.3714791],[-123.0791644,49.3716432]]}},{"type":"Feature","id":"1543932438","properties":{"kind":"stream","name":"","osmWayId":"1543932438"},"geometry":{"type":"LineString","coordinates":[[-123.0629894,49.3682325],[-123.0631305,49.3682359]]}},{"type":"Feature","id":"1543932439","properties":{"kind":"path","name":"Grouse Mountain Highway","osmWayId":"1543932439"},"geometry":{"type":"LineString","coordinates":[[-123.0630585,49.3682975],[-123.0630641,49.368275],[-123.0630878,49.3681495],[-123.0631109,49.3680328],[-123.063118,49.3679491],[-123.063107,49.367758],[-123.0631058,49.3676436],[-123.0630893,49.3675817],[-123.0630598,49.3675353],[-123.0629928,49.3674659],[-123.0628732,49.3673922],[-123.0627801,49.3673243],[-123.062732,49.3672672],[-123.062709,49.3672109],[-123.0627047,49.3671566],[-123.0627149,49.3671081],[-123.0627781,49.3670292],[-123.063026,49.366647],[-123.0630815,49.3664568],[-123.063087,49.366438],[-123.0631898,49.3662654],[-123.0632702,49.3661251],[-123.0633192,49.3660055],[-123.0633561,49.3658799],[-123.063372,49.3657636],[-123.0633742,49.3656874],[-123.0633577,49.3656162],[-123.0633309,49.365577],[-123.063258,49.365483],[-123.0630839,49.3653732],[-123.0629002,49.365254],[-123.0628398,49.3652004],[-123.0627761,49.3651133],[-123.0627378,49.3650266],[-123.0627065,49.3649279],[-123.0626623,49.3648083],[-123.0625641,49.364637],[-123.0624754,49.3645141]]}},{"type":"Feature","id":"1547382494","properties":{"kind":"path","name":"F\u00e4silalpu","osmWayId":"1547382494"},"geometry":{"type":"LineString","coordinates":[[-123.0656115,49.3644961],[-123.065663,49.3644711],[-123.0657678,49.3643508],[-123.0658802,49.3643098],[-123.0660632,49.3642291],[-123.0661908,49.3641894],[-123.0662499,49.3641398],[-123.066328,49.3640045],[-123.0664385,49.3638407],[-123.0665167,49.3637973],[-123.0666024,49.363739],[-123.0666748,49.363729],[-123.0668253,49.3637861],[-123.0669663,49.3638246],[-123.067064,49.3638443]]}},{"type":"Feature","id":"1547382495","properties":{"kind":"path","name":"F\u00e4silalpu","osmWayId":"1547382495"},"geometry":{"type":"LineString","coordinates":[[-123.064785,49.3653279],[-123.0649637,49.3651971],[-123.0651771,49.3650804],[-123.0652724,49.3650084],[-123.0653315,49.3649265],[-123.06536,49.3648285],[-123.0653753,49.3646821],[-123.0654134,49.3645902],[-123.0654706,49.3645394],[-123.0655734,49.3645146],[-123.0656115,49.3644961]]}},{"type":"Feature","id":"1547382499","properties":{"kind":"path","name":"Bill's Trail","osmWayId":"1547382499"},"geometry":{"type":"LineString","coordinates":[[-123.0633309,49.365577],[-123.0632688,49.3656017],[-123.0631981,49.3656425],[-123.0628221,49.3658147],[-123.0627231,49.3658536],[-123.0626512,49.3658625],[-123.0624472,49.3658194],[-123.0622866,49.3657957],[-123.0621366,49.3658266],[-123.06185,49.3659828],[-123.0617871,49.366],[-123.0616521,49.366037],[-123.06147,49.3661248],[-123.0613672,49.3661826]]}},{"type":"Feature","id":"1547382500","properties":{"kind":"path","name":"Bill's Trail","osmWayId":"1547382500"},"geometry":{"type":"LineString","coordinates":[[-123.0613672,49.3661826],[-123.0611611,49.3662986],[-123.0610652,49.3663508],[-123.0610143,49.3664017],[-123.0610106,49.3664746],[-123.0610237,49.3665915],[-123.0610109,49.366728],[-123.0611503,49.3669149],[-123.0611339,49.3670857],[-123.0611667,49.3671391],[-123.0611214,49.3672968],[-123.0610027,49.3674113],[-123.0611749,49.3676035],[-123.0612487,49.3677209],[-123.0612327,49.367776],[-123.0612103,49.3678939],[-123.0611667,49.3680039],[-123.0609383,49.3682439],[-123.0608242,49.3683354],[-123.0606483,49.3684389],[-123.0605055,49.3685032],[-123.0601264,49.3687501],[-123.0596258,49.3689968],[-123.0589788,49.3692905],[-123.0587737,49.3693632],[-123.0585305,49.3694687],[-123.0584033,49.3695124],[-123.0582927,49.3695276],[-123.0582387,49.3695532],[-123.0581953,49.3695977],[-123.0581479,49.3697156],[-123.0580539,49.3698713],[-123.0579415,49.3699602],[-123.0579245,49.370042],[-123.0579076,49.3700775],[-123.0578342,49.3701296],[-123.0576992,49.3701885],[-123.0576354,49.3702269],[-123.0576071,49.3702979],[-123.0575713,49.370569],[-123.057579,49.3706341],[-123.057617,49.3706888],[-123.0578092,49.370764],[-123.0580459,49.3708635],[-123.0581224,49.3709355],[-123.0581661,49.3711063],[-123.0581715,49.371259],[-123.0581242,49.3713886],[-123.0580241,49.3714661],[-123.0579149,49.3715297],[-123.0578511,49.371601],[-123.0578004,49.3716859],[-123.0578051,49.3717389],[-123.0578129,49.3717495]]}},{"type":"Feature","id":"1547382507","properties":{"kind":"path","name":"Flommer","osmWayId":"1547382507"},"geometry":{"type":"LineString","coordinates":[[-123.0597945,49.3717413],[-123.0598381,49.37168],[-123.05994,49.3716102],[-123.0601734,49.3715036],[-123.0603164,49.3714368],[-123.0604357,49.3712092],[-123.0604825,49.3709691],[-123.060593,49.3708378],[-123.060643,49.3707793],[-123.0606469,49.370726],[-123.0605902,49.3706699],[-123.0604422,49.3705064],[-123.0603735,49.3703932],[-123.0603799,49.370322],[-123.0604314,49.3702326],[-123.0605323,49.3701781],[-123.0606718,49.3700998],[-123.060749,49.3699727],[-123.0607991,49.3698107],[-123.0609335,49.3696625],[-123.0610061,49.3695646],[-123.0610727,49.3694908],[-123.0610945,49.3694221],[-123.0612233,49.3691133],[-123.0612039,49.3688437],[-123.061279,49.3686983],[-123.0613784,49.3686442]]}},{"type":"Feature","id":"1547382508","properties":{"kind":"path","name":"Flommer","osmWayId":"1547382508"},"geometry":{"type":"LineString","coordinates":[[-123.0613784,49.3686442],[-123.0614614,49.3685991],[-123.0616888,49.3685013],[-123.0617058,49.3684864],[-123.0618004,49.3684035],[-123.0618648,49.3682931],[-123.0618798,49.3681813],[-123.0617961,49.3680458],[-123.0616867,49.3679256],[-123.0614678,49.3678166],[-123.0613745,49.3678005]]}},{"type":"Feature","id":"1547382509","properties":{"kind":"path","name":"Flommer","osmWayId":"1547382509"},"geometry":{"type":"LineString","coordinates":[[-123.0613745,49.3678005],[-123.0612327,49.367776]]}},{"type":"Feature","id":"1547382512","properties":{"kind":"path","name":"Wally's Trail","osmWayId":"1547382512"},"geometry":{"type":"LineString","coordinates":[[-123.0619654,49.3766587],[-123.0617133,49.3766162],[-123.061599,49.376704],[-123.0611149,49.3766925],[-123.0609953,49.3766654],[-123.0608204,49.3766469],[-123.0606714,49.3766937],[-123.0605399,49.3767698],[-123.0604567,49.3768228],[-123.0602273,49.3769496],[-123.0599966,49.377021],[-123.0598666,49.3771116],[-123.0598445,49.3772145],[-123.0597396,49.3772969],[-123.0596461,49.3773426],[-123.0594401,49.3775172],[-123.059257,49.377646],[-123.0591969,49.3777135],[-123.059195,49.3777826],[-123.05915,49.3779901],[-123.059102,49.3781064],[-123.0589511,49.3783159],[-123.058897,49.378497],[-123.0589047,49.3786875],[-123.0587877,49.3788118],[-123.0587898,49.3788838],[-123.0588767,49.3789806]]}},{"type":"Feature","id":"1547382513","properties":{"kind":"path","name":"Doug's Trail","osmWayId":"1547382513"},"geometry":{"type":"LineString","coordinates":[[-123.0599396,49.3861417],[-123.059951,49.386206],[-123.0600263,49.3865387],[-123.0600816,49.3866177],[-123.0604319,49.3867764],[-123.0605182,49.3868544],[-123.0605448,49.3869357],[-123.0605337,49.387001],[-123.0604913,49.3870827],[-123.0605048,49.3871596],[-123.0605709,49.3871944],[-123.0606809,49.3872236],[-123.0607132,49.3872837],[-123.0606991,49.3873911],[-123.0607482,49.3874644],[-123.0608469,49.3875223],[-123.0610246,49.3875471],[-123.061159,49.387554],[-123.061373,49.387543],[-123.061532,49.3875078]]}},{"type":"Feature","id":"1547382514","properties":{"kind":"path","name":"","osmWayId":"1547382514"},"geometry":{"type":"LineString","coordinates":[[-123.0658427,49.3718813],[-123.0658335,49.371743],[-123.0658328,49.3717195]]}},{"type":"Feature","id":"1547382515","properties":{"kind":"path","name":"","osmWayId":"1547382515"},"geometry":{"type":"LineString","coordinates":[[-123.063122,49.3672795],[-123.0631913,49.3672982],[-123.0632517,49.3673399],[-123.0633182,49.367364],[-123.063455,49.3673752],[-123.0635314,49.3673583],[-123.06363,49.3673038],[-123.0636682,49.3672965],[-123.0637656,49.3673142],[-123.0639356,49.3672877],[-123.0641378,49.3672949],[-123.0642524,49.3672901],[-123.0642783,49.367275],[-123.0643214,49.36725],[-123.0644274,49.3671866],[-123.0644705,49.3671786],[-123.0645063,49.367193],[-123.0645802,49.3672331],[-123.0646012,49.367262],[-123.0646112,49.3672639]]}},{"type":"Feature","id":"1547382516","properties":{"kind":"path","name":"Janet's Granite","osmWayId":"1547382516"},"geometry":{"type":"LineString","coordinates":[[-123.0627801,49.3673243],[-123.0629784,49.3672894],[-123.063122,49.3672795],[-123.0631747,49.3672462],[-123.0632283,49.3671691],[-123.0632678,49.3670698],[-123.0634029,49.3669505],[-123.0634264,49.3669297],[-123.0635481,49.3667804],[-123.0635906,49.3667343],[-123.0636558,49.3667066],[-123.0637831,49.3666845],[-123.0638293,49.3666616],[-123.0638652,49.3666421],[-123.0639268,49.3666076],[-123.0639773,49.3665561],[-123.0640181,49.3663895],[-123.0640714,49.3663089],[-123.0641925,49.3662032],[-123.0642846,49.3661625],[-123.0643208,49.3661613],[-123.0643715,49.3661655],[-123.0644433,49.3661837],[-123.0645269,49.3662228],[-123.0645581,49.3662319],[-123.0645999,49.3662354]]}},{"type":"Feature","id":"1547382517","properties":{"kind":"path","name":"Janet's Granite","osmWayId":"1547382517"},"geometry":{"type":"LineString","coordinates":[[-123.0645999,49.3662354],[-123.0646353,49.3662242],[-123.0646836,49.3661837],[-123.0647941,49.3661285],[-123.0649572,49.3660852],[-123.0651342,49.3660426],[-123.0651642,49.3660216],[-123.0651864,49.3659969]]}},{"type":"Feature","id":"1547382518","properties":{"kind":"path","name":"Old Janet's Granite","osmWayId":"1547382518"},"geometry":{"type":"LineString","coordinates":[[-123.0645945,49.3660106],[-123.064525,49.3660373],[-123.0644513,49.3661074],[-123.0644176,49.3661319],[-123.0643715,49.3661655]]}},{"type":"Feature","id":"1547382519","properties":{"kind":"path","name":"Old Janet's Granite","osmWayId":"1547382519"},"geometry":{"type":"LineString","coordinates":[[-123.0646632,49.3659958],[-123.0646212,49.3660004],[-123.0645945,49.3660106]]}},{"type":"Feature","id":"1547382520","properties":{"kind":"path","name":"Janet's Granite","osmWayId":"1547382520"},"geometry":{"type":"LineString","coordinates":[[-123.0651864,49.3659969],[-123.0652021,49.3659795],[-123.0652498,49.3659303],[-123.0653177,49.365864],[-123.0654366,49.3658345],[-123.0655667,49.3658217],[-123.0656511,49.3658354],[-123.0657113,49.3658898],[-123.0657816,49.3659691]]}},{"type":"Feature","id":"1547382521","properties":{"kind":"path","name":"","osmWayId":"1547382521"},"geometry":{"type":"LineString","coordinates":[[-123.0660816,49.3675902],[-123.0662525,49.3675875],[-123.0664619,49.3676677]]}},{"type":"Feature","id":"1547382522","properties":{"kind":"path","name":"","osmWayId":"1547382522"},"geometry":{"type":"LineString","coordinates":[[-123.0664619,49.3676677],[-123.0664748,49.3676726],[-123.0665813,49.367703],[-123.066773,49.3677121]]}},{"type":"Feature","id":"1547382523","properties":{"kind":"path","name":"","osmWayId":"1547382523"},"geometry":{"type":"LineString","coordinates":[[-123.0658328,49.3717195],[-123.0658085,49.3709335],[-123.0658057,49.3708412],[-123.0658671,49.3706811],[-123.0662293,49.3697367],[-123.0666182,49.3692527],[-123.066744,49.3690961],[-123.0668116,49.3688237],[-123.0668194,49.3687502],[-123.0668208,49.368737],[-123.0668431,49.3685272],[-123.0667951,49.368257],[-123.0667457,49.3681437],[-123.0667276,49.3680963],[-123.0667187,49.3680731],[-123.066716,49.3680025],[-123.0667377,49.3678547],[-123.0667608,49.3677615],[-123.066773,49.3677121],[-123.0667806,49.3676815],[-123.0667805,49.3676689]]}},{"type":"Feature","id":"1547382524","properties":{"kind":"path","name":"","osmWayId":"1547382524"},"geometry":{"type":"LineString","coordinates":[[-123.0667805,49.3676689],[-123.0667793,49.3675472],[-123.0667401,49.3673805],[-123.0667371,49.3673678],[-123.0667378,49.3673348]]}},{"type":"Feature","id":"1547382525","properties":{"kind":"path","name":"","osmWayId":"1547382525"},"geometry":{"type":"LineString","coordinates":[[-123.0734232,49.3715776],[-123.0733673,49.3716814],[-123.0731783,49.3719106],[-123.0730502,49.372084],[-123.0729449,49.3723454]]}},{"type":"Feature","id":"1547382526","properties":{"kind":"path","name":"Dump Trail","osmWayId":"1547382526"},"geometry":{"type":"LineString","coordinates":[[-123.0616521,49.366037],[-123.0615656,49.3659942],[-123.0614509,49.3659687],[-123.0613649,49.3659523]]}},{"type":"Feature","id":"1547382529","properties":{"kind":"path","name":"Banana Slug","osmWayId":"1547382529"},"geometry":{"type":"LineString","coordinates":[[-123.0682786,49.3656682],[-123.0682768,49.3656714],[-123.0681776,49.3657435],[-123.0681044,49.3657975],[-123.0680638,49.3658462],[-123.0680442,49.365896],[-123.0680605,49.3659743],[-123.0680995,49.3660919],[-123.0680751,49.3663513],[-123.0680329,49.3665292],[-123.0679434,49.3666595],[-123.0678816,49.3667421],[-123.0678036,49.3668395],[-123.0676868,49.3670792],[-123.0675579,49.3672507],[-123.067528,49.3673152],[-123.0675149,49.3674405],[-123.0674364,49.3675962],[-123.0674292,49.3676115]]}},{"type":"Feature","id":"1547382530","properties":{"kind":"path","name":"Banana Slug","osmWayId":"1547382530"},"geometry":{"type":"LineString","coordinates":[[-123.0683107,49.3653345],[-123.0683028,49.3654353],[-123.0683158,49.3655401],[-123.0683109,49.3656111],[-123.0682786,49.3656682]]}},{"type":"Feature","id":"1547382531","properties":{"kind":"path","name":"Retirement Plan","osmWayId":"1547382531"},"geometry":{"type":"LineString","coordinates":[[-123.064622,49.3707515],[-123.0646412,49.3707299],[-123.0648088,49.3706256],[-123.0649185,49.3705622],[-123.0650393,49.3705068],[-123.065149,49.3704233],[-123.0652057,49.3703993],[-123.0652796,49.3704097],[-123.0653499,49.3704587],[-123.0654263,49.37049],[-123.065552,49.3705036],[-123.0656333,49.3705341],[-123.0657233,49.3706039],[-123.0657558,49.3706396],[-123.0658671,49.3706811]]}},{"type":"Feature","id":"1547382533","properties":{"kind":"path","name":"","osmWayId":"1547382533"},"geometry":{"type":"LineString","coordinates":[[-123.0670939,49.3638263],[-123.0671618,49.3636599],[-123.0672526,49.363493],[-123.0673425,49.3633091],[-123.067371,49.3631877],[-123.0673659,49.3630699],[-123.0673492,49.3629561],[-123.067327,49.362773],[-123.0673125,49.3626234],[-123.0672182,49.3624217]]}},{"type":"Feature","id":"1547382534","properties":{"kind":"path","name":"F\u00e4silalpu","osmWayId":"1547382534"},"geometry":{"type":"LineString","coordinates":[[-123.067064,49.3638443],[-123.0670848,49.3638485]]}},{"type":"Feature","id":"1547382548","properties":{"kind":"path","name":"","osmWayId":"1547382548"},"geometry":{"type":"LineString","coordinates":[[-123.0629766,49.3693849],[-123.0631418,49.3693737],[-123.0632391,49.3693178],[-123.0632929,49.3692386],[-123.0632865,49.3691794],[-123.0633018,49.3691352],[-123.0633748,49.3691035],[-123.063572,49.3690969],[-123.0638051,49.3690343],[-123.064001,49.3689809],[-123.0641739,49.3689776],[-123.064299,49.3689996],[-123.0643814,49.3690192],[-123.06454,49.3690419],[-123.0645996,49.3690463]]}},{"type":"Feature","id":"1552190486","properties":{"kind":"path","name":"","osmWayId":"1552190486"},"geometry":{"type":"LineString","coordinates":[[-123.0964409,49.3707095],[-123.0963927,49.3707362],[-123.0963445,49.3708034],[-123.0962828,49.370887],[-123.0961806,49.370953]]}},{"type":"Feature","id":"1554668080","properties":{"kind":"path","name":"","osmWayId":"1554668080"},"geometry":{"type":"LineString","coordinates":[[-123.0956935,49.3682897],[-123.095676,49.3683526],[-123.0957066,49.3684215],[-123.0957343,49.3684852],[-123.0958115,49.3685884],[-123.0960875,49.3689327]]}},{"type":"Feature","id":"1554668081","properties":{"kind":"path","name":"","osmWayId":"1554668081"},"geometry":{"type":"LineString","coordinates":[[-123.096659,49.3698221],[-123.0966152,49.3698692],[-123.0965432,49.3699056],[-123.096461,49.3699325],[-123.0963839,49.3699397],[-123.0963097,49.3699147],[-123.0962433,49.3698576]]}},{"type":"Feature","id":"1554668082","properties":{"kind":"path","name":"","osmWayId":"1554668082"},"geometry":{"type":"LineString","coordinates":[[-123.0965432,49.3699056],[-123.0965203,49.3698287],[-123.0964954,49.3697988],[-123.0964402,49.3697474],[-123.0963485,49.369694],[-123.0962515,49.3696223],[-123.0961738,49.3695661],[-123.096109,49.3694972]]}},{"type":"Feature","id":"1554833698","properties":{"kind":"path","name":"BCMC","osmWayId":"1554833698"},"geometry":{"type":"LineString","coordinates":[[-123.09686,49.3700677],[-123.0968577,49.3700952],[-123.0968647,49.3701204],[-123.096894,49.3701654],[-123.0969292,49.3702181],[-123.0969315,49.3702501],[-123.0969233,49.3702929],[-123.0968881,49.3703379],[-123.0968061,49.3703967],[-123.0967275,49.3704616],[-123.0966467,49.3705684],[-123.0965583,49.3706394],[-123.0964409,49.3707095]]}},{"type":"Feature","id":"1554833699","properties":{"kind":"path","name":"Grouse Grind","osmWayId":"1554833699"},"geometry":{"type":"LineString","coordinates":[[-123.08354,49.37846],[-123.08351,49.378545],[-123.0835243,49.3786383],[-123.0835332,49.3786968],[-123.0834734,49.3788122],[-123.083396,49.3788572],[-123.0832968,49.3789671]]}},{"type":"Feature","id":"1554833700","properties":{"kind":"path","name":"","osmWayId":"1554833700"},"geometry":{"type":"LineString","coordinates":[[-123.096659,49.3698221],[-123.0967006,49.3698448],[-123.0967463,49.36987],[-123.0968119,49.3699082],[-123.09686,49.3699486],[-123.0968858,49.3699937],[-123.0968834,49.3700318],[-123.0968725,49.3700486],[-123.09686,49.3700677]]}},{"type":"Feature","id":"1554833701","properties":{"kind":"path","name":"","osmWayId":"1554833701"},"geometry":{"type":"LineString","coordinates":[[-123.0963292,49.3687462],[-123.0962505,49.3687793],[-123.0961637,49.3688235],[-123.0961051,49.368864],[-123.0960911,49.3688945],[-123.0960875,49.3689327]]}},{"type":"Feature","id":"1554846188","properties":{"kind":"stream","name":"Debris Flow Barrier","osmWayId":"1554846188"},"geometry":{"type":"LineString","coordinates":[[-123.0960263,49.3695301],[-123.0958871,49.3695533],[-123.0958837,49.3695446],[-123.0960229,49.3695214],[-123.0960263,49.3695301]]}},{"type":"Feature","id":"1554925709","properties":{"kind":"path","name":"","osmWayId":"1554925709"},"geometry":{"type":"LineString","coordinates":[[-123.0963839,49.3699397],[-123.0962739,49.369977],[-123.0962118,49.3700183],[-123.0961411,49.370028],[-123.0960768,49.3701066],[-123.0960499,49.3701332],[-123.0960041,49.3701687],[-123.0959728,49.3702519],[-123.0958846,49.3703157],[-123.0957564,49.3703699],[-123.0955991,49.3704352]]}},{"type":"Feature","id":"1557509962","properties":{"kind":"path","name":"","osmWayId":"1557509962"},"geometry":{"type":"LineString","coordinates":[[-123.0766741,49.3878258],[-123.0766142,49.3877775],[-123.0765958,49.3877354],[-123.0765703,49.3876659],[-123.0765015,49.3875872],[-123.0763814,49.3875036],[-123.0762481,49.3874506],[-123.0761331,49.3873769],[-123.0760488,49.3873184]]}},{"type":"Feature","id":"1557509963","properties":{"kind":"path","name":"Peak Trail","osmWayId":"1557509963"},"geometry":{"type":"LineString","coordinates":[[-123.0747508,49.3864649],[-123.0749132,49.3865823],[-123.0750335,49.3866323],[-123.0750498,49.3867202],[-123.0750918,49.3867488],[-123.0751685,49.3867194],[-123.0752155,49.3867207],[-123.0752577,49.3867472],[-123.0753052,49.3867438],[-123.0753669,49.3867746],[-123.0753954,49.3867717],[-123.0754889,49.3866995],[-123.0755874,49.3866471],[-123.0756564,49.3866231],[-123.0756876,49.3866343],[-123.0757164,49.3866782],[-123.0757377,49.3867015],[-123.0757772,49.3867177],[-123.0758497,49.3867159],[-123.0758836,49.3866818],[-123.0759026,49.3866288],[-123.0758922,49.3865818],[-123.0758794,49.3865392],[-123.0758407,49.3864936],[-123.0758107,49.3864599],[-123.0758113,49.3864119],[-123.0758304,49.3863585],[-123.0758683,49.3863333],[-123.0758638,49.3862952],[-123.075849,49.3862442],[-123.0758561,49.3861849],[-123.0758722,49.3861449],[-123.0759005,49.3861109],[-123.0759593,49.386054],[-123.0760026,49.3860115],[-123.0760673,49.3859726],[-123.0761357,49.385941],[-123.0762356,49.3859184],[-123.0762732,49.3859454],[-123.076276,49.3859917],[-123.0762952,49.3860321],[-123.0763344,49.3861093],[-123.0763428,49.3861749],[-123.0763217,49.3862383],[-123.0762872,49.3863074]]}},{"type":"Feature","id":"1557509964","properties":{"kind":"path","name":"Peak Trail","osmWayId":"1557509964"},"geometry":{"type":"LineString","coordinates":[[-123.0770474,49.3832835],[-123.077068,49.3833649],[-123.0770983,49.3834179],[-123.0770978,49.3834481],[-123.0770871,49.3834771],[-123.0771062,49.3835098],[-123.077106,49.3835452],[-123.0770748,49.3835766],[-123.0770306,49.3836151],[-123.0770332,49.3836579],[-123.0770536,49.3837084],[-123.077058,49.3837425],[-123.0770437,49.3837786],[-123.0770323,49.3838198],[-123.0770605,49.3838465],[-123.0771052,49.3838696],[-123.0771136,49.3838994],[-123.0771174,49.3839372],[-123.0770936,49.3839753],[-123.0770007,49.3840774],[-123.0769135,49.3842234],[-123.0768662,49.3843639],[-123.0768023,49.3844492],[-123.0766411,49.3846003],[-123.0765122,49.3846751]]}},{"type":"Feature","id":"1557509965","properties":{"kind":"path","name":"","osmWayId":"1557509965"},"geometry":{"type":"LineString","coordinates":[[-123.0826212,49.3798566],[-123.0829227,49.3797623],[-123.0829359,49.3797268],[-123.0829,49.379594],[-123.0829158,49.3794742]]}},{"type":"Feature","id":"1557924730","properties":{"kind":"path","name":"","osmWayId":"1557924730"},"geometry":{"type":"LineString","coordinates":[[-123.0900546,49.372495],[-123.0900921,49.3725978],[-123.0902372,49.3726553],[-123.090437,49.3726938]]}},{"type":"Feature","id":"1557924731","properties":{"kind":"path","name":"","osmWayId":"1557924731"},"geometry":{"type":"LineString","coordinates":[[-123.0916926,49.3719656],[-123.0912501,49.3722111],[-123.0911835,49.3723576],[-123.0910837,49.3724058],[-123.0907383,49.3724878],[-123.09053,49.3725924],[-123.090437,49.3726938]]}},{"type":"Feature","id":"1561481686","properties":{"kind":"path","name":"","osmWayId":"1561481686"},"geometry":{"type":"LineString","coordinates":[[-123.0764694,49.3693943],[-123.0765601,49.3694354],[-123.0766413,49.369467],[-123.0767856,49.3694645],[-123.0769227,49.3694449],[-123.0770643,49.3694607]]}},{"type":"Feature","id":"1561481687","properties":{"kind":"path","name":"","osmWayId":"1561481687"},"geometry":{"type":"LineString","coordinates":[[-123.0962433,49.3698576],[-123.0961107,49.3697554],[-123.0958663,49.369593],[-123.0957131,49.3695008],[-123.0956238,49.369389],[-123.0954866,49.3693269],[-123.0953567,49.3691899],[-123.0952308,49.3691092],[-123.0950831,49.369083],[-123.0949201,49.3690172],[-123.094789,49.368929],[-123.0946248,49.3688063]]}},{"type":"Feature","id":"1562613066","properties":{"kind":"path","name":"Photosynthadrift","osmWayId":"1562613066"},"geometry":{"type":"LineString","coordinates":[[-123.0766405,49.3777583],[-123.0765498,49.3777103],[-123.0764981,49.377666],[-123.0764765,49.377536],[-123.0764837,49.3774062],[-123.0764485,49.3772269],[-123.0764318,49.377194],[-123.0764056,49.3771851],[-123.0763733,49.3771929],[-123.0762694,49.377269],[-123.0762278,49.3772816],[-123.0761961,49.3772786],[-123.0761784,49.377261],[-123.0761773,49.3772136],[-123.0762167,49.3770642],[-123.0762104,49.3770425],[-123.0761696,49.3770354],[-123.0761181,49.3770527],[-123.0759533,49.3771396],[-123.0758627,49.3772345],[-123.0758217,49.3773098],[-123.0757513,49.3773895],[-123.0756209,49.377475],[-123.0754467,49.3775398],[-123.0753787,49.3775501],[-123.0753397,49.3775488],[-123.0752774,49.3775206],[-123.075256,49.3774801],[-123.0752526,49.3773987],[-123.0753118,49.3772731]]}},{"type":"Feature","id":"1562617285","properties":{"kind":"path","name":"Flower Power","osmWayId":"1562617285"},"geometry":{"type":"LineString","coordinates":[[-123.0812981,49.3786457],[-123.0813761,49.3786437],[-123.0814306,49.3786268],[-123.081444,49.3786018],[-123.0814115,49.3785409],[-123.0813445,49.3784059],[-123.0813494,49.3783589],[-123.0813853,49.3783224],[-123.0814131,49.3782989],[-123.0815007,49.378272],[-123.081527,49.378264],[-123.0816849,49.3782308],[-123.0820341,49.3782393],[-123.0821089,49.3782286],[-123.0821377,49.3782091],[-123.0821347,49.3781938],[-123.0820536,49.3781436],[-123.0818777,49.3780943],[-123.0816895,49.3780479],[-123.0816024,49.3780034],[-123.0815257,49.3779664],[-123.0813592,49.3779195],[-123.0812603,49.3778796],[-123.0811808,49.3778283],[-123.0811465,49.3777803],[-123.0811412,49.3777262],[-123.0811518,49.3776846],[-123.0811277,49.3776534],[-123.0810813,49.3776053],[-123.0810665,49.3775714],[-123.0810915,49.3775304],[-123.0811003,49.3774886],[-123.0810509,49.3774068],[-123.0810339,49.3773686],[-123.0810371,49.3773423],[-123.0810615,49.3772906],[-123.0810468,49.3771533],[-123.0809832,49.3769167],[-123.0809335,49.3768894],[-123.0808071,49.3768714]]}},{"type":"Feature","id":"1562617286","properties":{"kind":"path","name":"Rock Paper Scissors","osmWayId":"1562617286"},"geometry":{"type":"LineString","coordinates":[[-123.0814131,49.3782989],[-123.0813939,49.3782647],[-123.0813386,49.378211],[-123.081293,49.3781155],[-123.0812602,49.3780454],[-123.0812588,49.3780152],[-123.0812573,49.3779824],[-123.0812603,49.3778796]]}},{"type":"Feature","id":"1562617287","properties":{"kind":"path","name":"Rock Paper Scissors","osmWayId":"1562617287"},"geometry":{"type":"LineString","coordinates":[[-123.0815007,49.378272],[-123.0814894,49.3782314],[-123.0814978,49.3781778],[-123.0814896,49.3781442],[-123.0814621,49.3781109],[-123.0813361,49.3780714],[-123.0812588,49.3780152]]}}]}
